1,0,0,0,0,0,0,0,0,0,0,0,0,0,0,0,0,0,0,0,0,0,0,0,0,0,0.031,0.025,0.027333333333333334,0.028666666666666667,0.035666666666666666,0.027333333333333334,0.043666666666666666,0.05633333333333333,0.042666666666666665,0.06266666666666666,0.025,0.050666666666666665,0.029333333333333333,0.058333333333333334,0.05633333333333333,0.03933333333333333,0.06,0.04466666666666667,0.04533333333333334,0.04066666666666666,0.043666666666666666,0.038,0.034333333333333334,0.04,0.014
2,0,0,0,0,0,0,0,0,0,0,0,0,0,0,0,0,1,0,0,0,0,0,0,0,0,0.039005976722239696,0.026423403586033345,0.05316137150047184,0.04466813463353256,0.056936143441333756,0.03680402642340359,0.0427807486631016,0.05064485687323057,0.020761245674740483,0.039005976722239696,0.03680402642340359,0.07014784523435043,0.061340044039005975,0.02201950298836112,0.03806228373702422,0.031141868512110725,0.0,0.027996225228059137,0.056621579112928595,0.04026423403586033,0.05756527209814407,0.04246618433469645,0.04718464926077383,0.02201950298836112,0.036174897766593266
1,0,0,0,0,0,0,0,0,0,0,0,2,0,0,0,0,1,0,0,0,0,0,0,0,0,0.019553072625698324,0.03600248292985723,0.037243947858473,0.0335195530726257,0.0521415270018622,0.03755431409062694,0.038175046554934824,0.05493482309124767,0.1005586592178771,0.03662321539416512,0.04717566728739913,0.0,0.09000620732464308,0.03600248292985723,0.040968342644320296,0.04531346989447548,0.0,0.02203600248292986,0.040657976412166355,0.038485412787088766,0.06238361266294227,0.036312849162011177,0.04500310366232154,0.025450031036623216,0.023898199875853506
2,0,0,0,0,0,0,0,0,1,0,0,2,0,0,0,0,1,0,0,0,0,0,0,0,0,0.03370448390009028,0.043033403551008126,0.03882034306349684,0.06108937706891363,0.07192296117965694,0.027986758952753536,0.03611194703581101,0.043033403551008126,0.0,0.03551008125188083,0.04213060487511285,0.0,0.12187782124586218,0.08666867288594643,0.030996087872404453,0.027986758952753536,0.0,0.048450195606379774,0.03490821546795065,0.03490821546795065,0.031898886548299726,0.048149262714414685,0.033102618116160096,0.045741799578693954,0.0219681011134517
1,0,0,0,0,0,0,0,0,1,0,0,2,2,0,0,0,1,0,0,0,0,0,0,0,0,0.026145710928319625,0.03231492361927144,0.03231492361927144,0.03055229142185664,0.052878965922444184,0.04876615746180964,0.02555816686251469,0.04935370152761457,0.0,0.04289071680376028,0.05611045828437133,0.0,0.0,0.1718566392479436,0.038484136310223266,0.04524089306698002,0.0,0.052878965922444184,0.07109283196239718,0.03554641598119859,0.04200940070505288,0.03202115158636898,0.02408930669800235,0.05464159811985899,0.03525264394829612
2,0,0,0,0,0,0,0,0,1,0,0,2,2,1,0,0,1,0,0,0,0,0,0,0,0,0.04799107142857143,0.028180803571428572,0.034877232142857144,0.08035714285714286,0.06891741071428571,0.030691964285714284,0.03125,0.04380580357142857,0.0,0.025669642857142856,0.042689732142857144,0.0,0.0,0.0,0.03627232142857143,0.04799107142857143,0.0,0.16099330357142858,0.09095982142857142,0.027622767857142856,0.05580357142857143,0.029575892857142856,0.05412946428571429,0.024274553571428572,0.03794642857142857
1,0,0,0,0,0,0,0,0,1,0,0,2,2,1,0,0,1,2,0,0,0,0,0,0,0,0.026565995525727068,0.024608501118568233,0.043064876957494405,0.04893736017897092,0.05956375838926174,0.034395973154362415,0.017337807606263984,0.028803131991051455,0.0,0.025727069351230425,0.04893736017897092,0.0,0.0,0.0,0.03970917225950783,0.05620805369127517,0.0,0.0,0.33864653243847875,0.07466442953020135,0.024888143176733782,0.02041387024608501,0.02069351230425056,0.037751677852348994,0.029082774049217
2,0,0,0,0,0,0,0,0,1,0,0,2,2,1,0,0,1,2,1,0,0,0,0,0,0,0.052731591448931116,0.04703087885985748,0.052731591448931116,0.08669833729216152,0.07600950118764846,0.04584323040380048,0.040617577197149646,0.048218527315914486,0.0,0.028028503562945367,0.035866983372921615,0.0,0.0,0.0,0.0503562945368171,0.05154394299287411,0.0,0.0,0.0,0.047743467933491684,0.03657957244655582,0.04323040380047506,0.11425178147268408,0.1,0.04251781472684085
1,0,0,0,0,0,0,0,0,1,0,0,2,2,1,0,0,1,2,1,0,0,0,2,0,0,0.041379310344827586,0.020977011494252875,0.03017241379310345,0.04597701149425287,0.059770114942528735,0.03362068965517241,0.02471264367816092,0.039655172413793106,0.0,0.0339080459770115,0.04971264367816092,0.0,0.0,0.0,0.02327586206896552,0.052586206896551725,0.0,0.0,0.0,0.04827586206896552,0.03017241379310345,0.03074712643678161,0.0,0.378448275862069,0.05660919540229885
2,0,0,0,0,0,0,0,0,1,0,0,2,2,1,0,0,1,2,1,0,0,0,2,1,0,0.05097312326227989,0.041473586654309544,0.06835032437442076,0.133920296570899,0.12812789620018536,0.0597775718257646,0.05676552363299351,0.08480074142724744,0.0,0.0458758109360519,0.061631139944392954,0.0,0.0,0.0,0.03359592215013902,0.049814643188137164,0.0,0.0,0.0,0.049814643188137164,0.042632066728452274,0.042632066728452274,0.0,0.0,0.049814643188137164
1,0,0,0,2,0,0,0,0,1,0,0,2,2,1,0,0,1,2,1,0,0,0,2,1,0,0.03606374056471904,0.03746155996645233,0.05842885099245178,0.0,0.44646351691361474,0.04025719876991893,0.04556891249650545,0.08806262230919765,0.0,0.028235951915012582,0.04137545429130556,0.0,0.0,0.0,0.026279004752585967,0.03885937936818563,0.0,0.0,0.0,0.03885937936818563,0.02851551579535924,0.0212468549063461,0.0,0.0,0.024322057590159353
1,0,0,0,0,0,0,0,0,0,0,0,0,0,0,0,0,0,0,0,0,0,0,0,0,0,0.035,0.03766666666666667,0.03233333333333333,0.049666666666666665,0.037333333333333336,0.039,0.057666666666666665,0.03266666666666666,0.031,0.03766666666666667,0.03766666666666667,0.054,0.059333333333333335,0.034666666666666665,0.045,0.04933333333333333,0.039,0.029,0.046,0.029666666666666668,0.04666666666666667,0.035666666666666666,0.042666666666666665,0.029,0.03233333333333333
2,0,0,0,0,0,0,0,0,0,0,0,0,1,0,0,0,0,0,0,0,0,0,0,0,0,0.018570978910922253,0.034623858986465215,0.047214353163361665,0.05539817437834435,0.0484734025810513,0.025180988353792885,0.03871576959395656,0.05319483789738747,0.06106389675794775,0.03997481901164621,0.0339943342776204,0.027699087189172175,0.0,0.03525338369531004,0.039345294302801384,0.0339943342776204,0.04627006610009443,0.06295247088448222,0.031161473087818695,0.04091910607491344,0.06672961913755115,0.042178155492603085,0.05067673906200818,0.03777148253068933,0.02864337425243941
1,0,0,0,0,0,0,0,0,0,0,0,0,1,0,0,0,0,0,0,0,2,0,0,0,0,0.05076300218000623,0.03550295857988166,0.032077234506384306,0.03799439426969791,0.06290875116786047,0.04142011834319527,0.03799439426969791,0.031142946122703206,0.049205854873871066,0.033322952351292436,0.04297726564933042,0.0330115228900654,0.0,0.03706010588601682,0.031142946122703206,0.02553721582061663,0.03674867642478979,0.10432886951105574,0.05979445655559016,0.03581438804110869,0.0,0.049517284335098104,0.03550295857988166,0.03706010588601682,0.05917159763313609
2,0,0,0,0,0,0,0,0,0,0,0,0,1,0,0,0,0,1,0,0,2,0,0,0,0,0.04229154169166167,0.027594481103779243,0.04769046190761848,0.060587882423515295,0.050689862027594484,0.048290341931613676,0.059988002399520096,0.053089382123575286,0.07318536292741452,0.04769046190761848,0.05188962207558488,0.03479304139172166,0.0,0.02579484103179364,0.04709058188362328,0.03479304139172166,0.02009598080383923,0.0,0.045290941811637675,0.04349130173965207,0.0,0.059988002399520096,0.05608878224355129,0.03539292141571686,0.03419316136772645
1,0,0,0,0,0,0,0,0,2,0,0,0,1,0,0,0,0,1,0,0,2,0,0,0,0,0.04717853839037928,0.043169904409497376,0.043478260869565216,0.034227567067530065,0.05211224175146469,0.0465618254702436,0.04471168670983657,0.14677767499229108,0.0,0.04625346901017576,0.026210299105766267,0.056429232192414434,0.0,0.05211224175146469,0.03916127042861548,0.039469626888683315,0.02127659574468085,0.0,0.05026210299105766,0.03515263644773358,0.0,0.04841196423065063,0.04933703361085415,0.04502004316990441,0.032685784767190876
2,0,0,0,0,0,0,0,1,2,0,0,0,1,0,0,0,0,1,0,0,2,0,0,0,0,0.03827338129496403,0.04057553956834532,0.04143884892086331,0.07683453237410072,0.029928057553956836,0.029928057553956836,0.05064748201438849,0.0,0.0,0.03597122302158273,0.031654676258992806,0.03251798561151079,0.0,0.03827338129496403,0.04920863309352518,0.03251798561151079,0.04057553956834532,0.0,0.0460431654676259,0.04920863309352518,0.0,0.11597122302158273,0.1139568345323741,0.05755395683453238,0.04892086330935252
1,0,0,0,0,0,0,0,1,2,0,0,0,1,0,0,0,0,1,0,0,2,2,0,0,0,0.04027042915931805,0.029982363315696647,0.03497942386831276,0.05085243974132863,0.031746031746031744,0.05496766607877719,0.026455026455026454,0.0,0.0,0.04056437389770723,0.02204585537918871,0.03527336860670194,0.0,0.04497354497354497,0.04056437389770723,0.02263374485596708,0.04409171075837742,0.0,0.04350382128159906,0.03380364491475603,0.0,0.0,0.3212815990593768,0.047031158142269255,0.03497942386831276
2,0,0,0,0,0,0,0,1,2,0,0,0,1,0,0,0,0,1,0,0,2,2,1,0,0,0.03812316715542522,0.05767350928641251,0.10043988269794721,0.13025415444770283,0.04838709677419355,0.051564027370478986,0.06182795698924731,0.0,0.0,0.05865102639296188,0.05865102639296188,0.04716520039100684,0.0,0.051564027370478986,0.04936461388074291,0.0427663734115347,0.04056695992179863,0.0,0.036901270772238516,0.04056695992179863,0.0,0.0,0.0,0.04398826979472141,0.041544477028347994
1,0,0,0,2,0,0,0,1,2,0,0,0,1,0,0,0,0,1,0,0,2,2,1,0,0,0.040486976217440546,0.04360135900339751,0.318233295583239,0.0,0.05407701019252548,0.06568516421291053,0.0622876557191393,0.0,0.0,0.04303510758776897,0.03822197055492639,0.051528878822197054,0.0,0.03765571913929785,0.028878822197055492,0.033408833522083806,0.052378255945639864,0.0,0.03114382785956965,0.039920724801812,0.0,0.0,0.0,0.026896942242355604,0.032559456398640996
1,0,0,0,0,0,0,0,0,0,0,0,0,0,0,0,0,0,0,0,0,0,0,0,0,0,0.030666666666666665,0.04733333333333333,0.030333333333333334,0.031,0.052,0.04833333333333333,0.041,0.043666666666666666,0.04566666666666667,0.032,0.021,0.05633333333333333,0.058,0.03666666666666667,0.023333333333333334,0.047,0.06233333333333333,0.048666666666666664,0.037,0.03333333333333333,0.04133333333333333,0.027333333333333334,0.034666666666666665,0.03833333333333333,0.03266666666666666
2,0,0,0,0,0,0,0,0,0,0,0,0,0,0,0,0,1,0,0,0,0,0,0,0,0,0.02322661644695543,0.035781544256120526,0.027306967984934087,0.04833647206528562,0.06654111738857502,0.03923414940364093,0.03044569993722536,0.060577526679221595,0.0549278091650973,0.01977401129943503,0.03327055869428751,0.05053358443188952,0.04362837413684871,0.053044569993722535,0.03044569993722536,0.03327055869428751,0.0,0.054300062774639044,0.03044569993722536,0.045825486503452605,0.05743879472693032,0.04362837413684871,0.035781544256120526,0.04080351537978657,0.04143126177024482
1,0,0,0,0,2,0,0,0,0,0,0,0,0,0,0,0,1,0,0,0,0,0,0,0,0,0.030520087200249145,0.02678293366552476,0.04671441918405481,0.1077545935845531,0.0,0.046091560261600745,0.05948302709436313,0.04671441918405481,0.04640298972282778,0.020242914979757085,0.049205854873871066,0.08284023668639054,0.02865151043288695,0.02834008097165992,0.03145437558393024,0.046091560261600745,0.0,0.03020865773902211,0.04017440049828714,0.04391155403301152,0.03706010588601682,0.05543444409841171,0.0339458112737465,0.023668639053254437,0.03830582373092495
2,0,0,0,1,2,0,0,0,0,0,0,0,0,0,0,0,1,0,0,0,0,0,0,0,0,0.03228699551569507,0.03497757847533632,0.037070254110612856,0.0,0.0,0.042152466367713005,0.0687593423019432,0.0687593423019432,0.08609865470852018,0.02062780269058296,0.046038863976083706,0.07742899850523169,0.04275037369207773,0.043348281016442454,0.05351270553064275,0.03856502242152467,0.0,0.029895366218236172,0.029895366218236172,0.034080717488789235,0.04095665171898356,0.05530642750373692,0.04544095665171898,0.039162929745889384,0.03288490284005979
1,0,0,0,1,2,0,0,0,2,0,0,0,0,0,0,0,1,0,0,0,0,0,0,0,0,0.03163979312442957,0.057803468208092484,0.02372984484332218,0.0,0.0,0.04533008822634621,0.053544265287496194,0.12686340127776088,0.0,0.028901734104046242,0.06358381502890173,0.1402494675996349,0.057803468208092484,0.03650745360511105,0.024642531183449955,0.038028597505324,0.0,0.024946759963492545,0.039853970185579554,0.01673258290234256,0.045938545786431396,0.05871615454822026,0.0383328262853666,0.024642531183449955,0.022208700943109217
2,0,0,0,1,2,0,0,0,2,0,0,1,0,0,0,0,1,0,0,0,0,0,0,0,0,0.019364161849710983,0.05578034682080925,0.029190751445086704,0.0,0.0,0.03786127167630058,0.10115606936416185,0.21242774566473988,0.0,0.03236994219653179,0.04508670520231214,0.0,0.03497109826589596,0.03901734104046243,0.020809248554913295,0.029190751445086704,0.0,0.046242774566473986,0.031791907514450865,0.020809248554913295,0.07601156069364162,0.05115606936416185,0.04132947976878613,0.043641618497109826,0.031791907514450865
1,0,0,0,1,2,0,0,2,2,0,0,1,0,0,0,0,1,0,0,0,0,0,0,0,0,0.02544188537761114,0.03481521156936261,0.0404392072844135,0.0,0.0,0.055436529191215854,0.39448312801285484,0.0,0.0,0.03026245313336904,0.04124263524370648,0.0,0.01981788966256026,0.031065881092662024,0.027048741296197106,0.027584359935725764,0.0,0.037493304767005894,0.03053026245313337,0.033743974290305304,0.029726834493840386,0.03481521156936261,0.034547402249598284,0.0433851098018211,0.028119978575254417
2,0,0,0,1,2,0,1,2,2,0,0,1,0,0,0,0,1,0,0,0,0,0,0,0,0,0.03398926654740608,0.1520572450805009,0.08161896243291591,0.0,0.0,0.054785330948121644,0.0,0.0,0.0,0.03868515205724508,0.04092128801431127,0.0,0.03398926654740608,0.02728085867620751,0.03152951699463327,0.03331842576028623,0.0,0.06864937388193203,0.03287119856887299,0.028622540250447227,0.09458855098389982,0.10263864042933811,0.05254919499105545,0.05031305903398927,0.04159212880143113
1,0,2,0,1,2,0,1,2,2,0,0,1,0,0,0,0,1,0,0,0,0,0,0,0,0,0.035607502038597444,0.0,0.5947268279423756,0.0,0.0,0.045936395759717315,0.0,0.0,0.0,0.017939657515629245,0.018755096493612396,0.0,0.019570535471595544,0.02419135634683338,0.009241641750475673,0.021473226420222886,0.0,0.025006795324816526,0.02092960043490079,0.027996738244088066,0.04403370481108997,0.02989942919271541,0.0176678445229682,0.025006795324816526,0.022016852405544986
2,0,2,1,1,2,0,1,2,2,0,0,1,0,0,0,0,1,0,0,0,0,0,0,0,0,0.04337767495662233,0.0,0.0,0.0,0.0,0.037786774628879895,0.0,0.0,0.0,0.04144977829188355,0.05668016194331984,0.0,0.05224599961442067,0.04337767495662233,0.039714671293618664,0.04241372662425294,0.0,0.08251397725081935,0.0746096009253904,0.04337767495662233,0.1474840948525159,0.13379602853287065,0.054945054945054944,0.04877578561789088,0.057451320609215345
1,0,2,1,1,2,0,1,2,2,0,0,1,0,0,0,0,1,0,0,0,2,0,0,0,0,0.03453772582359192,0.0,0.0,0.0,0.0,0.025504782146652496,0.0,0.0,0.0,0.023910733262486716,0.024176408076514347,0.0,0.04808714133900106,0.03055260361317747,0.04197662061636557,0.032678002125398516,0.0,0.07678002125398513,0.052869287991498405,0.03453772582359192,0.0,0.4582890541976621,0.04250797024442083,0.04091392136025505,0.032678002125398516
1,0,0,0,0,0,0,0,0,0,0,0,0,0,0,0,0,0,0,0,0,0,0,0,0,0,0.019,0.04066666666666666,0.030666666666666665,0.033666666666666664,0.057666666666666665,0.030333333333333334,0.033666666666666664,0.05433333333333333,0.066,0.035,0.037333333333333336,0.036333333333333336,0.043,0.03233333333333333,0.027666666666666666,0.043333333333333335,0.04833333333333333,0.04733333333333333,0.04133333333333333,0.05633333333333333,0.034666666666666665,0.043333333333333335,0.043,0.04,0.024666666666666667
2,0,0,0,0,0,0,0,0,1,0,0,0,0,0,0,0,0,0,0,0,0,0,0,0,0,0.03597122302158273,0.04066312167657179,0.014075695964967157,0.033156083828589304,0.027838598686268378,0.04441664060056303,0.03722239599624648,0.03065373787926181,0.0,0.04441664060056303,0.03065373787926181,0.036596809508914606,0.08038786362214576,0.05411323115420707,0.03753518923991242,0.04441664060056303,0.05004691898654989,0.07006568658116985,0.04222708789490147,0.02846418517360025,0.06318423522051923,0.055364404128870816,0.04066312167657179,0.03127932436659368,0.02658742571160463
1,0,0,0,0,0,0,0,0,1,0,0,0,2,0,0,0,0,0,0,0,0,0,0,0,0,0.030098280098280097,0.049754299754299756,0.03900491400491401,0.052518427518427516,0.05466830466830467,0.030098280098280097,0.03194103194103194,0.0386977886977887,0.0,0.05006142506142506,0.03531941031941032,0.05773955773955774,0.0,0.09398034398034398,0.033476658476658476,0.041461916461916465,0.033476658476658476,0.049754299754299756,0.04637592137592138,0.027334152334152335,0.04207616707616708,0.04391891891891892,0.04606879606879607,0.036547911547911545,0.03562653562653563
2,0,0,0,0,0,0,0,0,1,0,0,0,2,1,0,0,0,0,0,0,0,0,0,0,0,0.030559757942511347,0.03177004538577912,0.05264750378214826,0.053555219364599095,0.050226928895612706,0.04024205748865355,0.03388804841149773,0.04236006051437216,0.0,0.022390317700453858,0.04629349470499244,0.0481089258698941,0.0,0.0,0.041452344931921334,0.038124054462934945,0.0481089258698941,0.09894099848714069,0.08562783661119516,0.04024205748865355,0.038124054462934945,0.03177004538577912,0.029652042360060513,0.05718608169440242,0.03872919818456883
1,0,0,0,0,0,0,0,0,1,0,0,0,2,1,0,0,0,2,0,0,0,0,0,0,0,0.03818400481058328,0.024052916416115455,0.047805171377029464,0.030667468430547205,0.0417919422730006,0.04269392663860493,0.03487672880336741,0.04840649428743235,0.0,0.035478051713770296,0.0396873120865905,0.04960914010823812,0.0,0.0,0.039386650631389054,0.0487071557426338,0.03517739025856885,0.0,0.18340348767288034,0.07095610342754059,0.05171377029464823,0.03607937462417318,0.03126879134095009,0.043896572459410706,0.026157546602525557
2,0,0,0,0,0,0,0,0,1,0,0,0,2,1,0,0,0,2,1,0,0,0,0,0,0,0.0399002493765586,0.05126073704627321,0.04516486561374342,0.07010252147409254,0.05569409808811305,0.04377944028816847,0.041285674702133554,0.057079523413688,0.0,0.023829315599889166,0.03906899418121363,0.06151288445552785,0.0,0.0,0.02826267664172901,0.0399002493765586,0.039623164311443616,0.0,0.0,0.038237738985868665,0.042116929897478526,0.03408146300914381,0.10695483513438625,0.09697977279024661,0.04516486561374342
1,0,0,0,0,0,0,0,0,1,0,0,0,2,1,0,0,0,2,1,0,0,0,2,0,0,0.02983751846381093,0.033382570162481535,0.035155096011816836,0.05051698670605613,0.04372230428360414,0.03899556868537666,0.03604135893648449,0.030428360413589366,0.0,0.027474150664697192,0.047858197932053176,0.047858197932053176,0.0,0.0,0.03692762186115214,0.05583456425406204,0.04756277695716396,0.0,0.0,0.04460856720827179,0.05051698670605613,0.027178729689807977,0.0,0.2555391432791728,0.060561299852289516
2,0,0,0,0,0,0,0,0,1,0,0,0,2,1,0,0,0,2,1,0,0,0,2,1,0,0.04606625258799172,0.04736024844720497,0.05952380952380952,0.1265527950310559,0.12577639751552794,0.04943064182194617,0.05046583850931677,0.07220496894409938,0.0,0.039596273291925464,0.04736024844720497,0.04296066252587992,0.0,0.0,0.040631469979296064,0.04606625258799172,0.04192546583850932,0.0,0.0,0.039596273291925464,0.04736024844720497,0.030020703933747412,0.0,0.0,0.04710144927536232
1,0,0,0,2,0,0,0,0,1,0,0,0,2,1,0,0,0,2,1,0,0,0,2,1,0,0.03784403669724771,0.04357798165137615,0.04931192660550459,0.0,0.33715596330275227,0.0547591743119266,0.047305045871559634,0.07368119266055045,0.0,0.03841743119266055,0.03669724770642202,0.04415137614678899,0.0,0.0,0.028956422018348624,0.040711009174311925,0.03182339449541284,0.0,0.0,0.026376146788990827,0.0430045871559633,0.04357798165137615,0.0,0.0,0.02264908256880734
1,0,0,0,0,0,0,0,0,0,0,0,0,0,0,0,0,0,0,0,0,0,0,0,0,0,0.04833333333333333,0.029,0.03866666666666667,0.03266666666666666,0.046,0.03833333333333333,0.037333333333333336,0.037333333333333336,0.052333333333333336,0.037333333333333336,0.03933333333333333,0.050666666666666665,0.05366666666666667,0.037333333333333336,0.03666666666666667,0.042666666666666665,0.033,0.044333333333333336,0.04933333333333333,0.025,0.037333333333333336,0.035333333333333335,0.023333333333333334,0.05366666666666667,0.041
2,0,0,0,0,0,0,0,0,0,0,0,0,1,0,0,0,0,0,0,0,0,0,0,0,0,0.019936708860759492,0.03955696202531646,0.03069620253164557,0.04240506329113924,0.04240506329113924,0.02278481012658228,0.04113924050632911,0.06139240506329114,0.05727848101265823,0.02721518987341772,0.05348101265822785,0.060126582278481014,0.0,0.035443037974683546,0.027531645569620254,0.050949367088607596,0.03829113924050633,0.06329113924050633,0.037658227848101265,0.037658227848101265,0.044620253164556964,0.048734177215189876,0.061708860759493674,0.028164556962025317,0.027531645569620254
1,0,0,0,0,0,0,0,0,0,0,0,0,1,0,0,0,0,2,0,0,0,0,0,0,0,0.03469834323226008,0.02500781494216943,0.024070021881838075,0.04251328540168803,0.0490778368240075,0.030321975617380433,0.045326664582682086,0.061894341981869334,0.05970615817442951,0.04251328540168803,0.03219756173804314,0.045326664582682086,0.0,0.061581744295092215,0.04970303219756174,0.03782432010003126,0.09127852453891841,0.0,0.02438261956861519,0.03469834323226008,0.06783369803063458,0.0525164113785558,0.028133791809940606,0.038136917786808375,0.021256642700844014
2,0,0,0,0,0,0,0,0,0,0,0,0,1,0,0,0,1,2,0,0,0,0,0,0,0,0.023701002734731084,0.03555150410209663,0.05195989061075661,0.05195989061075661,0.05621391674263142,0.0322090549984807,0.044667274384685506,0.06259495594044363,0.0601640838650866,0.04223640230932847,0.04405955636584625,0.032816773017319965,0.0,0.03494378608325737,0.02917046490428441,0.031601336979641445,0.0,0.0,0.044971133394105134,0.03980553023397144,0.10513521725919174,0.07505317532664843,0.0322090549984807,0.03676694013977515,0.0322090549984807
1,0,0,0,0,0,0,0,0,0,0,0,0,1,0,0,0,1,2,0,0,2,0,0,0,0,0.027503736920777278,0.03587443946188341,0.042152466367713005,0.040657698056801195,0.04185351270553064,0.023318385650224215,0.023318385650224215,0.051121076233183856,0.04304932735426009,0.040657698056801195,0.02899850523168909,0.021524663677130046,0.0,0.04544095665171898,0.026606875934230195,0.03647234678624813,0.0,0.0,0.052316890881913304,0.02571001494768311,0.0,0.30852017937219733,0.022122571001494767,0.034080717488789235,0.028699551569506727
2,0,0,0,0,0,0,0,0,0,0,0,0,1,0,0,0,1,2,0,0,2,1,0,0,0,0.04440585462664351,0.05011163483006698,0.04812701562887621,0.0806251550483751,0.06499627883899776,0.026048127015628877,0.058050111634830065,0.11634830066980897,0.07988092284792855,0.03349044902009427,0.05160009923096006,0.03745968742247581,0.0,0.031009675018605805,0.03349044902009427,0.057305879434383526,0.0,0.0,0.03745968742247581,0.045150086827090055,0.0,0.0,0.03349044902009427,0.03497891342098735,0.03597122302158273
1,0,0,0,0,0,0,0,2,0,0,0,0,1,0,0,0,1,2,0,0,2,1,0,0,0,0.036620530565167245,0.04123414071510957,0.04238754325259515,0.05103806228373702,0.08016147635524798,0.055074971164936565,0.07064590542099193,0.0,0.17848904267589388,0.0392156862745098,0.07497116493656286,0.06747404844290658,0.0,0.04209919261822376,0.03460207612456748,0.02883506343713956,0.0,0.0,0.04671280276816609,0.023933102652825836,0.0,0.0,0.023933102652825836,0.03546712802768166,0.02710495963091119
2,0,0,0,0,0,0,0,2,1,0,0,0,1,0,0,0,1,2,0,0,2,1,0,0,0,0.03620784964068546,0.04145936981757877,0.04145936981757877,0.13764510779436154,0.1238253178551686,0.05831951354339414,0.04145936981757877,0.0,0.0,0.04560530679933665,0.05472636815920398,0.06578220011055833,0.0,0.0406301824212272,0.04560530679933665,0.05638474295190713,0.0,0.0,0.04560530679933665,0.039524599226091764,0.0,0.0,0.03731343283582089,0.0406301824212272,0.047816473189607515
1,0,0,0,2,0,0,0,2,1,0,0,0,1,0,0,0,1,2,0,0,2,1,0,0,0,0.03174149270803546,0.03631684300829282,0.016013726050900772,0.0,0.5290248784672577,0.05061481269659708,0.048899056334000573,0.0,0.0,0.02030311695739205,0.037460680583357164,0.04375178724621104,0.0,0.017729482413497283,0.02688018301401201,0.03374320846439806,0.0,0.0,0.015155847869602517,0.015727766657134688,0.0,0.0,0.029167858164140692,0.021446954532456392,0.026022304832713755
1,0,0,0,0,0,0,0,0,0,0,0,0,0,0,0,0,0,0,0,0,0,0,0,0,0,0.036,0.019666666666666666,0.03233333333333333,0.058,0.050666666666666665,0.027666666666666666,0.04,0.05633333333333333,0.07266666666666667,0.03833333333333333,0.042333333333333334,0.034666666666666665,0.05633333333333333,0.050666666666666665,0.04466666666666667,0.031,0.02266666666666667,0.050666666666666665,0.03233333333333333,0.035,0.03233333333333333,0.03966666666666667,0.034666666666666665,0.036,0.025333333333333333
2,0,0,0,0,0,0,0,0,1,0,0,0,0,0,0,0,0,0,0,0,0,0,0,0,0,0.023002797637550514,0.03854522847373329,0.03792353124028598,0.041342866024246194,0.049735778675784895,0.0419645632576935,0.02673298103823438,0.03512589368977308,0.0,0.04072116879079888,0.015853279452906436,0.027976375505129002,0.04414050357475909,0.05937208579421822,0.03792353124028598,0.030463164438918246,0.05253341622629779,0.07304942493005906,0.06310226919490208,0.03854522847373329,0.07211687907988809,0.04693814112527199,0.04693814112527199,0.03232825613926018,0.023624494870997825
1,0,0,0,0,0,0,0,0,1,0,0,0,0,0,0,0,0,2,0,0,0,0,0,0,0,0.02844774273345702,0.01886209029066172,0.031230674087816945,0.06277056277056277,0.06771799628942486,0.035559678416821276,0.042053184910327765,0.036487322201607914,0.0,0.0367965367965368,0.03865182436611008,0.030921459492888066,0.04329004329004329,0.0655534941249227,0.032158317872603585,0.05473098330241188,0.08379715522572666,0.0,0.04700061842918986,0.05287569573283859,0.04638218923933209,0.04390847247990105,0.04483611626468769,0.032158317872603585,0.023809523809523808
2,0,0,0,0,0,0,0,0,1,0,0,0,0,0,0,0,1,2,0,0,0,0,0,0,0,0.04220183486238532,0.035168195718654434,0.04220183486238532,0.049235474006116206,0.07003058103975535,0.03577981651376147,0.03394495412844037,0.04617737003058104,0.0,0.0327217125382263,0.043119266055045874,0.03944954128440367,0.06207951070336391,0.04801223241590214,0.02691131498470948,0.04862385321100918,0.0,0.0,0.049235474006116206,0.03211009174311927,0.08409785932721713,0.0746177370030581,0.03394495412844037,0.0327217125382263,0.03761467889908257
1,0,0,0,0,0,0,0,0,1,0,0,0,0,0,0,0,1,2,0,0,2,0,0,0,0,0.02626756261453879,0.01740989615149664,0.02626756261453879,0.04092852779474649,0.040012217470983505,0.03665241295051924,0.031154551007941355,0.03207086133170434,0.0,0.056200366524129505,0.029321930360415395,0.05222968845448992,0.03879047037263286,0.06139279169211973,0.04276114844227245,0.02626756261453879,0.0,0.0,0.0693341478313989,0.036346976175931585,0.0,0.2495418448381185,0.029321930360415395,0.019853390348197924,0.037874160048869884
2,0,0,0,0,0,0,0,0,1,0,0,0,0,0,0,0,1,2,0,0,2,1,0,0,0,0.04219077568134172,0.05319706498951782,0.03249475890985325,0.053983228511530396,0.0699685534591195,0.03170859538784067,0.06315513626834382,0.060534591194968554,0.0,0.03170859538784067,0.0490041928721174,0.07547169811320754,0.11687631027253668,0.04690775681341719,0.04350104821802935,0.04769392033542977,0.0,0.0,0.034067085953878404,0.04061844863731656,0.0,0.0,0.03249475890985325,0.03170859538784067,0.042714884696016774
1,0,0,0,0,0,0,0,0,1,0,0,0,2,0,0,0,1,2,0,0,2,1,0,0,0,0.029317851959361395,0.03802612481857765,0.04267053701015965,0.04992743105950653,0.04412191582002903,0.0467343976777939,0.05079825834542816,0.059216255442670535,0.0,0.03541364296081277,0.06792452830188679,0.1590711175616836,0.0,0.03251088534107402,0.05805515239477504,0.03309143686502177,0.0,0.0,0.09927431059506531,0.031059506531204643,0.0,0.0,0.05544267053701016,0.04731494920174165,0.020029027576197386
2,0,0,0,0,0,0,0,0,1,0,0,1,2,0,0,0,1,2,0,0,2,1,0,0,0,0.03242176487172258,0.051310967014378345,0.049619396673245,0.046800112771356074,0.06512545813363406,0.06033267550042289,0.12010149422046801,0.1412461234846349,0.0,0.03608683394417818,0.0459543276007894,0.0,0.0,0.0389061178460671,0.05723146320834508,0.03806033267550042,0.0,0.0,0.07160981110797858,0.03044826614040034,0.0,0.0,0.04257118691852269,0.039751903016633776,0.03242176487172258
1,0,0,0,0,0,0,0,2,1,0,0,1,2,0,0,0,1,2,0,0,2,1,0,0,0,0.048857142857142856,0.05457142857142857,0.036,0.044,0.03857142857142857,0.08114285714285714,0.27685714285714286,0.0,0.0,0.028,0.05228571428571428,0.0,0.0,0.048285714285714286,0.045714285714285714,0.046857142857142854,0.0,0.0,0.04371428571428571,0.031714285714285716,0.0,0.0,0.026857142857142857,0.04657142857142857,0.05
2,0,0,0,0,0,0,1,2,1,0,0,1,2,0,0,0,1,2,0,0,2,1,0,0,0,0.061743951612903226,0.1580141129032258,0.15952620967741934,0.04309475806451613,0.04536290322580645,0.04889112903225806,0.0,0.0,0.0,0.047631048387096774,0.038306451612903226,0.0,0.0,0.060735887096774195,0.04889112903225806,0.05216733870967742,0.0,0.0,0.056451612903225805,0.04889112903225806,0.0,0.0,0.039566532258064516,0.04536290322580645,0.04536290322580645
1,0,2,0,0,0,0,1,2,1,0,0,1,2,0,0,0,1,2,0,0,2,1,0,0,0,0.06012134583563155,0.0,0.3929950358521787,0.04715940430226145,0.04743519029233315,0.07391064533921676,0.0,0.0,0.0,0.02730281301709873,0.031715388858246,0.0,0.0,0.05515719801434087,0.04302261445118588,0.03254274682846112,0.0,0.0,0.054329840044125756,0.02702702702702703,0.0,0.0,0.04081632653061224,0.0383342526199669,0.028130170987313845
1,0,0,0,0,0,0,0,0,0,0,0,0,0,0,0,0,0,0,0,0,0,0,0,0,0,0.033,0.049666666666666665,0.018333333333333333,0.03166666666666667,0.056,0.029333333333333333,0.044,0.042,0.079,0.03966666666666667,0.035333333333333335,0.06333333333333334,0.039,0.05366666666666667,0.019333333333333334,0.028333333333333332,0.050666666666666665,0.059,0.03666666666666667,0.032,0.030666666666666665,0.026333333333333334,0.03833333333333333,0.034,0.030666666666666665
2,0,0,0,0,0,0,0,0,1,0,0,0,0,0,0,0,0,0,0,0,0,0,0,0,0,0.02626699629171817,0.030902348578491966,0.03893695920889988,0.04295426452410383,0.02904820766378245,0.03553770086526576,0.032756489493201486,0.04357231149567367,0.0,0.03491965389369592,0.02781211372064277,0.02843016069221261,0.06520395550061804,0.09363411619283066,0.040173053152039555,0.04233621755253399,0.044190358467243514,0.05067985166872682,0.0645859085290482,0.02781211372064277,0.06736711990111248,0.04171817058096415,0.03337453646477132,0.032138442521631644,0.025648949320148332
1,0,0,0,0,0,0,0,0,1,0,0,0,0,2,0,0,0,0,0,0,0,0,0,0,0,0.02392489400363416,0.043912780133252574,0.02695336159903089,0.04058146577831617,0.05511811023622047,0.04512416717141127,0.06117504542701393,0.04996971532404603,0.0,0.03028467595396729,0.034524530587522716,0.043912780133252574,0.08086008479709267,0.0,0.03119321623258631,0.05723803755299818,0.04966686856450636,0.047244094488188976,0.029376135675348275,0.029376135675348275,0.06904906117504543,0.043609933373712904,0.04088431253785584,0.030587522713506964,0.03543307086614173
2,0,0,0,0,0,0,0,0,1,0,0,0,1,2,0,0,0,0,0,0,0,0,0,0,0,0.02020820575627679,0.025413349663196572,0.02878138395590937,0.04837721984078383,0.055419473361910596,0.033374157991426824,0.04011022657685242,0.043478260869565216,0.0,0.025413349663196572,0.04317207593386405,0.037048377219840785,0.0,0.0,0.028169014084507043,0.06001224739742805,0.06950398040416411,0.12033067973055726,0.03582363747703613,0.033374157991426824,0.09797917942437231,0.050826699326393145,0.04011022657685242,0.024800979791794242,0.03827311696264544
1,0,0,0,0,0,0,0,0,1,0,0,0,1,2,0,0,0,2,0,0,0,0,0,0,0,0.02358490566037736,0.036556603773584904,0.027122641509433963,0.038325471698113206,0.05188679245283019,0.025058962264150945,0.02446933962264151,0.03596698113207547,0.0,0.0451061320754717,0.03419811320754717,0.05365566037735849,0.0,0.0,0.06456367924528301,0.04215801886792453,0.17570754716981132,0.0,0.028007075471698114,0.03891509433962264,0.09787735849056604,0.0433372641509434,0.03331367924528302,0.041568396226415096,0.038620283018867926
2,0,0,0,0,0,0,0,0,1,0,0,0,1,2,0,0,1,2,0,0,0,0,0,0,0,0.022809457579972183,0.03643949930458971,0.03282336578581363,0.078442280945758,0.04645340751043116,0.03421418636995827,0.04700973574408901,0.03226703755215577,0.0,0.04172461752433936,0.04422809457579972,0.03226703755215577,0.0,0.0,0.04700973574408901,0.04756606397774687,0.0,0.0,0.030876216968011128,0.04228094575799722,0.15271210013908207,0.12461752433936023,0.03643949930458971,0.03838664812239221,0.031432545201668986
1,0,0,0,0,0,0,0,0,1,0,0,0,1,2,0,0,1,2,0,0,2,0,0,0,0,0.012965050732807215,0.018038331454340473,0.03128523111612176,0.02142051860202931,0.03015783540022548,0.021138669673055242,0.021138669673055242,0.02254791431792559,0.0,0.02254791431792559,0.015783540022547914,0.016910935738444193,0.0,0.0,0.032976324689966176,0.011273957158962795,0.0,0.0,0.02874859075535513,0.020011273957158963,0.0,0.6169673055242391,0.015783540022547914,0.021138669673055242,0.019165727170236752
2,0,0,0,0,0,0,0,0,1,0,0,0,1,2,0,0,1,2,0,0,2,1,0,0,0,0.046838858905165766,0.050501156515034694,0.058596761757902856,0.11391673091750193,0.11237471087124133,0.048766383962991516,0.06283731688511951,0.0558982266769468,0.0,0.042212798766383966,0.05686198920585968,0.0558982266769468,0.0,0.0,0.04317656129529684,0.044911333847340015,0.0,0.0,0.03912875867386276,0.047802621434078645,0.0,0.0,0.042212798766383966,0.034117193523515804,0.04394757131842714
1,0,0,0,2,0,0,0,0,1,0,0,0,1,2,0,0,1,2,0,0,2,1,0,0,0,0.02841225626740947,0.049860724233983286,0.09749303621169916,0.0,0.26740947075208915,0.057103064066852366,0.05626740947075209,0.0713091922005571,0.0,0.03955431754874652,0.04512534818941504,0.05459610027855153,0.0,0.0,0.033426183844011144,0.032590529247910865,0.0,0.0,0.0415041782729805,0.028690807799442896,0.0,0.0,0.04178272980501393,0.028969359331476322,0.025905292479108635
1,0,0,0,0,0,0,0,0,0,0,0,0,0,0,0,0,0,0,0,0,0,0,0,0,0,0.027,0.034,0.04733333333333333,0.056,0.038,0.03166666666666667,0.051333333333333335,0.053,0.05433333333333333,0.036333333333333336,0.03866666666666667,0.029,0.051,0.029333333333333333,0.038,0.024333333333333332,0.05366666666666667,0.049666666666666665,0.033,0.03133333333333333,0.058333333333333334,0.03233333333333333,0.028,0.035,0.03933333333333333
2,0,0,0,0,0,0,0,0,0,0,0,0,0,0,0,0,0,0,0,0,1,0,0,0,0,0.0258349086326402,0.026465028355387523,0.041272841839949594,0.04221802142407057,0.05923125393824827,0.05639571518588532,0.04725897920604915,0.05860113421550094,0.06553245116572148,0.028985507246376812,0.038752362948960305,0.04221802142407057,0.05419029615626969,0.03780718336483932,0.04158790170132325,0.06553245116572148,0.04662885948330183,0.05040957781978576,0.03938248267170762,0.01890359168241966,0.0,0.01890359168241966,0.02835538752362949,0.035916824196597356,0.029615626969124134
1,0,0,0,0,0,0,0,0,2,0,0,0,0,0,0,0,0,0,0,0,1,0,0,0,0,0.04053632678515747,0.04926722793888369,0.03617087620829436,0.031805425631431246,0.05207358902400998,0.04583723105706267,0.06579357655129404,0.07140629872154662,0.0,0.027751792952915497,0.04490177736202058,0.039912690988462736,0.0617399438727783,0.034923604614904895,0.037106329903336455,0.07296538821328344,0.054879950109136266,0.031805425631431246,0.027751792952915497,0.048331774243841594,0.0,0.024945431867789213,0.03554724041159962,0.027751792952915497,0.03679451200498909
2,0,0,0,0,0,0,0,0,2,0,0,0,0,0,0,1,0,0,0,0,1,0,0,0,0,0.031549644293226105,0.060006186204763376,0.04392205381998144,0.03742653881843489,0.05815032477575008,0.04454067429631921,0.1079492731209403,0.07547169811320754,0.0,0.02907516238787504,0.09155583049798949,0.05660377358490566,0.03990102072378596,0.03742653881843489,0.04330343334364367,0.0,0.049489638107021346,0.022270337148159604,0.03216826476956387,0.027837921435199506,0.0,0.025363439529848437,0.024744819053510673,0.02907516238787504,0.03216826476956387
1,0,0,0,0,0,0,2,0,2,0,0,0,0,0,0,1,0,0,0,0,1,0,0,0,0,0.03225806451612903,0.03494623655913978,0.033154121863799284,0.05824372759856631,0.05913978494623656,0.06451612903225806,0.0,0.1341099163679809,0.0,0.07586618876941457,0.048685782556750296,0.05197132616487455,0.06690561529271206,0.03643966547192354,0.03016726403823178,0.0,0.026881720430107527,0.024193548387096774,0.049880525686977296,0.03763440860215054,0.0,0.035842293906810034,0.03763440860215054,0.03046594982078853,0.03106332138590203
2,0,0,0,0,0,0,2,1,2,0,0,0,0,0,0,1,0,0,0,0,1,0,0,0,0,0.03625290023201856,0.03567285382830626,0.095707656612529,0.09019721577726218,0.04176334106728538,0.06293503480278423,0.0,0.0,0.0,0.043213457076566125,0.05162412993039443,0.10295823665893271,0.11600928074245939,0.03103248259860789,0.0191415313225058,0.0,0.03103248259860789,0.03103248259860789,0.02842227378190255,0.040023201856148494,0.0,0.04118329466357309,0.029002320185614848,0.029582366589327145,0.043213457076566125
1,0,0,0,0,0,0,2,1,2,0,0,0,2,0,0,1,0,0,0,0,1,0,0,0,0,0.030303030303030304,0.030597234480729627,0.04471903501029715,0.030597234480729627,0.050603118564283615,0.07090320682553693,0.0,0.0,0.0,0.040011768167107976,0.06590173580464842,0.37746395998823185,0.0,0.0441306266548985,0.032362459546925564,0.0,0.02030008826125331,0.022653721682847898,0.04471903501029715,0.019417475728155338,0.0,0.02030008826125331,0.009708737864077669,0.017358046484260075,0.027949396881435717
2,0,0,0,0,0,0,2,1,2,0,0,1,2,0,0,1,0,0,0,0,1,0,0,0,0,0.036898645492760396,0.04110228865016347,0.1539000467071462,0.1422232601588043,0.04040168145726296,0.05207846800560486,0.0,0.0,0.0,0.04297057449789818,0.07122839794488557,0.0,0.0,0.04297057449789818,0.03666510976179355,0.0,0.04810836057916861,0.03853339560952826,0.03946753853339561,0.03596450256889304,0.0,0.03596450256889304,0.051377860812704346,0.04717421765530126,0.04297057449789818
1,0,0,2,0,0,0,2,1,2,0,0,1,2,0,0,1,0,0,0,0,1,0,0,0,0,0.029797703663203938,0.02733734281027884,0.0,0.5967741935483871,0.026243849097867686,0.03417167851284855,0.0,0.0,0.0,0.026243849097867686,0.03991252050300711,0.0,0.0,0.026790595954073265,0.0188627665390924,0.0,0.022963367960634227,0.028430836522689993,0.021049753963914706,0.01558228540185894,0.0,0.019409513395297978,0.022963367960634227,0.02077638053581192,0.022689994532531437
1,0,0,0,0,0,0,0,0,0,0,0,0,0,0,0,0,0,0,0,0,0,0,0,0,0,0.024333333333333332,0.022333333333333334,0.037333333333333336,0.031,0.055,0.021333333333333333,0.04733333333333333,0.03166666666666667,0.048,0.027,0.048666666666666664,0.061,0.050333333333333334,0.051333333333333335,0.032,0.043,0.051333333333333335,0.061,0.03666666666666667,0.039,0.03333333333333333,0.034666666666666665,0.03166666666666667,0.046,0.034666666666666665
2,0,0,0,0,0,0,0,0,0,0,0,0,0,0,0,0,0,1,0,0,0,0,0,0,0,0.03016970458830924,0.03896920175989944,0.03896920175989944,0.06002514142049026,0.06348208673790069,0.0295411690760528,0.04116907605279698,0.05248271527341295,0.06976744186046512,0.04116907605279698,0.028912633563796353,0.03739786297925833,0.05405405405405406,0.06631049654305468,0.03519798868636078,0.035826524198617225,0.0295411690760528,0.0,0.03048397234443746,0.036769327467001886,0.04336895034569453,0.03236957888120679,0.031112507856693904,0.04116907605279698,0.031741043368950346
1,0,0,0,0,0,0,0,0,2,0,0,0,0,0,0,0,0,1,0,0,0,0,0,0,0,0.027941633033219497,0.043154299906861225,0.028562558211735485,0.039739211425023284,0.06550760633343682,0.04532753803166718,0.046258925799441165,0.06457621856566284,0.0,0.03694504812170134,0.05495187829866501,0.055262340887923006,0.060850667494566905,0.029804408568767465,0.02887302080099348,0.06426575597640484,0.04905308910276312,0.0,0.031977646693573426,0.024216081962123565,0.04594846321018317,0.04936355169202111,0.05091586463831108,0.03166718410431543,0.024837007140639553
2,0,0,0,0,1,0,0,0,2,0,0,0,0,0,0,0,0,1,0,0,0,0,0,0,0,0.03115264797507788,0.03395638629283489,0.019003115264797508,0.02367601246105919,0.0,0.038629283489096576,0.04299065420560748,0.07071651090342679,0.0,0.13271028037383178,0.0308411214953271,0.04641744548286604,0.051713395638629284,0.03956386292834891,0.05077881619937695,0.04236760124610592,0.059190031152647975,0.0,0.03457943925233645,0.026168224299065422,0.05015576323987539,0.03644859813084112,0.06105919003115265,0.03520249221183801,0.0426791277258567
1,0,0,0,0,1,0,0,0,2,2,0,0,0,0,0,0,0,1,0,0,0,0,0,0,0,0.035036496350364967,0.04788321167883212,0.04613138686131387,0.039708029197080295,0.0,0.04554744525547445,0.08671532846715328,0.09751824817518248,0.0,0.0,0.039708029197080295,0.04262773722627737,0.08846715328467153,0.037664233576642336,0.03912408759124088,0.04058394160583942,0.043503649635036494,0.0,0.03912408759124088,0.025693430656934305,0.04467153284671533,0.043503649635036494,0.05138686131386861,0.022773722627737226,0.04262773722627737
2,0,0,0,0,1,0,0,1,2,2,0,0,0,0,0,0,0,1,0,0,0,0,0,0,0,0.0393039303930393,0.019801980198019802,0.0663066306630663,0.0351035103510351,0.0,0.043204320432043204,0.034503450345034506,0.0,0.0,0.0,0.045604560456045606,0.03840384038403841,0.3021302130213021,0.0213021302130213,0.034503450345034506,0.0408040804080408,0.052505250525052505,0.0,0.047404740474047406,0.023402340234023402,0.019201920192019203,0.033003300330033,0.029102910291029103,0.036003600360036005,0.03840384038403841
1,0,0,0,0,1,0,0,1,2,2,0,0,2,0,0,0,0,1,0,0,0,0,0,0,0,0.040439340988517224,0.0399400898652022,0.043684473290064904,0.03020469296055916,0.0,0.0381927109335996,0.0491762356465302,0.0,0.0,0.0,0.059660509236145784,0.18172740888667,0.0,0.036445332001997004,0.03519720419370943,0.043684473290064904,0.10234648027958063,0.0,0.03320019970044932,0.04218671992011982,0.06789815277084374,0.04143784323514728,0.04742885671492761,0.032451323015476784,0.03469795307039441
2,0,0,0,0,1,0,0,1,2,2,0,1,2,0,0,0,0,1,0,0,0,0,0,0,0,0.02441642071371076,0.022001609873893213,0.04641803058760397,0.04185672122350416,0.0,0.031929165548698686,0.020660048296216798,0.0,0.0,0.0,0.011537429568017172,0.0,0.0,0.01663536356318755,0.013415615776764154,0.03863697343708076,0.5191843305607727,0.0,0.02629460692245774,0.02629460692245774,0.06037027099543869,0.03219747786423397,0.01851354977193453,0.02978266702441642,0.019855111349610946
1,0,0,0,0,1,0,0,1,2,2,0,1,2,0,0,0,2,1,0,0,0,0,0,0,0,0.05026347790839076,0.0565464126469396,0.05411430887717876,0.04296716659910823,0.0,0.05147952979327118,0.053506282934738546,0.0,0.0,0.0,0.04033238751520065,0.0,0.0,0.04945277665180381,0.04823672476692339,0.13862991487636805,0.0,0.0,0.04357519254154844,0.05147952979327118,0.13862991487636805,0.03749493311714633,0.05472233481961897,0.04094041345764086,0.04762869882448318
2,0,0,0,0,1,0,0,1,2,2,0,1,2,0,0,1,2,1,0,0,0,0,0,0,0,0.015748031496062992,0.012218300298669563,0.02253597610643497,0.017648655986967146,0.0,0.012761335867499321,0.01927776269345642,0.0,0.0,0.0,0.017377138202552267,0.0,0.0,0.01004615802335053,0.017377138202552267,0.0,0.0,0.0,0.010589193592180288,0.015748031496062992,0.7806136301927776,0.008145533532446375,0.014933478142818354,0.012761335867499321,0.012218300298669563
1,0,0,0,0,0,0,0,0,0,0,0,0,0,0,0,0,0,0,0,0,0,0,0,0,0,0.04,0.04133333333333333,0.04066666666666666,0.046,0.05,0.030333333333333334,0.035333333333333335,0.043,0.06233333333333333,0.03,0.027,0.03933333333333333,0.06133333333333333,0.04566666666666667,0.048,0.04933333333333333,0.04533333333333334,0.058333333333333334,0.037,0.027666666666666666,0.033,0.03133333333333333,0.025,0.026333333333333334,0.026333333333333334
2,0,0,0,0,0,0,0,0,1,0,0,0,0,0,0,0,0,0,0,0,0,0,0,0,0,0.03672316384180791,0.03389830508474576,0.03672316384180791,0.0480225988700565,0.04896421845574388,0.028876333961079723,0.04080351537978657,0.03797865662272442,0.0,0.035781544256120526,0.06622724419334589,0.02699309478970496,0.05681104833647207,0.04331450094161959,0.04048964218455744,0.025109855618330193,0.06936597614563716,0.05524168236032643,0.04488386691776522,0.023854362837413684,0.04833647206528562,0.039861895794099184,0.03797865662272442,0.03923414940364093,0.03452605147520402
1,0,0,0,0,0,0,0,0,1,0,0,0,0,0,0,0,2,0,0,0,0,0,0,0,0,0.02236024844720497,0.03944099378881988,0.02888198757763975,0.04720496894409938,0.03540372670807453,0.026397515527950312,0.04192546583850932,0.031987577639751553,0.0,0.04440993788819876,0.04440993788819876,0.05093167701863354,0.03322981366459627,0.07453416149068323,0.02981366459627329,0.049689440993788817,0.0,0.10031055900621118,0.06801242236024845,0.03260869565217391,0.0515527950310559,0.024844720496894408,0.05217391304347826,0.04720496894409938,0.02267080745341615
2,0,0,0,0,0,0,0,0,1,0,0,0,0,0,0,0,2,1,0,0,0,0,0,0,0,0.037928958458759786,0.028597230583985552,0.036122817579771226,0.04425045153521975,0.06923540036122817,0.019867549668874173,0.036122817579771226,0.045454545454545456,0.0,0.03552077062010837,0.03552077062010837,0.052378085490668275,0.08127633955448525,0.09452137266706803,0.06291390728476821,0.03762793497892836,0.0,0.0,0.03762793497892836,0.0325105358217941,0.031306441902468396,0.041842263696568335,0.052980132450331126,0.050872968091511137,0.03552077062010837
1,0,0,0,0,0,0,0,0,1,0,0,0,0,2,0,0,2,1,0,0,0,0,0,0,0,0.028674916993661335,0.025354663447026863,0.030787805614246905,0.026260187141563536,0.02958044068819801,0.03290069423483248,0.028674916993661335,0.03229701177180803,0.0,0.02958044068819801,0.02173256866888017,0.04527618472683369,0.3377603380621793,0.0,0.049803803199517056,0.03652278901297917,0.0,0.0,0.03984304255961364,0.02897675822517356,0.04648354965288258,0.033202535466344704,0.02173256866888017,0.047087232115907034,0.027467552067612436
2,0,0,0,0,0,0,0,0,1,0,0,0,1,2,0,0,2,1,0,0,0,0,0,0,0,0.043953375424963574,0.03254006799417193,0.045653229723166586,0.10199125789218066,0.07673627974745022,0.03423992229237494,0.053423992229237494,0.033268576979116074,0.0,0.04176784847013113,0.03958232151529869,0.04176784847013113,0.0,0.0,0.03423992229237494,0.04783875667799903,0.0,0.0,0.0626517727051967,0.03181155900922778,0.03011170471102477,0.10539096648858669,0.06799417192812045,0.043224866440019424,0.03181155900922778
1,0,0,0,0,0,0,0,0,1,0,0,0,1,2,0,0,2,1,0,0,0,2,0,0,0,0.04427614331488494,0.04223711039906787,0.03728517331779784,0.05214098456160792,0.033207107486163706,0.036411302068161955,0.03524614040198078,0.040780658316341395,0.0,0.03495484998543548,0.03786775415088844,0.043402272065249055,0.0,0.0,0.04631517623070201,0.0468977570637926,0.0,0.0,0.06175356830760268,0.06495776288960094,0.05709292164287795,0.0,0.20565103408097873,0.043693562481794346,0.035828721235071366
2,0,0,0,0,0,0,0,0,1,0,0,0,1,2,0,0,2,1,0,0,0,2,1,0,0,0.0437246963562753,0.05748987854251012,0.06288798920377868,0.09500674763832659,0.11228070175438597,0.04480431848852901,0.06612685560053981,0.051821862348178135,0.0,0.03859649122807018,0.052901484480431846,0.06072874493927125,0.0,0.0,0.039946018893387315,0.052901484480431846,0.0,0.0,0.03724696356275304,0.041025641025641026,0.04831309041835358,0.0,0.0,0.04588394062078273,0.04831309041835358
1,0,0,0,0,2,0,0,0,1,0,0,0,1,2,0,0,2,1,0,0,0,2,1,0,0,0.038653001464128846,0.050951683748169836,0.06412884333821377,0.2661786237188873,0.0,0.030161054172767203,0.050951683748169836,0.09721815519765739,0.0,0.028404099560761346,0.03279648609077599,0.06676427525622254,0.0,0.0,0.040995607613469986,0.044216691068814054,0.0,0.0,0.032503660322108344,0.0404099560761347,0.04275256222547584,0.0,0.0,0.028989751098096633,0.043923865300146414
1,0,0,0,0,0,0,0,0,0,0,0,0,0,0,0,0,0,0,0,0,0,0,0,0,0,0.02666666666666667,0.018,0.039,0.034666666666666665,0.063,0.032,0.026,0.042666666666666665,0.04666666666666667,0.028333333333333332,0.051333333333333335,0.037,0.06366666666666666,0.042,0.032,0.033,0.07166666666666667,0.04466666666666667,0.03233333333333333,0.029666666666666668,0.049,0.04633333333333333,0.04766666666666667,0.034666666666666665,0.028
2,0,0,0,0,0,0,0,0,0,0,0,0,0,0,0,0,1,0,0,0,0,0,0,0,0,0.028002489110143122,0.03546981953951462,0.03204729309271935,0.040136901057871814,0.0640945861854387,0.037958929682638455,0.03827006845052894,0.04449284380833852,0.07187305538270068,0.04729309271935283,0.04387056627255756,0.05538270068450529,0.07342874922215308,0.05102675793403858,0.035158680771624144,0.02271313005600498,0.0,0.037958929682638455,0.024579962663347853,0.027380211574362167,0.057560672059738645,0.045737398879900436,0.019290603609209707,0.0388923459863099,0.027380211574362167
1,0,0,0,0,0,0,0,0,0,0,0,0,2,0,0,0,1,0,0,0,0,0,0,0,0,0.02472952086553323,0.023802163833075735,0.03400309119010819,0.07542503863987635,0.04080370942812983,0.03894899536321484,0.04482225656877898,0.04513137557959815,0.04142194744976816,0.019165378670788255,0.027820710973724884,0.12426584234930448,0.0,0.05471406491499227,0.05842349304482226,0.04574961360123648,0.0,0.06491499227202473,0.03400309119010819,0.03740340030911901,0.0562596599690881,0.027202472952086554,0.02936630602782071,0.030602782071097373,0.021020092735703245
2,0,0,0,0,0,0,0,0,0,0,0,1,2,0,0,0,1,0,0,0,0,0,0,0,0,0.03557777124375184,0.05733607762422817,0.06498088797412525,0.04204645692443399,0.037635989414877974,0.03675389591296677,0.0799764775066157,0.050573360776242283,0.04351661276095266,0.03557777124375184,0.05174948544545722,0.0,0.0,0.0446927374301676,0.04028226992061158,0.021170244045868862,0.0,0.04733901793590121,0.03675389591296677,0.030579241399588356,0.058806233460746836,0.05821817112613937,0.0567480152896207,0.03822405174948545,0.031461334901499556
1,0,0,0,0,0,0,2,0,0,0,0,1,2,0,0,0,1,0,0,0,0,0,0,0,0,0.025680220116172426,0.03882604708040355,0.027820238459186793,0.06756343625802506,0.06664628553959034,0.05136044023234485,0.0,0.14980128401100581,0.03607459492509936,0.03179455823907062,0.03240599205136044,0.0,0.0,0.047997554264750844,0.0528890247630694,0.028431672271476614,0.0,0.059614796698257415,0.0437175175787221,0.041577499235707735,0.05136044023234485,0.074594925099358,0.024763069397737696,0.01773158055640477,0.02934882298991134
2,0,0,0,0,0,0,2,1,0,0,0,1,2,0,0,0,1,0,0,0,0,0,0,0,0,0.030381198051017484,0.03668672972198338,0.06305531670965893,0.07881914588707366,0.058182860418458014,0.04442533677271424,0.0,0.0,0.04155918601318429,0.04786471768415019,0.03955288048151333,0.0,0.0,0.040412725709372314,0.042705646316996276,0.03410719403840642,0.0,0.052737173975351104,0.034967039266265404,0.03238750358268845,0.08713098308971051,0.10662080825451418,0.03955288048151333,0.043565491544855256,0.04528518200057323
1,0,0,0,0,0,0,2,1,0,0,0,1,2,0,0,0,1,0,0,0,0,2,0,0,0,0.04746366063482646,0.02699495698605755,0.07950163156333433,0.04004746366063482,0.05013349154553545,0.030258083654701867,0.0,0.0,0.051913378819341445,0.03263126668644319,0.04835360427172946,0.0,0.0,0.01928211213289825,0.03619104123405518,0.023435182438445563,0.0,0.07149213883120736,0.034411153960249186,0.05250667457727677,0.226045683773361,0.0,0.052210026698309105,0.03470780183921685,0.04242064669237615
2,0,0,0,0,0,0,2,1,0,0,0,1,2,0,0,0,1,0,0,0,1,2,0,0,0,0.046264291411858546,0.041478330231321456,0.10023929805902686,0.12230789683594788,0.07258707790481254,0.05503855357617655,0.0,0.0,0.04387131082159,0.050518479127891515,0.03908534964105291,0.0,0.0,0.04945493219888328,0.044934857750598245,0.048391385269875034,0.0,0.04387131082159,0.04387131082159,0.04732783834086679,0.0,0.0,0.05158202605689976,0.05291145971816007,0.046264291411858546
1,0,0,0,2,0,0,2,1,0,0,0,1,2,0,0,0,1,0,0,0,1,2,0,0,0,0.04307603353570396,0.03845041919629951,0.3295750216825672,0.0,0.08470656259034404,0.04596704249783174,0.0,0.0,0.03960682278115062,0.0505926568372362,0.055507372072853424,0.0,0.0,0.045099739809193407,0.03295750216825672,0.030355594102341718,0.0,0.03353570396068228,0.0358485111303845,0.03295750216825672,0.0,0.0,0.03006649320612894,0.03555941023417172,0.03613761202659728
1,0,0,0,0,0,0,0,0,0,0,0,0,0,0,0,0,0,0,0,0,0,0,0,0,0,0.026,0.042,0.04766666666666667,0.04633333333333333,0.036333333333333336,0.025,0.03333333333333333,0.04066666666666666,0.036333333333333336,0.03833333333333333,0.027333333333333334,0.035,0.06833333333333333,0.039,0.039,0.03933333333333333,0.042,0.037333333333333336,0.03866666666666667,0.041,0.058666666666666666,0.037,0.039,0.044333333333333336,0.042
2,0,0,0,0,0,0,0,0,0,0,0,0,1,0,0,0,0,0,0,0,0,0,0,0,0,0.024968789013732832,0.05118601747815231,0.04744069912609238,0.04244694132334582,0.05087390761548065,0.033395755305867664,0.026841448189762796,0.07521847690387017,0.03277153558052434,0.041822721598002495,0.03901373283395755,0.038077403245942575,0.0,0.04369538077403246,0.035580524344569285,0.03838951310861423,0.07178526841448189,0.060549313358302125,0.03495630461922597,0.03495630461922597,0.04244694132334582,0.03089887640449438,0.04525593008739076,0.02871410736579276,0.02871410736579276
1,0,0,0,0,0,0,0,2,0,0,0,0,1,0,0,0,0,0,0,0,0,0,0,0,0,0.03209876543209877,0.03487654320987654,0.04135802469135803,0.03796296296296296,0.09907407407407408,0.03302469135802469,0.03796296296296296,0.0,0.08364197530864198,0.03487654320987654,0.0404320987654321,0.06419753086419754,0.0,0.033950617283950615,0.044753086419753084,0.06234567901234568,0.037654320987654324,0.026851851851851852,0.03981481481481482,0.0367283950617284,0.04567901234567901,0.03487654320987654,0.03827160493827161,0.0367283950617284,0.022839506172839506
2,0,0,0,0,1,0,0,2,0,0,0,0,1,0,0,0,0,0,0,0,0,0,0,0,0,0.04126506024096385,0.03614457831325301,0.04427710843373494,0.02650602409638554,0.0,0.023493975903614458,0.029819277108433736,0.0,0.11927710843373494,0.075,0.04126506024096385,0.031927710843373494,0.0,0.045180722891566265,0.053614457831325305,0.027710843373493974,0.041867469879518074,0.06385542168674699,0.041867469879518074,0.03975903614457831,0.06265060240963856,0.048493975903614456,0.04006024096385542,0.04006024096385542,0.025903614457831327
1,0,0,0,0,1,0,0,2,2,0,0,0,1,0,0,0,0,0,0,0,0,0,0,0,0,0.045655375552282766,0.041237113402061855,0.040353460972017675,0.0288659793814433,0.0,0.04094256259204713,0.05154639175257732,0.0,0.0,0.19116347569955816,0.021796759941089837,0.05979381443298969,0.0,0.05508100147275405,0.02533136966126657,0.02974963181148748,0.038880706921944036,0.039764359351988215,0.041237113402061855,0.03799705449189985,0.055375552282768775,0.03475699558173785,0.0438880706921944,0.04742268041237113,0.029160530191458027
2,0,0,0,0,1,0,0,2,2,1,0,0,1,0,0,0,0,0,0,0,0,0,0,0,0,0.04276315789473684,0.03673245614035088,0.023300438596491228,0.02549342105263158,0.0,0.03673245614035088,0.0581140350877193,0.0,0.0,0.0,0.03536184210526316,0.03289473684210526,0.0,0.14226973684210525,0.08963815789473684,0.05016447368421053,0.04906798245614035,0.0537280701754386,0.06140350877192982,0.05537280701754386,0.0581140350877193,0.04029605263157895,0.05071271929824561,0.03234649122807018,0.02549342105263158
1,0,0,0,0,1,0,0,2,2,1,0,0,1,2,0,0,0,0,0,0,0,0,0,0,0,0.02785673678226265,0.04405912450255827,0.027288231949971573,0.023877202956225127,0.0,0.03581580443433769,0.06679931779420126,0.0,0.0,0.0,0.030130756111426946,0.06452529846503695,0.0,0.0,0.3115406480955088,0.044627629334849345,0.020181921546333144,0.03808982376350199,0.05429221148379761,0.03212052302444571,0.03581580443433769,0.020750426378624218,0.04405912450255827,0.03467879476975554,0.0434906196702672
2,0,0,0,0,1,0,0,2,2,1,0,0,1,2,1,0,0,0,0,0,0,0,0,0,0,0.03565323565323565,0.0336996336996337,0.03711843711843712,0.023687423687423687,0.0,0.04297924297924298,0.03296703296703297,0.0,0.0,0.0,0.046886446886446886,0.052503052503052504,0.0,0.0,0.0,0.046886446886446886,0.03711843711843712,0.03711843711843712,0.13064713064713065,0.15482295482295483,0.04053724053724054,0.03418803418803419,0.06495726495726496,0.06910866910866911,0.07912087912087912
1,0,0,0,0,1,0,0,2,2,1,0,0,1,2,1,0,0,0,0,2,0,0,0,0,0,0.02284613267272227,0.02064409578860446,0.027800715661987337,0.014588494357280485,0.0,0.030278007156619872,0.023947151114781174,0.0,0.0,0.0,0.02917698871456097,0.03275529865125241,0.0,0.0,0.0,0.028901734104046242,0.013762730525736306,0.027800715661987337,0.5752821359757776,0.0,0.03770988164051748,0.03440682631434076,0.03413157170382604,0.01844205890448665,0.027525461051472612
2,0,0,0,0,1,0,0,2,2,1,0,0,1,2,1,0,0,0,1,2,0,0,0,0,0,0.05207309884063667,0.043426999410493224,0.048143053645116916,0.04126547455295736,0.0,0.057575162114364316,0.052859107879740616,0.0,0.0,0.0,0.040282963254077424,0.0453920220082531,0.0,0.0,0.0,0.05482413047750049,0.05207309884063667,0.07152682255845942,0.0,0.0,0.0593436824523482,0.07761839261151503,0.12006288072312832,0.13912359992139908,0.04440951070937316
1,0,0,0,0,1,0,0,2,2,1,0,0,1,2,1,0,0,0,1,2,0,0,0,2,0,0.04424062584299973,0.028594550849743727,0.0361478284326949,0.03345022929592663,0.0,0.024278392230914485,0.03641758834637173,0.0,0.0,0.0,0.03345022929592663,0.036957108173725384,0.0,0.0,0.0,0.03398974912328028,0.03371998920960345,0.06986781764229835,0.0,0.0,0.06851901807391422,0.06204478014567035,0.4278392230914486,0.0,0.030482870245481523
1,0,0,0,0,0,0,0,0,0,0,0,0,0,0,0,0,0,0,0,0,0,0,0,0,0,0.051333333333333335,0.033,0.03833333333333333,0.046,0.05633333333333333,0.031,0.050666666666666665,0.052333333333333336,0.04566666666666667,0.057,0.042,0.021666666666666667,0.04466666666666667,0.03866666666666667,0.036333333333333336,0.029666666666666668,0.051,0.042,0.03866666666666667,0.035,0.03166666666666667,0.03833333333333333,0.018333333333333333,0.044333333333333336,0.026
2,0,0,0,0,0,0,0,0,0,1,0,0,0,0,0,0,0,0,0,0,0,0,0,0,0,0.03406940063091483,0.024290220820189275,0.04227129337539432,0.03943217665615142,0.07350157728706624,0.022082018927444796,0.027444794952681387,0.06876971608832808,0.03501577287066246,0.0,0.03028391167192429,0.044479495268138804,0.056466876971608834,0.050157728706624605,0.04227129337539432,0.027444794952681387,0.04637223974763407,0.05362776025236593,0.04037854889589906,0.02302839116719243,0.06719242902208201,0.05488958990536277,0.031545741324921134,0.031861198738170345,0.033123028391167195
1,0,0,0,0,2,0,0,0,0,1,0,0,0,0,0,0,0,0,0,0,0,0,0,0,0,0.043007425742574254,0.04981435643564357,0.04146039603960396,0.05198019801980198,0.0,0.04207920792079208,0.06992574257425743,0.04919554455445545,0.07363861386138613,0.0,0.024133663366336634,0.05631188118811881,0.03372524752475248,0.053836633663366336,0.028774752475247526,0.03217821782178218,0.04641089108910891,0.06157178217821782,0.04579207920792079,0.0213490099009901,0.03620049504950495,0.038056930693069306,0.03620049504950495,0.034653465346534656,0.0297029702970297
2,0,0,0,0,2,0,0,0,1,1,0,0,0,0,0,0,0,0,0,0,0,0,0,0,0,0.031819586036453504,0.03738029039233858,0.03583565029348162,0.1566265060240964,0.0,0.031201729996910718,0.04355885078776645,0.060240963855421686,0.0,0.0,0.031201729996910718,0.03583565029348162,0.028730305838739572,0.031201729996910718,0.042323138708680874,0.046957059005251774,0.044794562866852024,0.044794562866852024,0.03707136237256719,0.03583565029348162,0.05838739573679333,0.046030274945937595,0.03738029039233858,0.046957059005251774,0.03583565029348162
1,0,0,0,2,2,0,0,0,1,1,0,0,0,0,0,0,0,0,0,0,0,0,0,0,0,0.04763262977752424,0.0607529948659441,0.09155733029092983,0.0,0.0,0.041357672561323444,0.055048488305761555,0.10781517398745008,0.0,0.0,0.0387906446092413,0.07615516257843696,0.04905875641756988,0.0387906446092413,0.03451226468910439,0.04249857387335995,0.03394181403308614,0.04392470051340559,0.03194523673702225,0.03308613804905876,0.036223616657159154,0.03365658870507701,0.05419281232173417,0.026811180832857957,0.022247575584711923
2,0,0,0,2,2,0,0,1,1,1,0,0,0,0,0,0,0,0,0,0,0,0,0,0,0,0.02783535682558484,0.042641397690257626,0.27095054782351197,0.0,0.0,0.03760734379626888,0.03168492745039976,0.0,0.0,0.0,0.03671898134438851,0.03819958543085579,0.03938406870002961,0.034350014806040864,0.04560260586319218,0.02901984009475866,0.03908794788273615,0.05004441812259402,0.04649096831507255,0.03168492745039976,0.05478235119928931,0.04027243115190998,0.03849570624814924,0.026650873556411016,0.03849570624814924
1,0,0,2,2,2,0,0,1,1,1,0,0,0,0,0,0,0,0,0,0,0,0,0,0,0,0.07664793050587634,0.12161471640265713,0.0,0.0,0.0,0.09351047521716914,0.11650485436893204,0.0,0.0,0.0,0.027337761880429228,0.03730199284619315,0.04445579969340828,0.06029637199795605,0.04190086867654573,0.04011241696474195,0.036535513541134386,0.03832396525293817,0.054675523760858456,0.02912621359223301,0.04420030659172202,0.04420030659172202,0.0286152273888605,0.031170158405723045,0.03346959632089934
2,0,1,2,2,2,0,0,1,1,1,0,0,0,0,0,0,0,0,0,0,0,0,0,0,0,0.017553956834532373,0.0,0.0,0.0,0.0,0.027913669064748202,0.497841726618705,0.0,0.0,0.0,0.02935251798561151,0.045179856115107914,0.022446043165467625,0.02330935251798561,0.025035971223021584,0.03079136690647482,0.035683453237410075,0.031654676258992806,0.03050359712230216,0.025899280575539568,0.01553956834532374,0.03741007194244604,0.028489208633093524,0.03741007194244604,0.03798561151079137
1,0,1,2,2,2,0,2,1,1,1,0,0,0,0,0,0,0,0,0,0,0,0,0,0,0,0.044195390145908224,0.0,0.0,0.0,0.0,0.14210192429689153,0.0,0.0,0.0,0.0,0.11397758511313175,0.07105096214844576,0.039754705011630365,0.05032776485514908,0.04334954535842673,0.06322689786424192,0.039754705011630365,0.05286529921759357,0.05201945443011208,0.049481920067667585,0.0592091351237048,0.04334954535842673,0.044195390145908224,0.04334954535842673,0.04779023049270459
2,0,1,2,2,2,1,2,1,1,1,0,0,0,0,0,0,0,0,0,0,0,0,0,0,0,0.020157995096703896,0.0,0.0,0.0,0.0,0.0,0.0,0.0,0.0,0.0,0.5028602560610188,0.05448106782892945,0.026968128575320077,0.0196131844184146,0.03132661400163443,0.04985017706347045,0.05012258240261509,0.034323072732225554,0.03486788341051485,0.02288204848815037,0.0444020702805775,0.028057749931898666,0.02451648052301825,0.02097521111413784,0.0345954780713702
1,0,0,0,0,0,0,0,0,0,0,0,0,0,0,0,0,0,0,0,0,0,0,0,0,0,0.036333333333333336,0.041,0.042666666666666665,0.04,0.044,0.048666666666666664,0.03966666666666667,0.04733333333333333,0.047,0.04633333333333333,0.03266666666666666,0.051666666666666666,0.042,0.03266666666666666,0.035666666666666666,0.044333333333333336,0.041,0.04133333333333333,0.042666666666666665,0.018666666666666668,0.050333333333333334,0.042,0.03266666666666666,0.029,0.030333333333333334
2,0,0,0,0,0,0,0,0,0,0,0,1,0,0,0,0,0,0,0,0,0,0,0,0,0,0.02060875079264426,0.03202282815472416,0.035193405199746355,0.04026632847178187,0.050412175015852885,0.03170577045022194,0.044705136334812934,0.04660748256182625,0.057387444514901714,0.0326569435637286,0.02568167406467977,0.0,0.050412175015852885,0.04724159797083069,0.030437539632213063,0.044705136334812934,0.08909321496512365,0.04882688649334179,0.04121750158528852,0.03487634749524413,0.05643627140139505,0.031071655041217502,0.03677869372225745,0.03772986683576411,0.03392517438173748
1,0,0,0,0,0,0,0,0,0,0,0,1,0,0,0,0,2,0,0,0,0,0,0,0,0,0.03932926829268293,0.024390243902439025,0.04085365853658537,0.036585365853658534,0.05518292682926829,0.04695121951219512,0.0399390243902439,0.03231707317073171,0.03323170731707317,0.03689024390243902,0.03597560975609756,0.0,0.05304878048780488,0.06615853658536586,0.042682926829268296,0.06951219512195123,0.0,0.02926829268292683,0.04451219512195122,0.026829268292682926,0.0826219512195122,0.058231707317073174,0.030182926829268292,0.03871951219512195,0.036585365853658534
2,0,0,0,0,0,0,0,0,0,0,0,1,0,0,0,0,2,0,0,0,1,0,0,0,0,0.03363914373088685,0.02874617737003058,0.03486238532110092,0.056269113149847096,0.03425076452599388,0.03149847094801223,0.029357798165137616,0.04097859327217125,0.028440366972477066,0.03425076452599388,0.03333333333333333,0.0,0.03730886850152905,0.03730886850152905,0.0400611620795107,0.21345565749235473,0.0,0.05963302752293578,0.05963302752293578,0.0327217125382263,0.0,0.0363914373088685,0.031192660550458717,0.031192660550458717,0.03547400611620795
1,0,0,0,0,0,0,0,0,0,0,0,1,0,0,0,2,2,0,0,0,1,0,0,0,0,0.023532593995131187,0.022991614822829323,0.019745739789018123,0.03678658371652691,0.0570733026778469,0.034081687855017584,0.037057073302677844,0.04030294833648904,0.060860156883959966,0.058966729780903435,0.023532593995131187,0.0,0.08060589667297809,0.07925344874222343,0.05274546929943197,0.0,0.0,0.10116310522044901,0.07059778198539356,0.027860427373546118,0.0,0.03462266702731945,0.03164728157965918,0.06789288612388424,0.038680010819583444
2,0,0,0,0,0,0,0,0,0,0,0,1,0,0,0,2,2,1,0,0,1,0,0,0,0,0.023124814705010377,0.023124814705010377,0.04713904536021346,0.056626148828935664,0.07500741179958494,0.028757782389564186,0.03261191817373258,0.032018974206937445,0.06700266824785057,0.034687222057515565,0.018381262970649275,0.0,0.2128668840794545,0.05899792469611622,0.026978950489178772,0.0,0.0,0.0,0.03290839015713015,0.029647198339756892,0.0,0.0658167803142603,0.056922620812333236,0.032018974206937445,0.04536021345982805
1,0,0,0,0,0,0,0,0,0,0,0,1,2,0,0,2,2,1,0,0,1,0,0,0,0,0.032015065913371,0.022329835889157924,0.034436373419424265,0.044121603443637344,0.053806833467850416,0.031476997578692496,0.04465967177831585,0.042776432606941084,0.08797417271993543,0.07398439601829432,0.03389830508474576,0.0,0.0,0.19343556631692224,0.06725854183481302,0.0,0.0,0.0,0.03336023675006726,0.03497444175410277,0.0,0.051116491794457895,0.03389830508474576,0.05057842345977939,0.03389830508474576
2,0,0,0,0,0,0,0,0,0,0,0,1,2,1,0,2,2,1,0,0,1,0,0,0,0,0.02097902097902098,0.017482517482517484,0.028240989779451317,0.03792361484669177,0.07100591715976332,0.025013448090371166,0.025282409897794515,0.03980634749865519,0.40828402366863903,0.05137170521785906,0.04061323292092523,0.0,0.0,0.0,0.018827326519634213,0.0,0.0,0.0,0.04061323292092523,0.02689618074233459,0.0,0.0586336740182894,0.03550295857988166,0.03362022592791824,0.019903173749327596
1,0,0,0,0,0,0,0,0,2,0,0,1,2,1,0,2,2,1,0,0,1,0,0,0,0,0.04914766437901262,0.04294885986274076,0.053353996015054236,0.03365065308833296,0.13393845472658844,0.057117555899933586,0.03940668585344255,0.03940668585344255,0.0,0.13261013947310163,0.050475979632499446,0.0,0.0,0.0,0.05468231126854107,0.0,0.0,0.0,0.040956386982510515,0.05534646889528448,0.0,0.05844587115342041,0.059110028780163824,0.05844587115342041,0.040956386982510515
2,0,0,0,0,1,0,0,0,2,0,0,1,2,1,0,2,2,1,0,0,1,0,0,0,0,0.016925638179800223,0.016648168701442843,0.018312985571587125,0.014705882352941176,0.0,0.010266370699223086,0.012763596004439512,0.02025527192008879,0.0,0.7586015538290788,0.012763596004439512,0.0,0.0,0.0,0.012763596004439512,0.0,0.0,0.0,0.02025527192008879,0.017758046614872364,0.0,0.01220865704772475,0.02386237513873474,0.018312985571587125,0.013596004439511655
1,0,0,0,0,0,0,0,0,0,0,0,0,0,0,0,0,0,0,0,0,0,0,0,0,0,0.042333333333333334,0.050333333333333334,0.028666666666666667,0.029666666666666668,0.028333333333333332,0.029666666666666668,0.043666666666666666,0.03133333333333333,0.060333333333333336,0.04066666666666666,0.044,0.035,0.03666666666666667,0.044,0.03666666666666667,0.042333333333333334,0.073,0.03233333333333333,0.035333333333333335,0.037,0.048666666666666664,0.048,0.037,0.034,0.031
2,0,0,0,0,0,0,0,0,0,0,0,0,0,0,0,0,1,0,0,0,0,0,0,0,0,0.037290242386575516,0.03449347420758235,0.040087010565568675,0.040087010565568675,0.061839651957737725,0.020820385332504663,0.053138595400870105,0.044126786824114354,0.03387197016780609,0.023927905531385955,0.040708514605344935,0.053760099440646365,0.0637041640770665,0.04785581106277191,0.03946550652579242,0.03791174642635177,0.0,0.049409571162212555,0.044437538844002485,0.030453697949036667,0.058110627719080175,0.045059042883778745,0.044126786824114354,0.02144188937228092,0.03387197016780609
1,0,0,0,0,0,0,0,0,0,0,0,0,2,0,0,0,1,0,0,0,0,0,0,0,0,0.019038701622971287,0.03620474406991261,0.04400749063670412,0.04400749063670412,0.041822721598002495,0.03932584269662921,0.04712858926342072,0.04868913857677903,0.035580524344569285,0.04681647940074907,0.049937578027465665,0.08302122347066167,0.0,0.05493133583021224,0.04307116104868914,0.03464419475655431,0.0,0.0433832709113608,0.04307116104868914,0.032147315855181026,0.04868913857677903,0.04556803995006242,0.04556803995006242,0.03901373283395755,0.03433208489388265
2,0,0,0,0,0,0,0,0,0,0,0,1,2,0,0,0,1,0,0,0,0,0,0,0,0,0.05359877488514548,0.04655436447166922,0.05022970903522205,0.027258805513016845,0.04655436447166922,0.03889739663093415,0.08085758039816232,0.04716692189892802,0.05421133231240429,0.03950995405819296,0.03950995405819296,0.0,0.0,0.05421133231240429,0.03614088820826952,0.031546707503828486,0.0,0.04134762633996937,0.03430321592649311,0.025114854517611026,0.04226646248085758,0.06768759571209801,0.05359877488514548,0.051761102603369066,0.03767228177641654
1,0,0,0,0,0,0,2,0,0,0,0,1,2,0,0,0,1,0,0,0,0,0,0,0,0,0.02911431198283788,0.026969046889365616,0.039534171008274596,0.04780876494023904,0.06711615078148943,0.04045357033404842,0.0,0.16763714373276126,0.04535703340484217,0.0560833588722035,0.03463070793748085,0.0,0.0,0.04167943610174686,0.04045357033404842,0.03463070793748085,0.0,0.05209929512718357,0.03187250996015936,0.03279190928593319,0.05056696291756053,0.05547042598835428,0.031566043518234756,0.02880784554091327,0.04535703340484217
2,0,0,0,0,0,0,2,1,0,0,0,1,2,0,0,0,1,0,0,0,0,0,0,0,0,0.03637901861252115,0.049069373942470386,0.09983079526226735,0.07219402143260012,0.046531302876480544,0.046531302876480544,0.0,0.0,0.0583756345177665,0.03722504230118443,0.026508742244782856,0.0,0.0,0.038917089678511,0.03553299492385787,0.03102086858432036,0.0,0.0631697687535251,0.04145516074450085,0.047377326565143825,0.06147772137619854,0.08685843203609701,0.05132543711223914,0.03299492385786802,0.03722504230118443
1,0,0,2,0,0,0,2,1,0,0,0,1,2,0,0,0,1,0,0,0,0,0,0,0,0,0.03310468237399344,0.031613480465254994,0.0,0.2830301222785565,0.08320906650760512,0.04443781688040561,0.0,0.0,0.03310468237399344,0.03489412466447957,0.047420220697882494,0.0,0.0,0.04056069191768565,0.05010438413361169,0.023262749776319713,0.0,0.04712198031613481,0.03519236504622726,0.029525797793021176,0.042051893826424096,0.042946614971667164,0.02654339397554429,0.04413957649865792,0.027736355502535042
2,0,0,2,1,0,0,2,1,0,0,0,1,2,0,0,0,1,0,0,0,0,0,0,0,0,0.03850050658561297,0.044072948328267476,0.0,0.0,0.03976697061803445,0.04204660587639311,0.0,0.0,0.03850050658561297,0.05369807497467072,0.045339412360688953,0.0,0.0,0.05167173252279635,0.048378926038500504,0.040780141843971635,0.0,0.0668693009118541,0.047365754812563325,0.06205673758865248,0.12183383991894631,0.09523809523809523,0.06382978723404255,0.05369807497467072,0.04635258358662614
1,0,0,2,1,0,0,2,1,0,0,0,1,2,0,0,0,1,0,0,0,2,0,0,0,0,0.028735632183908046,0.035632183908045977,0.0,0.0,0.03218390804597701,0.028448275862068967,0.0,0.0,0.04252873563218391,0.045689655172413794,0.03649425287356322,0.0,0.0,0.04482758620689655,0.03879310344827586,0.015517241379310345,0.0,0.08620689655172414,0.05459770114942529,0.03132183908045977,0.0,0.32873563218390806,0.05488505747126437,0.06350574712643678,0.03189655172413793
1,0,0,0,0,0,0,0,0,0,0,0,0,0,0,0,0,0,0,0,0,0,0,0,0,0,0.017333333333333333,0.029666666666666668,0.03333333333333333,0.04733333333333333,0.048,0.04466666666666667,0.023,0.059,0.056,0.03933333333333333,0.030666666666666665,0.04633333333333333,0.04133333333333333,0.033666666666666664,0.03933333333333333,0.05433333333333333,0.050666666666666665,0.04766666666666667,0.050333333333333334,0.03233333333333333,0.04933333333333333,0.03266666666666666,0.018333333333333333,0.035333333333333335,0.04
2,0,0,0,0,0,0,0,1,0,0,0,0,0,0,0,0,0,0,0,0,0,0,0,0,0,0.04376574307304786,0.04061712846347607,0.0371536523929471,0.0327455919395466,0.05258186397984887,0.04124685138539043,0.042821158690176324,0.0,0.042821158690176324,0.025818639798488665,0.04974811083123426,0.020465994962216624,0.034634760705289674,0.03935768261964735,0.045969773299748114,0.04219143576826197,0.053211586901763225,0.061397984886649874,0.045969773299748114,0.02991183879093199,0.06234256926952141,0.04124685138539043,0.036838790931989926,0.03494962216624685,0.04219143576826197
1,0,0,0,0,0,0,0,1,0,0,0,0,0,0,0,0,0,0,0,0,2,0,0,0,0,0.022208320300281515,0.023146700031279326,0.03753518923991242,0.03941194870190804,0.043791054113231156,0.026900218955270568,0.03534563653425086,0.0,0.05442602439787301,0.05974350954019393,0.03941194870190804,0.03221770409759149,0.07069127306850172,0.04629340006255865,0.05505161088520488,0.033156083828589304,0.0509852987175477,0.0688145136065061,0.025961839224272757,0.03847356897091023,0.0,0.0816390365968095,0.05004691898654989,0.039724741945573974,0.025023459493274947
2,0,0,0,0,0,0,0,1,0,0,0,0,0,0,0,0,0,0,0,0,2,1,0,0,0,0.021779141104294478,0.04570552147239264,0.045092024539877304,0.04233128834355828,0.04815950920245399,0.024233128834355827,0.05245398773006135,0.0,0.05368098159509203,0.056134969325153376,0.03374233128834356,0.05429447852760736,0.049079754601226995,0.05368098159509203,0.05030674846625767,0.04631901840490798,0.12300613496932515,0.041104294478527606,0.033128834355828224,0.03067484662576687,0.0,0.0,0.025153374233128835,0.026687116564417177,0.04325153374233129
1,0,0,0,0,0,0,0,1,0,0,0,0,0,0,0,0,2,0,0,0,2,1,0,0,0,0.036176470588235296,0.032058823529411765,0.03852941176470588,0.035,0.05029411764705882,0.032058823529411765,0.02823529411764706,0.0,0.04617647058823529,0.05588235294117647,0.02823529411764706,0.03676470588235294,0.08,0.065,0.04588235294117647,0.04441176470588235,0.0,0.1285294117647059,0.0611764705882353,0.031176470588235295,0.0,0.0,0.03588235294117647,0.05088235294117647,0.03764705882352941
2,0,0,0,0,0,0,0,1,0,0,0,0,0,0,0,0,2,1,0,0,2,1,0,0,0,0.033469150174621654,0.033760186263096625,0.0389988358556461,0.04540162980209546,0.05238649592549476,0.029976717112922,0.026484284051222353,0.0,0.06373690337601863,0.03841676367869616,0.023864959254947613,0.031140861466821886,0.3338183934807916,0.0550058207217695,0.02590221187427241,0.033760186263096625,0.0,0.0,0.033760186263096625,0.01891734575087311,0.0,0.0,0.023282887077997673,0.034633294528521534,0.023282887077997673
1,0,0,0,0,0,0,0,1,0,0,0,0,2,0,0,0,2,1,0,0,2,1,0,0,0,0.04100337674867342,0.05209840810419682,0.038832609744331885,0.03690303907380608,0.060540279787747224,0.017848528702363725,0.031114327062228653,0.0,0.09334298118668596,0.08490110950313555,0.02532561505065123,0.02773757838880849,0.0,0.22045344910757356,0.06343463579353593,0.04293294741919923,0.0,0.0,0.02725518572117704,0.04389773275446213,0.0,0.0,0.03207911239749156,0.02725518572117704,0.033043897732754464
2,0,0,0,0,0,0,0,1,0,0,0,0,2,1,0,0,2,1,0,0,2,1,0,0,0,0.01967799642218247,0.025300281114234602,0.022744697163301814,0.023511372348581652,0.046767186302070024,0.015589062100690007,0.01891132123690263,0.0,0.6220291336570406,0.02606695629951444,0.013289036544850499,0.02197802197802198,0.0,0.0,0.020700230002555584,0.015333503705596729,0.0,0.0,0.026833631484794274,0.023255813953488372,0.0,0.0,0.01763352926143624,0.02197802197802198,0.018400204446716074
1,0,0,0,0,0,0,0,1,2,0,0,0,2,1,0,0,2,1,0,0,2,1,0,0,0,0.05687465488680287,0.05080066261733849,0.04049328179642923,0.05190502484815019,0.1233204491073072,0.05080066261733849,0.054665930425179456,0.0,0.0,0.12313638873550524,0.04288606662985459,0.054665930425179456,0.0,0.0,0.042149825142646785,0.04969630038652678,0.0,0.0,0.047303515553101416,0.060739922694643844,0.0,0.0,0.048039757040309224,0.05853119823302043,0.0439904288606663
2,0,0,0,0,0,0,0,1,2,1,0,0,2,1,0,0,2,1,0,0,2,1,0,0,0,0.011995637949836423,0.013086150490730643,0.014449291166848418,0.01772082878953108,0.8238822246455835,0.014176663031624863,0.009541984732824428,0.0,0.0,0.0,0.014994547437295528,0.011995637949836423,0.0,0.0,0.007088331515812432,0.012813522355507088,0.0,0.0,0.006815703380588877,0.011995637949836423,0.0,0.0,0.008178844056706653,0.010087241003271538,0.011177753544165758
1,0,0,0,0,0,0,0,0,0,0,0,0,0,0,0,0,0,0,0,0,0,0,0,0,0,0.024666666666666667,0.033666666666666664,0.024666666666666667,0.050333333333333334,0.037333333333333336,0.021666666666666667,0.04733333333333333,0.051,0.050333333333333334,0.044,0.039,0.05,0.04733333333333333,0.039,0.029666666666666668,0.026333333333333334,0.046,0.03266666666666666,0.033666666666666664,0.04466666666666667,0.07533333333333334,0.042,0.058333333333333334,0.027,0.024
2,0,0,0,0,0,0,0,0,0,0,0,0,0,0,0,0,0,0,0,0,1,0,0,0,0,0.027286821705426356,0.02883720930232558,0.05457364341085271,0.04217054263565891,0.04434108527131783,0.03813953488372093,0.041550387596899226,0.052093023255813956,0.03658914728682171,0.034108527131782945,0.053023255813953486,0.08589147286821705,0.048682170542635655,0.041550387596899226,0.04093023255813953,0.09147286821705426,0.04806201550387597,0.03131782945736434,0.03317829457364341,0.02666666666666667,0.0,0.022325581395348838,0.022325581395348838,0.022325581395348838,0.03255813953488372
1,0,0,0,0,0,0,0,0,0,0,0,0,0,0,0,2,0,0,0,0,1,0,0,0,0,0.03976927747419551,0.03126897389192471,0.027625986642380085,0.05494839101396479,0.06071645415907711,0.022465088038858532,0.026411657559198543,0.061627200971463264,0.07012750455373407,0.02853673345476624,0.018214936247723135,0.05191256830601093,0.060412871888281726,0.056162720097146325,0.04523375834851245,0.0,0.07893139040680024,0.03642987249544627,0.04705525197328476,0.028840315725561626,0.0,0.03885853066180935,0.033090467516697024,0.04705525197328476,0.03430479659987857
2,0,0,0,0,0,0,0,0,0,0,0,0,0,0,0,2,1,0,0,0,1,0,0,0,0,0.01595581466707579,0.0368211107701749,0.02700214789812826,0.04173059220619822,0.0816201288738877,0.03160478674440012,0.053390610616753605,0.0693464252838294,0.10187173979748389,0.04449217551396134,0.027922675667382633,0.10739490641301012,0.051856397667996317,0.04756060141147591,0.05001534212948757,0.0,0.0,0.036207425590671985,0.03283215710340595,0.04326480515495551,0.0,0.026388462718625345,0.02976373120589138,0.027922675667382633,0.015035286897821418
1,0,0,0,0,0,0,0,0,0,0,0,2,0,0,0,2,1,0,0,0,1,0,0,0,0,0.02299193789190803,0.020005971931919976,0.03433860853986265,0.05106001791579576,0.09823828008360705,0.04687966557181248,0.03254702896386981,0.04508808599581965,0.07554493878769782,0.050761421319796954,0.03254702896386981,0.0,0.21021200358315914,0.04568527918781726,0.0316512391758734,0.0,0.0,0.029859659599880562,0.03792176769184831,0.029859659599880562,0.0,0.028068080023887727,0.0212003583159152,0.029859659599880562,0.025679307255897284
2,0,0,0,0,0,0,0,0,0,0,0,2,1,0,0,2,1,0,0,0,1,0,0,0,0,0.030245746691871456,0.03267620847961113,0.03456656764785309,0.062381852551984876,0.1234134485552255,0.03078584931136916,0.040507696462327845,0.20496894409937888,0.0661625708884688,0.05157980016203079,0.0469889278963003,0.0,0.0,0.035646772886848505,0.03618687550634621,0.0,0.0,0.028895490143127193,0.028895490143127193,0.03213610586011342,0.0,0.029435592762624897,0.028895490143127193,0.02619497704563867,0.029435592762624897
1,0,0,0,0,0,0,0,2,0,0,0,2,1,0,0,2,1,0,0,0,1,0,0,0,0,0.019159127195316657,0.02048962213943587,0.024215007982969664,0.04390633315593401,0.1059073975518893,0.02794039382650346,0.023416711016498136,0.0,0.4153805215540181,0.05375199574241618,0.021287919105907396,0.0,0.0,0.02927088877062267,0.015965939329430547,0.0,0.0,0.02581160191591272,0.022884513038850453,0.03299627461415647,0.0,0.03326237360298031,0.021287919105907396,0.03805215540180947,0.025013304949441192
2,0,0,0,0,0,0,0,2,1,0,0,2,1,0,0,2,1,0,0,0,1,0,0,0,0,0.046052631578947366,0.06578947368421052,0.03508771929824561,0.14100877192982456,0.13662280701754387,0.04276315789473684,0.04407894736842105,0.0,0.0,0.035964912280701755,0.04473684210526316,0.0,0.0,0.035964912280701755,0.05307017543859649,0.0,0.0,0.05131578947368421,0.055043859649122805,0.05,0.0,0.0331140350877193,0.03662280701754386,0.04802631578947368,0.04473684210526316
1,0,0,0,2,0,0,0,2,1,0,0,2,1,0,0,2,1,0,0,0,1,0,0,0,0,0.013728720483250962,0.01070840197693575,0.014552443712246019,0.0,0.8110928061504667,0.012904997254255904,0.011257550796265788,0.0,0.0,0.012355848434925865,0.010159253157605712,0.0,0.0,0.010159253157605712,0.008786381109280615,0.0,0.0,0.011806699615595826,0.009060955518945634,0.014552443712246019,0.0,0.007688083470620538,0.015650741350906095,0.015650741350906095,0.009884678747940691
1,0,0,0,0,0,0,0,0,0,0,0,0,0,0,0,0,0,0,0,0,0,0,0,0,0,0.033,0.033,0.026333333333333334,0.03833333333333333,0.059,0.030666666666666665,0.04833333333333333,0.072,0.05566666666666667,0.049666666666666665,0.026333333333333334,0.043,0.058333333333333334,0.03866666666666667,0.051333333333333335,0.029,0.029333333333333333,0.034666666666666665,0.036,0.06166666666666667,0.023333333333333334,0.043666666666666666,0.021,0.030333333333333334,0.027333333333333334
2,0,0,0,0,0,0,0,1,0,0,0,0,0,0,0,0,0,0,0,0,0,0,0,0,0,0.030793157076205287,0.046034214618973564,0.05194401244167963,0.04696734059097978,0.04696734059097978,0.024261275272161743,0.0255054432348367,0.0,0.03639191290824261,0.03421461897356143,0.029548989113530325,0.05909797822706065,0.030793157076205287,0.06842923794712286,0.03359253499222395,0.04043545878693624,0.06220839813374806,0.08149300155520996,0.039191290824261274,0.04696734059097978,0.038258164852255055,0.0447900466562986,0.02177293934681182,0.034836702954898914,0.0255054432348367
1,0,0,0,0,0,0,0,1,0,0,0,0,0,0,0,0,0,2,0,0,0,0,0,0,0,0.04139834406623735,0.02698558724317694,0.047224777675559645,0.04139834406623735,0.04323827046918123,0.034651947255443113,0.027598896044158234,0.0,0.040478380864765406,0.03005213124808341,0.03771849126034959,0.045998160073597055,0.06531738730450783,0.046304814474087706,0.06317080650107329,0.037105182459368294,0.1180619441888991,0.0,0.03189205765102729,0.034958601655933765,0.048451395277522236,0.04569150567310641,0.023305734437289175,0.03925176326280282,0.029745476847592763
2,0,0,0,0,0,0,0,1,0,0,0,0,0,0,0,0,1,2,0,0,0,0,0,0,0,0.034278959810874705,0.0508274231678487,0.04639479905437352,0.048167848699763594,0.037529550827423167,0.024822695035460994,0.037529550827423167,0.0,0.04580378250591016,0.030141843971631204,0.03693853427895981,0.08303782505910165,0.06382978723404255,0.03368794326241135,0.026891252955082743,0.030732860520094562,0.0,0.0,0.038120567375886524,0.03250591016548463,0.08953900709219859,0.08244680851063829,0.038120567375886524,0.047576832151300236,0.041075650118203307
1,0,0,0,0,0,0,0,1,0,0,0,0,0,0,0,0,1,2,0,0,2,0,0,0,0,0.036947304663840094,0.030587522713506964,0.03270745003028468,0.031496062992125984,0.041792852816474865,0.03331314354936402,0.025439127801332527,0.0,0.032404603270745,0.04058146577831617,0.025136281041792854,0.041792852816474865,0.034524530587522716,0.04300423985463356,0.03119321623258631,0.028467595396729255,0.0,0.0,0.04270139309509388,0.03725015142337977,0.0,0.323137492428831,0.02483343428225318,0.04239854633555421,0.020290732889158086
2,0,0,0,0,0,0,0,1,0,0,0,0,0,0,0,0,1,2,0,0,2,1,0,0,0,0.04328578455484506,0.04328578455484506,0.06665027053615347,0.049926217412690606,0.05484505656665027,0.050664043285784555,0.041810132808657155,0.0,0.04476143630103296,0.04771273979340875,0.03861288735858338,0.07993113625184456,0.1310870634530251,0.031972454500737824,0.042547958681751104,0.04328578455484506,0.0,0.0,0.05189375307427447,0.02926709296606001,0.0,0.0,0.03713723561239547,0.049926217412690606,0.021396950319724543
1,0,0,0,0,0,0,0,1,0,0,0,0,2,0,0,0,1,2,0,0,2,1,0,0,0,0.03227633069082673,0.03680634201585504,0.03567383918459796,0.038788221970554926,0.0232163080407701,0.02349943374858437,0.03142695356738392,0.0,0.04813137032842582,0.0232163080407701,0.059456398640996604,0.42355605889014725,0.0,0.03227633069082673,0.020951302378255945,0.03227633069082673,0.0,0.0,0.02944507361268403,0.029728199320498302,0.0,0.0,0.02491506228765572,0.02491506228765572,0.02944507361268403
2,0,0,0,0,0,0,0,1,0,0,0,1,2,0,0,0,1,2,0,0,2,1,0,0,0,0.047830923248053395,0.04671857619577308,0.09454949944382647,0.08231368186874305,0.07230255839822025,0.05494994438264739,0.05739710789766407,0.0,0.060734149054505006,0.04916573971078977,0.05161290322580645,0.0,0.0,0.047830923248053395,0.04671857619577308,0.04160177975528365,0.0,0.0,0.05272525027808676,0.040266963292547274,0.0,0.0,0.05272525027808676,0.04671857619577308,0.053837597330367075
1,0,0,2,0,0,0,0,1,0,0,0,1,2,0,0,0,1,2,0,0,2,1,0,0,0,0.04702102803738318,0.07622663551401869,0.0,0.17844626168224298,0.0820677570093458,0.055490654205607476,0.06366822429906542,0.0,0.035046728971962614,0.06366822429906542,0.06337616822429906,0.0,0.0,0.04351635514018692,0.04439252336448598,0.0397196261682243,0.0,0.0,0.04497663551401869,0.03533878504672897,0.0,0.0,0.039135514018691586,0.041179906542056076,0.04672897196261682
1,0,0,0,0,0,0,0,0,0,0,0,0,0,0,0,0,0,0,0,0,0,0,0,0,0,0.019666666666666666,0.03133333333333333,0.03,0.038,0.058333333333333334,0.042,0.021,0.064,0.05633333333333333,0.056666666666666664,0.027333333333333334,0.025333333333333333,0.050333333333333334,0.03833333333333333,0.05333333333333334,0.042,0.04666666666666667,0.051333333333333335,0.04666666666666667,0.019666666666666666,0.071,0.030333333333333334,0.018333333333333333,0.02666666666666667,0.035333333333333335
2,0,0,0,0,0,0,0,0,0,0,0,0,0,0,0,0,0,0,0,0,1,0,0,0,0,0.03424657534246575,0.033623910336239106,0.041718555417185554,0.04576587795765878,0.04389788293897883,0.037359900373599,0.06631382316313823,0.053549190535491904,0.028019925280199254,0.042652552926525526,0.03891656288916563,0.06537982565379825,0.05821917808219178,0.051681195516811954,0.03642590286425903,0.056351183063511834,0.04389788293897883,0.03424657534246575,0.029576587795765878,0.015877957658779578,0.0,0.026151930261519303,0.042652552926525526,0.030821917808219176,0.042652552926525526
1,0,0,0,0,0,0,2,0,0,0,0,0,0,0,0,0,0,0,0,0,1,0,0,0,0,0.02303860523038605,0.04327521793275218,0.04296388542963885,0.055417185554171855,0.04950186799501868,0.030510585305105854,0.0,0.06693648816936489,0.04327521793275218,0.03922789539227895,0.055417185554171855,0.04016189290161893,0.07534246575342465,0.05199252801992528,0.04763387297633873,0.046699875466998754,0.04296388542963885,0.05572851805728518,0.03798256537982565,0.0361145703611457,0.0,0.021793275217932753,0.036737235367372355,0.024906600249066,0.0323785803237858
2,0,0,0,0,0,0,2,0,0,0,0,0,1,0,0,0,0,0,0,0,1,0,0,0,0,0.03147176797284788,0.032397408207343416,0.04998457266275841,0.0792965134217834,0.06047516198704104,0.052761493366244985,0.0,0.07065720456649183,0.06201789571120025,0.023449552607219995,0.052761493366244985,0.03980253008330762,0.0,0.0484418389385992,0.029929034248688677,0.06263498920086392,0.06541190990435052,0.04504782474544894,0.047824745448935516,0.02283245911755631,0.0,0.033940141931502625,0.03147176797284788,0.03640851589015736,0.020981178648565257
1,0,0,0,2,0,0,2,0,0,0,0,0,1,0,0,0,0,0,0,0,1,0,0,0,0,0.02979115479115479,0.052518427518427516,0.06971744471744472,0.0,0.1630835380835381,0.056203931203931204,0.0,0.04207616707616708,0.04207616707616708,0.03531941031941032,0.044226044226044224,0.048832923832923834,0.0,0.036855036855036855,0.05067567567567568,0.05773955773955774,0.04914004914004914,0.028562653562653563,0.03624078624078624,0.04054054054054054,0.0,0.026412776412776413,0.040847665847665846,0.015356265356265357,0.033783783783783786
2,0,0,0,2,1,0,2,0,0,0,0,0,1,0,0,0,0,0,0,0,1,0,0,0,0,0.025779036827195467,0.04220963172804532,0.05807365439093484,0.0,0.0,0.05297450424929179,0.0,0.05099150141643059,0.12407932011331445,0.058923512747875356,0.05042492917847025,0.055524079320113315,0.0,0.06402266288951841,0.054957507082152975,0.04164305949008498,0.054957507082152975,0.05099150141643059,0.028045325779036828,0.04220963172804532,0.0,0.036827195467422094,0.037393767705382434,0.039660056657223795,0.03031161473087819
1,0,0,0,2,1,0,2,0,2,0,0,0,1,0,0,0,0,0,0,0,1,0,0,0,0,0.05149839976723887,0.033168460867035204,0.06575501891184173,0.0,0.0,0.05382601105615362,0.0,0.09659586848996217,0.0,0.1763165551352924,0.05731742798952575,0.024148967122490542,0.0,0.05091649694501019,0.04189700320046552,0.03724178062263602,0.043933663078265926,0.044515565900494616,0.03229560663369217,0.04073319755600815,0.0,0.04218795461157986,0.039278440500436426,0.04102414896712249,0.027349432644748328
2,0,0,0,2,1,0,2,0,2,1,0,0,1,0,0,0,0,0,0,0,1,0,0,0,0,0.04604715672676838,0.03217753120665742,0.04937586685159501,0.0,0.0,0.04521497919556172,0.0,0.04105409153952843,0.0,0.0,0.034396671289875176,0.04022191400832178,0.0,0.22468793342579751,0.06102635228848821,0.0521497919556172,0.05159500693481276,0.05353675450762829,0.055755894590846046,0.04660194174757282,0.0,0.03744798890429958,0.04244105409153953,0.031345353675450764,0.05492371705963939
1,0,0,0,2,1,0,2,0,2,1,0,0,1,2,0,0,0,0,0,0,1,0,0,0,0,0.02520346547650302,0.0312417957469152,0.05670779732213179,0.0,0.0,0.06720924127067472,0.0,0.07666054082436335,0.0,0.0,0.045156208978734576,0.033079548437910215,0.0,0.0,0.33210816487267,0.04043055920189026,0.0351798372276188,0.02520346547650302,0.04961932265686532,0.04069309530060383,0.0,0.03780519821475453,0.04279338409031242,0.03229194014176949,0.028616434759779468
2,0,0,0,2,1,0,2,0,2,1,0,0,1,2,1,0,0,0,0,0,1,0,0,0,0,0.04596622889305816,0.028846153846153848,0.04596622889305816,0.0,0.0,0.05018761726078799,0.0,0.051594746716697934,0.0,0.0,0.05863039399624766,0.04526266416510319,0.0,0.0,0.0,0.036116322701688554,0.04526266416510319,0.042917448405253286,0.20544090056285177,0.13907129455909945,0.0,0.0473733583489681,0.052298311444652905,0.04151031894934334,0.06355534709193246
1,0,0,0,2,1,0,2,0,2,1,0,0,1,2,1,0,0,0,2,0,1,0,0,0,0,0.023741935483870966,0.03587096774193548,0.03948387096774193,0.0,0.0,0.030193548387096775,0.0,0.06632258064516129,0.0,0.0,0.0544516129032258,0.04206451612903226,0.0,0.0,0.0,0.03561290322580645,0.03096774193548387,0.03948387096774193,0.0,0.45883870967741935,0.0,0.022193548387096775,0.04051612903225806,0.04232258064516129,0.03793548387096774
2,0,0,0,2,1,0,2,0,2,1,0,0,1,2,1,0,0,0,2,1,1,0,0,0,0,0.0422859535273184,0.05107808247854302,0.07933849696462215,0.0,0.0,0.05003140046054009,0.0,0.06656897634498639,0.0,0.0,0.05756751099016119,0.05484613774335357,0.0,0.0,0.0,0.05003140046054009,0.05379945572535064,0.058404856604563536,0.0,0.0,0.0,0.04731002721373247,0.05673016537575885,0.16370106761565836,0.16830646849487127
1,0,0,0,2,1,0,2,0,2,1,0,0,1,2,1,0,0,0,2,1,1,0,0,0,2,0.02576912963449908,0.03129108598474888,0.052064159873783857,0.0,0.0,0.027346831448856166,0.0,0.034446489613463055,0.0,0.0,0.03655009203260584,0.02682093084407047,0.0,0.0,0.0,0.036813042334998686,0.03576124112542729,0.02945043386799895,0.0,0.0,0.0,0.03129108598474888,0.01630291874835656,0.6160925585064423,0.0
1,0,0,0,0,0,0,0,0,0,0,0,0,0,0,0,0,0,0,0,0,0,0,0,0,0,0.024,0.047,0.051666666666666666,0.04,0.043,0.033,0.056666666666666664,0.043,0.03766666666666667,0.021,0.03233333333333333,0.064,0.04033333333333333,0.033666666666666664,0.03833333333333333,0.027333333333333334,0.04833333333333333,0.067,0.03766666666666667,0.04033333333333333,0.03,0.04833333333333333,0.03233333333333333,0.032,0.031
2,0,0,0,0,0,0,0,0,0,0,0,0,0,0,0,0,0,1,0,0,0,0,0,0,0,0.035625,0.0559375,0.015,0.048125,0.0559375,0.0384375,0.0459375,0.05125,0.0671875,0.06,0.046875,0.03375,0.05375,0.0459375,0.03,0.039375,0.0303125,0.0,0.0459375,0.0240625,0.0428125,0.035625,0.0259375,0.0475,0.0246875
1,0,0,0,0,0,0,0,0,2,0,0,0,0,0,0,0,0,1,0,0,0,0,0,0,0,0.035158680771624144,0.04262601120099564,0.03422526446795271,0.04667081518357187,0.06378344741754823,0.03671437461107654,0.05631611698817673,0.08525202240199128,0.0,0.043559427504667084,0.03640323584318606,0.053515868077162417,0.07125077784691973,0.037336652146857496,0.017112632233976355,0.027691350342252646,0.03827006845052894,0.0,0.03546981953951462,0.037958929682638455,0.03422526446795271,0.04791537025513379,0.042314872433105166,0.03920348475420037,0.03702551337896702
2,0,0,0,0,0,0,0,1,2,0,0,0,0,0,0,0,0,1,0,0,0,0,0,0,0,0.026275588145432325,0.03360831041857623,0.05652306752215093,0.03452490070271922,0.03238619003971891,0.04766269477543538,0.04919034524900703,0.0,0.0,0.05957836846929423,0.031164069660861594,0.05163458600672166,0.13046135044301863,0.03360831041857623,0.026275588145432325,0.036969141460433855,0.06691109074243813,0.0,0.03635808127100519,0.05438435685915063,0.04216315307057745,0.05468988695386495,0.03452490070271922,0.039718912312862814,0.021387106630003056
1,0,0,0,0,0,0,0,1,2,0,0,0,2,0,0,0,0,1,0,0,0,0,0,0,0,0.040280210157618214,0.036485697606538234,0.03852889667250438,0.03794512551079977,0.07267950963222417,0.04816112084063047,0.03210741389375365,0.0,0.0,0.05837711617046118,0.03619381202568593,0.13105662580268534,0.0,0.03794512551079977,0.03327495621716287,0.043782837127845885,0.08172796263864565,0.0,0.024518388791593695,0.03852889667250438,0.05750145942790426,0.04407472270869819,0.040863981319322826,0.03765323992994746,0.028312901342673672
2,0,0,0,0,0,0,0,1,2,0,0,1,2,0,0,0,0,1,0,0,0,0,0,0,0,0.04524361948955916,0.033642691415313224,0.060904872389791184,0.03625290023201856,0.05771461716937355,0.037703016241299306,0.024071925754060326,0.0,0.0,0.04582366589327146,0.03335266821345707,0.0,0.0,0.049303944315545245,0.030452436194895592,0.04524361948955916,0.23723897911832947,0.0,0.037412993039443156,0.02291183294663573,0.05945475638051044,0.02842227378190255,0.04031322505800464,0.03973317865429234,0.03480278422273782
1,0,0,0,0,0,0,0,1,2,0,0,1,2,0,0,0,2,1,0,0,0,0,0,0,0,0.03851192035630076,0.030390358920618286,0.0505632695834425,0.03955986376735656,0.10820015719151166,0.0505632695834425,0.04296567985328792,0.0,0.0,0.06995022268797485,0.047943411055802986,0.0,0.0,0.045061566675399525,0.03117631647891014,0.1053183128111082,0.0,0.0,0.02515064186533927,0.04401362326434372,0.14723604925334033,0.03222425988996594,0.03222425988996594,0.0351061042703694,0.023840712601519518
2,0,0,0,0,0,0,0,1,2,0,0,1,2,0,0,0,2,1,0,0,1,0,0,0,0,0.016849199663016005,0.029766919404661613,0.02134231957315361,0.020219039595619208,0.02611625947767481,0.020780679584386407,0.02274641954507161,0.0,0.0,0.03004773939904521,0.013760179724796406,0.0,0.0,0.016006739679865205,0.015725919685481607,0.6472900870541982,0.0,0.0,0.02415051951698961,0.01909575961808481,0.0,0.013479359730412805,0.02499297950014041,0.02106149957877001,0.016568379668632408
1,0,0,0,0,0,0,0,1,2,0,0,1,2,0,0,2,2,1,0,0,1,0,0,0,0,0.040158371040723985,0.04487179487179487,0.0386500754147813,0.04487179487179487,0.1478129713423831,0.040158371040723985,0.0386500754147813,0.0,0.0,0.14234539969834087,0.03299396681749623,0.0,0.0,0.07616892911010557,0.06843891402714933,0.0,0.0,0.0,0.05222473604826546,0.0529788838612368,0.0,0.041666666666666664,0.049962292609351436,0.04242081447963801,0.04562594268476621
2,0,0,0,0,1,0,0,1,2,0,0,1,2,0,0,2,2,1,0,0,1,0,0,0,0,0.024054982817869417,0.023790642347343377,0.016653449643140365,0.021940259053661114,0.0,0.02035421623050489,0.013481363996827915,0.0,0.0,0.5593444356330954,0.015596087761036215,0.0,0.0,0.08035950303991542,0.05366111551678562,0.0,0.0,0.0,0.029870473169442243,0.03938673010837959,0.0,0.02907745175786413,0.02775574940523394,0.02035421623050489,0.024319323288395454
1,0,0,0,0,0,0,0,0,0,0,0,0,0,0,0,0,0,0,0,0,0,0,0,0,0,0.019666666666666666,0.030666666666666665,0.033666666666666664,0.032,0.043,0.024666666666666667,0.04033333333333333,0.042333333333333334,0.05,0.04133333333333333,0.031,0.056,0.048666666666666664,0.03966666666666667,0.051,0.027666666666666666,0.05533333333333333,0.021,0.039,0.025333333333333333,0.06666666666666667,0.047,0.056,0.03333333333333333,0.04466666666666667
2,0,0,0,0,0,0,0,0,0,0,0,0,0,0,0,0,0,0,0,0,1,0,0,0,0,0.04626445764301344,0.04751484839012191,0.03125976867771178,0.030009377930603313,0.02782119412316349,0.03376055017192873,0.044701469209127855,0.052829009065332916,0.06439512347608628,0.07596123788683964,0.035948733979368555,0.06877149109096593,0.05032822757111598,0.028133791809940606,0.02938418255704908,0.04001250390747108,0.08033760550171928,0.016567677399187245,0.028133791809940606,0.035948733979368555,0.0,0.04845264145045327,0.023444826508283837,0.02938418255704908,0.030634573304157548
1,0,0,0,0,0,0,0,0,0,0,0,0,0,0,0,0,2,0,0,0,1,0,0,0,0,0.04238329238329238,0.03501228501228501,0.02364864864864865,0.044533169533169534,0.07186732186732187,0.04637592137592138,0.032862407862407864,0.0472972972972973,0.05988943488943489,0.03992628992628992,0.049754299754299756,0.032555282555282554,0.05098280098280098,0.03777641277641278,0.04361179361179361,0.10165847665847666,0.0,0.03194103194103194,0.036855036855036855,0.03931203931203931,0.0,0.03992628992628992,0.05497542997542997,0.01934889434889435,0.017506142506142505
2,0,0,0,0,0,0,0,0,0,0,0,0,0,0,0,1,2,0,0,0,1,0,0,0,0,0.03423423423423423,0.05315315315315315,0.04084084084084084,0.05315315315315315,0.04924924924924925,0.06606606606606606,0.06306306306306306,0.03633633633633634,0.045345345345345345,0.03753753753753754,0.06966966966966967,0.05675675675675676,0.04744744744744745,0.05315315315315315,0.04474474474474475,0.0,0.0,0.03423423423423423,0.04474474474474475,0.036936936936936934,0.0,0.034834834834834835,0.036936936936936934,0.03213213213213213,0.02942942942942943
1,0,0,0,0,0,0,0,0,0,0,2,0,0,0,0,1,2,0,0,0,1,0,0,0,0,0.025379139585267718,0.025998142989786442,0.03961621788919839,0.045187248529866914,0.06406685236768803,0.02847415660786134,0.041163726400495204,0.06437635406994738,0.0485917672547199,0.05725781491798205,0.0,0.19467657072113898,0.04580625193438564,0.05323429278861034,0.023831631073970908,0.0,0.0,0.07180439492417208,0.03187867533271433,0.02816465490560198,0.0,0.02940266171463943,0.020117610646858557,0.02661714639430517,0.034354688950789226
2,0,0,0,0,0,0,0,0,0,0,2,1,0,0,0,1,2,0,0,0,1,0,0,0,0,0.03693495038588754,0.04768467475192944,0.0711135611907387,0.07414553472987873,0.04768467475192944,0.03693495038588754,0.15628445424476295,0.07552370452039692,0.04851157662624035,0.040793825799338476,0.0,0.0,0.03693495038588754,0.028390297684674753,0.041620727673649396,0.0,0.0,0.044652701212789414,0.041620727673649396,0.03528114663726571,0.0,0.03996692392502756,0.03362734288864388,0.031146637265711135,0.031146637265711135
1,0,0,0,0,0,0,2,0,0,0,2,1,0,0,0,1,2,0,0,0,1,0,0,0,0,0.028042624789680313,0.01598429613011778,0.05916993830622546,0.08384744812114414,0.08833426808749299,0.033370723499719576,0.0,0.22938867077958497,0.07375210319685922,0.04094223219293326,0.0,0.0,0.04991587212563096,0.04290521592821088,0.040661805945036454,0.0,0.0,0.02860347728547392,0.023555804823331465,0.03140773976444195,0.0,0.04711160964666293,0.029725182277061134,0.027201346045989904,0.02607964105440269
2,0,0,0,0,0,0,2,1,0,0,2,1,0,0,0,1,2,0,0,0,1,0,0,0,0,0.03379617500654965,0.04741943935027509,0.1558815823945507,0.1409483887870055,0.06313859051611213,0.035892061828661254,0.0,0.0,0.05449305737490175,0.048205396908566935,0.0,0.0,0.04165575058946817,0.043489651558815824,0.038773906209064714,0.0,0.0,0.04925334031962274,0.04270369400052397,0.038773906209064714,0.0,0.046371495939219284,0.04558553838092743,0.03772596279800891,0.035892061828661254
1,0,0,2,0,0,0,2,1,0,0,2,1,0,0,0,1,2,0,0,0,1,0,0,0,0,0.02531997774067891,0.02810239287701725,0.0,0.597384529771842,0.04257095158597663,0.026989426822481913,0.0,0.0,0.032276015581524764,0.019755147468002224,0.0,0.0,0.020589872008903727,0.014190317195325543,0.02337228714524207,0.0,0.0,0.021146355036171398,0.03450194769059544,0.03060656649972176,0.0,0.025041736227045076,0.020311630495269895,0.018920422927100722,0.018920422927100722
