2,0,0,0,0,0,0,0,0,0,0,0,0,0,0,0,0,0,0,0,0,0,0,0,0,0,0.03233333333333333,0.03166666666666667,0.050333333333333334,0.032,0.04633333333333333,0.026333333333333334,0.042666666666666665,0.03966666666666667,0.052,0.04933333333333333,0.029333333333333333,0.06066666666666667,0.044,0.03966666666666667,0.036,0.061,0.05266666666666667,0.04533333333333334,0.024,0.03966666666666667,0.031,0.031,0.035333333333333335,0.04066666666666666,0.027
1,0,0,0,0,0,0,0,0,0,0,0,0,0,0,0,2,0,0,0,0,0,0,0,0,0,0.0339409176618479,0.04808296668761785,0.034569453174104335,0.0339409176618479,0.043683218101822754,0.0339409176618479,0.036769327467001886,0.0399120050282841,0.06725329981143935,0.04902576995600252,0.027341294783155248,0.04336895034569453,0.053739786297925835,0.031741043368950346,0.026712759270898806,0.0,0.07322438717787555,0.04116907605279698,0.051539912005028284,0.03236957888120679,0.049654305468258955,0.051539912005028284,0.02262727844123193,0.0399120050282841,0.0339409176618479
2,0,0,0,0,0,0,0,0,0,0,0,0,0,0,0,2,1,0,0,0,0,0,0,0,0,0.029393564356435642,0.04641089108910891,0.03589108910891089,0.04764851485148515,0.08508663366336634,0.04486386138613861,0.04764851485148515,0.03094059405940594,0.03527227722772277,0.04764851485148515,0.027846534653465347,0.08477722772277228,0.05136138613861386,0.06280940594059406,0.014542079207920793,0.0,0.0,0.03341584158415842,0.03310643564356436,0.04672029702970297,0.04486386138613861,0.043007425742574254,0.03527227722772277,0.034962871287128716,0.03650990099009901
1,0,0,0,0,2,0,0,0,0,0,0,0,0,0,0,2,1,0,0,0,0,0,0,0,0,0.03726328649969456,0.037874160048869884,0.0516188149053146,0.09102015882712279,0.0,0.03420891875381796,0.029321930360415395,0.08185705558949298,0.05192425167990226,0.031154551007941355,0.04031765424557117,0.11423335369578497,0.07910812461820403,0.04092852779474649,0.03879047037263286,0.0,0.0,0.03420891875381796,0.022296884544899205,0.02657299938912645,0.048564447159437994,0.036346976175931585,0.021075137446548563,0.030238240684178377,0.021075137446548563
2,0,0,0,0,2,0,0,0,0,0,0,1,0,0,0,2,1,0,0,0,0,0,0,0,0,0.03290839015713015,0.05217906907797213,0.054550844945152686,0.06937444411503113,0.0,0.04595315742662318,0.09012748295286095,0.06789208419804328,0.03765194189149126,0.039727245775274235,0.05721909279573081,0.0,0.023717758671805516,0.03824488585828639,0.034390750074117994,0.0,0.0,0.058108508745923514,0.032315446190335016,0.03616958197450341,0.05603320486214053,0.0486214052772013,0.02549659057219093,0.054254372961755115,0.045063741476430476
1,0,0,0,0,2,0,2,0,0,0,0,1,0,0,0,2,1,0,0,0,0,0,0,0,0,0.031183772328186497,0.04026642446260975,0.0420829548894944,0.13169845594913715,0.0,0.042991220102936725,0.0,0.19860732667272177,0.06267029972752043,0.022403875264910687,0.042991220102936725,0.0,0.02664244626097487,0.036027853466545565,0.027247956403269755,0.0,0.0,0.037844383893430214,0.041174689676052076,0.03814713896457766,0.06630336058128973,0.042991220102936725,0.03209203754162882,0.01634877384196185,0.020284589766878594
2,0,0,0,0,2,0,2,1,0,0,0,1,0,0,0,2,1,0,0,0,0,0,0,0,0,0.047058823529411764,0.037482900136798905,0.1253077975376197,0.11381668946648427,0.0,0.0506155950752394,0.0,0.0,0.03939808481532148,0.03173734610123119,0.04213406292749658,0.0,0.03337893296853625,0.05280437756497948,0.0399452804377565,0.0,0.0,0.04487004103967168,0.05116279069767442,0.035841313269493844,0.07086183310533516,0.07086183310533516,0.029822161422708618,0.05663474692202462,0.026265389876880985
1,0,0,2,0,2,0,2,1,0,0,0,1,0,0,0,2,1,0,0,0,0,0,0,0,0,0.01793462539774371,0.02256291582296789,0.0,0.670234307202777,0.0,0.02256291582296789,0.0,0.0,0.01822389354932022,0.013017066820943014,0.026612669945039052,0.0,0.02227364767139138,0.0202487706103558,0.019380966155626265,0.0,0.0,0.017356089094590684,0.015620480185131617,0.023430720277697426,0.019380966155626265,0.02198437951981487,0.008388776395718832,0.016488284639861153,0.02429852473242696
2,0,0,2,1,2,0,2,1,0,0,0,1,0,0,0,2,1,0,0,0,0,0,0,0,0,0.04288939051918736,0.0436418359668924,0.0,0.0,0.0,0.041572610985703536,0.0,0.0,0.0545522949586155,0.04288939051918736,0.03931527464258841,0.0,0.03574115876598947,0.05925507900677201,0.04288939051918736,0.0,0.0,0.04966139954853273,0.048720842738901426,0.0545522949586155,0.14240030097817907,0.13299473288186606,0.0664033107599699,0.05379984951091046,0.048720842738901426
1,0,0,2,1,2,0,2,1,0,0,0,1,0,0,0,2,1,0,0,0,2,0,0,0,0,0.023961661341853034,0.029818956336528223,0.0,0.0,0.0,0.023961661341853034,0.0,0.0,0.036741214057507986,0.036741214057507986,0.03035143769968051,0.0,0.044994675186368474,0.035942492012779555,0.023961661341853034,0.0,0.0,0.06815761448349308,0.05511182108626198,0.03354632587859425,0.0,0.4371671991480298,0.04792332268370607,0.04739084132055378,0.02422790202342918
1,0,0,0,0,0,0,0,0,0,0,0,0,0,0,0,0,0,0,0,0,0,0,0,0,0,0.033666666666666664,0.02666666666666667,0.024333333333333332,0.03666666666666667,0.03966666666666667,0.025333333333333333,0.022333333333333334,0.035666666666666666,0.037,0.053,0.048666666666666664,0.043333333333333335,0.050333333333333334,0.04066666666666666,0.02666666666666667,0.03233333333333333,0.055,0.085,0.04466666666666667,0.03833333333333333,0.05433333333333333,0.04733333333333333,0.038,0.032,0.029
2,0,0,0,0,0,0,0,0,0,0,0,0,0,0,0,0,0,1,0,0,0,0,0,0,0,0.03011677934849416,0.026121696373693916,0.0430239704978488,0.037492317148125384,0.06976029502151199,0.035955746773202214,0.0430239704978488,0.0439459127228027,0.0762138905961893,0.035955746773202214,0.03687768899815612,0.04548248309772587,0.0626920712968654,0.027350952673632453,0.05654578979717271,0.049170251997541485,0.0313460356484327,0.0,0.0439459127228027,0.027350952673632453,0.03687768899815612,0.03626306084818685,0.047633681622618315,0.0313460356484327,0.025507068223724647
1,0,0,0,0,0,0,0,0,2,0,0,0,0,0,0,0,0,1,0,0,0,0,0,0,0,0.017246689251616876,0.05420388050508161,0.03726516784724361,0.046812442254388666,0.04588851247305205,0.04034493378503234,0.024638127502309825,0.09085309516476747,0.0,0.060979365568216815,0.06313520172466892,0.03634123806590699,0.06128734216199569,0.04280874653526332,0.02987372959655066,0.03788112103480135,0.03788112103480135,0.0,0.03449337850323375,0.034185401909454884,0.05574376347397598,0.03634123806590699,0.04003695719125346,0.04619648906683092,0.025562057283646442
2,0,0,0,0,0,0,0,1,2,0,0,0,0,0,0,0,0,1,0,0,0,0,0,0,0,0.02792956891317547,0.023375834851244687,0.04219793564055859,0.08318154219793564,0.05130540376442016,0.03551912568306011,0.0525197328476017,0.0,0.0,0.04007285974499089,0.03278688524590164,0.03946569520340012,0.122040072859745,0.029751062537947785,0.029143897996357013,0.06132361870066788,0.04644808743169399,0.0,0.030358227079538554,0.03885853066180935,0.0440194292653309,0.044930176077717064,0.044930176077717064,0.04644808743169399,0.033394049787492414
1,0,0,0,0,0,0,0,1,2,0,0,0,2,0,0,0,0,1,0,0,0,0,0,0,0,0.030285210232284622,0.037635989414877974,0.04351661276095266,0.04204645692443399,0.04204645692443399,0.030579241399588356,0.03998823875330785,0.0,0.0,0.045280799764775066,0.017347838870920316,0.10438106439282564,0.0,0.040870332255219056,0.04733901793590121,0.08644516318729785,0.10320493972361071,0.0,0.03851808291678918,0.03851808291678918,0.06115848279917671,0.029697147897677155,0.037635989414877974,0.03851808291678918,0.04498676859747133
2,0,0,0,0,0,0,0,1,2,0,0,1,2,0,0,0,0,1,0,0,0,0,0,0,0,0.031604054859868815,0.031604054859868815,0.048598688133571856,0.06022659511031604,0.046511627906976744,0.03667262969588551,0.023255813953488372,0.0,0.0,0.04084675014907573,0.02653548002385212,0.0,0.0,0.03935599284436494,0.0345855694692904,0.048598688133571856,0.30381633870005964,0.0,0.03875968992248062,0.029218843172331546,0.035181872391174714,0.0345855694692904,0.037268932617769826,0.037865235539654145,0.01490757304710793
1,0,0,0,0,0,0,0,1,2,0,0,1,2,0,0,0,2,1,0,0,0,0,0,0,0,0.033101045296167246,0.041314086610253854,0.04604280736684918,0.048531607765057244,0.07914385266301642,0.02812344449975112,0.0353409656545545,0.0,0.0,0.08934793429566949,0.03160776505724241,0.0,0.0,0.03708312593330015,0.06172224987555998,0.11772025883524141,0.0,0.0,0.041811846689895474,0.04604280736684918,0.10577401692384271,0.029865604778496764,0.041314086610253854,0.041811846689895474,0.04430064708810354
2,0,0,0,0,0,0,0,1,2,0,0,1,2,0,0,1,2,1,0,0,0,0,0,0,0,0.019873271889400922,0.025057603686635944,0.021601382488479263,0.03197004608294931,0.022753456221198155,0.017857142857142856,0.017569124423963134,0.0,0.0,0.02304147465437788,0.019585253456221197,0.0,0.0,0.015841013824884793,0.020737327188940093,0.0,0.0,0.0,0.021025345622119815,0.01238479262672811,0.6601382488479263,0.016129032258064516,0.02044930875576037,0.014976958525345621,0.019009216589861752
1,0,0,0,0,0,0,0,1,2,0,0,1,2,0,0,1,2,1,0,0,2,0,0,0,0,0.03704403704403705,0.03704403704403705,0.043281043281043284,0.031563031563031564,0.12927612927612928,0.0343980343980344,0.04838404838404838,0.0,0.0,0.16235116235116234,0.04914004914004914,0.0,0.0,0.06426006426006425,0.08221508221508221,0.0,0.0,0.0,0.052353052353052355,0.04573804573804574,0.0,0.038934038934038934,0.060291060291060294,0.04403704403704404,0.03969003969003969
2,0,0,0,0,0,0,0,1,2,1,0,1,2,0,0,1,2,1,0,0,2,0,0,0,0,0.023587350959046138,0.018144116122343183,0.034473820632452044,0.02695697252462416,0.5062208398133748,0.028771384136858476,0.04380508035251426,0.0,0.0,0.0,0.023846552617936754,0.0,0.0,0.06480041472265423,0.05339554173146708,0.0,0.0,0.0,0.03084499740798341,0.019440124416796267,0.0,0.041472265422498704,0.03421461897356143,0.022032141005702437,0.027993779160186624
2,0,0,0,0,0,0,0,0,0,0,0,0,0,0,0,0,0,0,0,0,0,0,0,0,0,0.032,0.042333333333333334,0.04033333333333333,0.042,0.06733333333333333,0.026333333333333334,0.052333333333333336,0.034,0.04466666666666667,0.036333333333333336,0.03133333333333333,0.043,0.043,0.035333333333333335,0.04066666666666666,0.021666666666666667,0.026333333333333334,0.041666666666666664,0.034,0.03233333333333333,0.060333333333333336,0.042,0.04,0.051333333333333335,0.03933333333333333
1,0,0,0,0,2,0,0,0,0,0,0,0,0,0,0,0,0,0,0,0,0,0,0,0,0,0.03342705404561075,0.028116213683223992,0.04873477038425492,0.03498906591690097,0.0,0.04623555139019057,0.03436426116838488,0.05748203686348016,0.05373320837238363,0.021243361449547016,0.04217432052483599,0.07154014370509215,0.07029053420805999,0.03561387066541706,0.027491408934707903,0.038425492033739454,0.0499843798812871,0.04561074664167448,0.05310840362386754,0.04654795376444861,0.03436426116838488,0.03342705404561075,0.03280224929709466,0.03655107778819119,0.023742580443611373
2,0,0,0,0,2,0,0,0,0,0,0,1,0,0,0,0,0,0,0,0,0,0,0,0,0,0.04553903345724907,0.04120198265179678,0.04894671623296159,0.08333333333333333,0.0,0.021995043370508054,0.0563816604708798,0.057001239157372985,0.036864931846344484,0.04553903345724907,0.02942998760842627,0.0,0.05607187112763321,0.04770755885997522,0.017967781908302356,0.04368029739776952,0.060099132589838906,0.05731102850061958,0.04925650557620818,0.024783147459727387,0.06133828996282528,0.037794299876084264,0.03500619578686493,0.01858736059479554,0.024163568773234202
1,0,0,0,2,2,0,0,0,0,0,0,1,0,0,0,0,0,0,0,0,0,0,0,0,0,0.044063647490820076,0.03824969400244798,0.06884944920440636,0.0,0.0,0.07466340269277846,0.06089351285189718,0.05018359853121175,0.023255813953488372,0.02631578947368421,0.03610771113831089,0.0,0.0587515299877601,0.040697674418604654,0.02876376988984088,0.030599755201958383,0.10709914320685435,0.044981640146878825,0.040697674418604654,0.029987760097919217,0.04895960832313342,0.03763769889840881,0.03610771113831089,0.040697674418604654,0.03243574051407589
2,0,0,0,2,2,0,0,0,0,0,0,1,0,0,0,0,1,0,0,0,0,0,0,0,0,0.04150492684383398,0.0585249328157659,0.12600776351149598,0.0,0.0,0.037623171095849506,0.15795759928336817,0.04329650641982681,0.036727381307853094,0.02030456852791878,0.05733054643177068,0.0,0.04419229620782323,0.02717229023589131,0.0370259779038519,0.02090176171991639,0.0,0.028963869811884143,0.0370259779038519,0.037623171095849506,0.041206330247835175,0.04896984174380412,0.04598387578381606,0.02030456852791878,0.03135264257987459
1,0,0,0,2,2,0,2,0,0,0,0,1,0,0,0,0,1,0,0,0,0,0,0,0,0,0.041666666666666664,0.031746031746031744,0.070578231292517,0.0,0.0,0.08134920634920635,0.0,0.13463718820861678,0.03741496598639456,0.04790249433106576,0.10345804988662131,0.0,0.041666666666666664,0.045351473922902494,0.04109977324263039,0.03344671201814059,0.0,0.035430839002267574,0.04308390022675737,0.02976190476190476,0.05073696145124717,0.0405328798185941,0.021541950113378686,0.036848072562358274,0.031746031746031744
2,0,0,0,2,2,0,2,1,0,0,0,1,0,0,0,0,1,0,0,0,0,0,0,0,0,0.02072538860103627,0.022164651698330456,0.6079447322970639,0.0,0.0,0.03598157743235463,0.0,0.0,0.014392630972941854,0.021876799078871616,0.011514104778353483,0.0,0.021876799078871616,0.019286125503742084,0.016407599309153715,0.02072538860103627,0.0,0.017271157167530225,0.025043177892918825,0.016407599309153715,0.032527345998848586,0.021876799078871616,0.028209556706966035,0.02072538860103627,0.025043177892918825
1,0,0,2,2,2,0,2,1,0,0,0,1,0,0,0,0,1,0,0,0,0,0,0,0,0,0.05791430248483663,0.04617491684601839,0.0,0.0,0.0,0.17902563099197807,0.0,0.0,0.034631187634513796,0.03971825474466836,0.1324594012913324,0.0,0.03971825474466836,0.033652905497945605,0.03541381334376834,0.03639209548033653,0.0,0.048718450401095674,0.048718450401095674,0.04050088045392291,0.04793582469184113,0.061631774603795736,0.03893562903541381,0.04050088045392291,0.037957346898845626
2,0,0,2,2,2,1,2,1,0,0,0,1,0,0,0,0,1,0,0,0,0,0,0,0,0,0.056463975472662235,0.04624425140521206,0.0,0.0,0.0,0.0,0.0,0.0,0.024782830863566682,0.013285641287685232,0.5477772100153296,0.0,0.02452733776188043,0.02810424118548799,0.020950434338272865,0.022994379151762903,0.0,0.020439448134900357,0.028870720490546755,0.021461420541645376,0.019417475728155338,0.0314256515074093,0.029381706693919263,0.027593254982115484,0.036280020439448134
2,0,0,0,0,0,0,0,0,0,0,0,0,0,0,0,0,0,0,0,0,0,0,0,0,0,0.02666666666666667,0.029333333333333333,0.028,0.029333333333333333,0.04766666666666667,0.022333333333333334,0.056,0.049,0.051,0.042,0.052,0.045,0.033,0.04566666666666667,0.024666666666666667,0.035,0.06466666666666666,0.04933333333333333,0.03933333333333333,0.053,0.043333333333333335,0.03666666666666667,0.033,0.03766666666666667,0.026333333333333334
1,0,0,0,0,0,0,0,0,0,0,0,0,0,0,0,0,2,0,0,0,0,0,0,0,0,0.04290635765737551,0.04572502348888193,0.0278734732226746,0.027247103037895397,0.056060131537738804,0.03476354525524585,0.03476354525524585,0.04071406201064829,0.030378953961791418,0.043532727842154714,0.038208581271531476,0.03445036016285625,0.07641716254306295,0.029752583777012214,0.04729094895082994,0.062323833385530845,0.0,0.03601628562480426,0.0548073911681804,0.04603820858127153,0.03946132164108988,0.04447228311932352,0.03069213905418102,0.038208581271531476,0.03789539617914187
2,0,0,0,0,0,0,0,0,0,0,0,0,1,0,0,0,2,0,0,0,0,0,0,0,0,0.027135368485969782,0.040086339808818996,0.03114400246685168,0.036386062288004936,0.04779525131051496,0.033919210607462225,0.045328399629972246,0.0585877274128893,0.03546099290780142,0.039777983348751156,0.05149552883132902,0.04964539007092199,0.0,0.02744372494603762,0.014184397163120567,0.039777983348751156,0.0,0.09343200740055504,0.0385445575084798,0.04687018193031144,0.029910576626580327,0.060129509713228495,0.0465618254702436,0.05519580635214308,0.05118717237126118
1,0,0,0,0,0,0,0,0,0,0,0,0,1,0,0,0,2,2,0,0,0,0,0,0,0,0.03210175651120533,0.02392489400363416,0.02604482132041187,0.050878255602665054,0.049061175045427015,0.039975772259236826,0.03815869170199879,0.046941247728649306,0.030890369473046637,0.03755299818291944,0.028164748637189582,0.04270139309509388,0.0,0.08570563294972744,0.06480920654149,0.07177468201090248,0.0,0.0,0.08873410054512416,0.04330708661417323,0.05996365838885524,0.022410660205935795,0.03422168382798304,0.04058146577831617,0.042095699576014535
2,0,0,0,0,0,0,0,0,0,0,0,0,1,0,0,0,2,2,1,0,0,0,0,0,0,0.050425273390036454,0.04647630619684082,0.013669501822600244,0.040097205346294046,0.04556500607533415,0.040097205346294046,0.035844471445929525,0.0531591737545565,0.06318347509113001,0.04860267314702309,0.04586877278250304,0.03219927095990279,0.0,0.1755771567436209,0.05012150668286756,0.05285540704738761,0.0,0.0,0.0,0.018226002430133656,0.04981773997569866,0.023693803159173753,0.02916160388821385,0.0583232077764277,0.02703523693803159
1,0,0,0,0,0,0,0,0,0,0,0,0,1,2,0,0,2,2,1,0,0,0,0,0,0,0.0410958904109589,0.038579815487838974,0.03606374056471904,0.03774112384679899,0.0575901593514118,0.031031590718479173,0.034386357282639085,0.03522504892367906,0.043332401453732176,0.08107352530053118,0.051719317864131954,0.050041934582052,0.0,0.0,0.08247134470226447,0.09616997483925077,0.0,0.0,0.0,0.04556891249650545,0.05535364830863852,0.05982667039418507,0.048644115180318706,0.029354207436399216,0.04473022085546548
2,0,0,0,0,0,0,0,0,0,0,0,0,1,2,0,1,2,2,1,0,0,0,0,0,0,0.04217768471432845,0.023332336224947653,0.05145079270116662,0.03170804666467245,0.05115166018546216,0.028118456476218964,0.03559676936883039,0.03499850433742148,0.0592282381094825,0.049356865091235415,0.05833084056236913,0.05444211785821119,0.0,0.0,0.07927011666168113,0.0,0.0,0.0,0.0,0.03888722704157942,0.2222554591684116,0.021836673646425366,0.04696380496559976,0.03320370924319473,0.03769069697876159
1,0,0,0,0,0,0,0,0,0,0,0,0,1,2,0,1,2,2,1,0,2,0,0,0,0,0.04917156600748263,0.03955104222340994,0.038214858364510954,0.05905932656333512,0.0769641902725815,0.05130946018172101,0.05371459112773918,0.03687867450561197,0.06440406199893105,0.09780865847140567,0.05371459112773918,0.0432923570283271,0.0,0.0,0.08311063602351683,0.0,0.0,0.0,0.0,0.045430251202565476,0.0,0.052378407268840195,0.052378407268840195,0.055852485301977554,0.04676643506146446
2,0,0,0,0,0,0,0,0,0,1,0,0,1,2,0,1,2,2,1,0,2,0,0,0,0,0.038930163447251115,0.04368499257057949,0.036255572065378903,0.035066864784546806,0.09093610698365527,0.042793462109955424,0.032095096582466565,0.029420505200594353,0.0713224368499257,0.0,0.02912332838038633,0.025557206537890044,0.0,0.0,0.3179791976225854,0.0,0.0,0.0,0.0,0.035066864784546806,0.0,0.03328380386329866,0.04843982169390788,0.05408618127786033,0.035958395245170874
2,0,0,0,0,0,0,0,0,0,0,0,0,0,0,0,0,0,0,0,0,0,0,0,0,0,0.025,0.034666666666666665,0.045,0.05466666666666667,0.038,0.042,0.035,0.056666666666666664,0.04633333333333333,0.038,0.036333333333333336,0.04133333333333333,0.033666666666666664,0.03933333333333333,0.019666666666666666,0.021333333333333333,0.051,0.034666666666666665,0.03233333333333333,0.044333333333333336,0.060333333333333336,0.04933333333333333,0.042,0.04633333333333333,0.03266666666666666
1,0,0,0,0,0,0,0,0,0,0,0,0,0,0,0,0,0,0,0,0,2,0,0,0,0,0.029559748427672956,0.027672955974842768,0.04213836477987421,0.05566037735849057,0.07044025157232704,0.04371069182389937,0.04371069182389937,0.045283018867924525,0.03522012578616352,0.0220125786163522,0.023270440251572325,0.0330188679245283,0.043081761006289306,0.05691823899371069,0.05157232704402516,0.03522012578616352,0.03522012578616352,0.05314465408805032,0.06257861635220126,0.043081761006289306,0.0,0.05880503144654088,0.022641509433962263,0.031761006289308176,0.03427672955974843
2,0,0,0,0,1,0,0,0,0,0,0,0,0,0,0,0,0,0,0,0,2,0,0,0,0,0.04405833074775054,0.042817251008377286,0.041576171269004036,0.017995656220912194,0.0,0.028855103940428173,0.02451132485262178,0.028234564070741545,0.05460750853242321,0.06329506670803599,0.028234564070741545,0.05088426931430345,0.05057399937946013,0.059571827489916226,0.04623022029165374,0.033198883028234566,0.04467887061743717,0.0657772261867825,0.05833074775054297,0.0226497052435619,0.0,0.046540490226497054,0.05833074775054297,0.06081290722928948,0.028234564070741545
1,0,0,0,0,1,0,0,0,0,0,0,0,0,0,0,0,0,2,0,0,2,0,0,0,0,0.02989722827779508,0.03488009965742759,0.022111491747119277,0.019931485518530054,0.0,0.02802865151043289,0.03550295857988166,0.03799439426969791,0.032388663967611336,0.0766116474618499,0.04515727187791965,0.03924011211460604,0.04110868888196823,0.09903456867019621,0.06135160386172532,0.031142946122703206,0.051697290563687326,0.0,0.0738087823108066,0.05418872625350358,0.0,0.0738087823108066,0.04360012457178449,0.03425724073497353,0.03425724073497353
2,0,0,0,0,1,0,0,0,0,0,0,0,0,1,0,0,0,2,0,0,2,0,0,0,0,0.020500452215857702,0.019897497738920713,0.02562556526982213,0.03135363280072354,0.0,0.0416038589086524,0.027735905939101597,0.027735905939101597,0.052758516731986733,0.06119987940910461,0.04401567681640036,0.0208019294543262,0.05486885740126621,0.0,0.02954476936991257,0.03376545070847151,0.04461863129333735,0.0,0.29574917093759423,0.03587579137775098,0.0,0.02954476936991257,0.02411817907747965,0.05366294844739222,0.025022610792885137
1,0,0,0,0,1,0,0,0,0,0,0,0,0,1,0,0,0,2,2,0,2,0,0,0,0,0.0414572864321608,0.038944723618090454,0.04020100502512563,0.04648241206030151,0.0,0.033165829145728645,0.04020100502512563,0.02914572864321608,0.054773869346733665,0.04824120603015075,0.039447236180904524,0.04195979899497487,0.035175879396984924,0.0,0.08517587939698493,0.0364321608040201,0.09899497487437187,0.0,0.0,0.07336683417085427,0.0,0.1035175879396985,0.02914572864321608,0.04396984924623116,0.04020100502512563
2,0,0,0,0,1,0,0,0,0,0,0,0,0,1,0,0,0,2,2,0,2,1,0,0,0,0.016124303723248315,0.039871005570214016,0.028144239226033423,0.0257988859571973,0.0,0.03342128408091469,0.044854881266490766,0.034007622398123716,0.04368220463207271,0.0316622691292876,0.026971562591615362,0.03811199061858692,0.08853708589856348,0.0,0.056874816769275874,0.014072119613016711,0.39255350337144534,0.0,0.0,0.03840515977719144,0.0,0.0,0.01905599530929346,0.014365288771621226,0.013485781295807681
1,0,0,0,0,1,0,0,0,0,0,0,0,0,1,0,0,2,2,2,0,2,1,0,0,0,0.05140617796219456,0.041954817888427844,0.04863992623328723,0.040110650069156296,0.0,0.042876901798063624,0.04495159059474412,0.036191793453204245,0.050484094052558784,0.04495159059474412,0.03503918856615952,0.05301982480405717,0.05140617796219456,0.0,0.11433840479483633,0.040110650069156296,0.0,0.0,0.0,0.14615029967727064,0.0,0.0,0.04402950668510835,0.056708160442600276,0.05763024435223606
2,0,0,0,0,1,0,0,0,0,0,0,0,0,1,0,0,2,2,2,1,2,1,0,0,0,0.02257087806220754,0.03908615469309111,0.026699697219928435,0.02284613267272227,0.0,0.020093586567575008,0.028901734104046242,0.025048169556840076,0.057252958987063035,0.04816955684007707,0.030002752546105148,0.024497660335810623,0.028901734104046242,0.0,0.49270575282135975,0.02477291494632535,0.0,0.0,0.0,0.0,0.0,0.0,0.017891549683457197,0.05229837599779796,0.03826039086154693
2,0,0,0,0,0,0,0,0,0,0,0,0,0,0,0,0,0,0,0,0,0,0,0,0,0,0.027333333333333334,0.028333333333333332,0.058,0.053,0.04133333333333333,0.059666666666666666,0.047,0.03933333333333333,0.04933333333333333,0.032,0.051,0.029333333333333333,0.04933333333333333,0.05366666666666667,0.036333333333333336,0.03766666666666667,0.035666666666666666,0.06966666666666667,0.034,0.029,0.03933333333333333,0.032,0.029666666666666668,0.01633333333333333,0.021666666666666667
1,0,0,0,0,0,0,0,0,0,0,0,0,0,0,0,0,0,2,0,0,0,0,0,0,0,0.02369077306733167,0.04177057356608479,0.04021197007481297,0.038029925187032416,0.04551122194513716,0.04551122194513716,0.04021197007481297,0.04114713216957606,0.05236907730673317,0.033042394014962596,0.04551122194513716,0.05922693266832918,0.04114713216957606,0.030236907730673317,0.023067331670822942,0.023067331670822942,0.09725685785536159,0.0,0.05392768079800499,0.03522443890274314,0.0763715710723192,0.03584788029925187,0.01963840399002494,0.02836658354114713,0.02961346633416459
2,0,0,0,0,0,0,0,0,0,0,0,0,0,0,0,0,1,2,0,0,0,0,0,0,0,0.03443068559347629,0.03443068559347629,0.05043793415886439,0.07157958320749018,0.035940803382663845,0.0347327091513138,0.029900332225913623,0.05678042887345213,0.047417698580489276,0.048323769254001815,0.02265176683781335,0.059800664451827246,0.07671398369072788,0.04349139232860163,0.026880096647538508,0.048323769254001815,0.0,0.0,0.031108426457263666,0.02748414376321353,0.0347327091513138,0.07882814859559045,0.02476593174267593,0.042585321655089096,0.03865901540320145
1,0,0,0,0,0,0,0,0,0,0,0,0,0,0,0,0,1,2,0,0,0,2,0,0,0,0.036503067484662574,0.026993865030674847,0.04785276073619632,0.036503067484662574,0.053067484662576686,0.05920245398773006,0.04294478527607362,0.03619631901840491,0.04938650306748466,0.03865030674846626,0.021779141104294478,0.08466257668711656,0.0392638036809816,0.03558282208588957,0.030368098159509204,0.037116564417177915,0.0,0.0,0.05030674846625767,0.026993865030674847,0.14447852760736196,0.0,0.036503067484662574,0.032208588957055216,0.03343558282208589
2,0,0,0,0,0,0,0,0,0,0,0,0,0,0,0,0,1,2,0,0,1,2,0,0,0,0.041210374639769454,0.04697406340057637,0.03861671469740634,0.05475504322766571,0.04438040345821326,0.03861671469740634,0.042363112391930836,0.09394812680115273,0.04956772334293948,0.02680115273775216,0.04755043227665706,0.08731988472622479,0.07435158501440922,0.053314121037463975,0.03631123919308357,0.04351585014409222,0.0,0.0,0.03976945244956772,0.03429394812680115,0.0,0.0,0.019020172910662825,0.051296829971181554,0.03602305475504323
1,0,0,0,0,0,0,0,2,0,0,0,0,0,0,0,0,1,2,0,0,1,2,0,0,0,0.026466165413533835,0.032781954887218044,0.037894736842105266,0.05774436090225564,0.059849624060150375,0.023157894736842106,0.09894736842105263,0.0,0.12150375939849624,0.04842105263157895,0.051729323308270674,0.09353383458646616,0.05082706766917293,0.022255639097744362,0.030977443609022555,0.07007518796992482,0.0,0.0,0.04150375939849624,0.0318796992481203,0.0,0.0,0.03548872180451128,0.021052631578947368,0.043909774436090225
2,0,0,0,0,0,0,0,2,1,0,0,0,0,0,0,0,1,2,0,0,1,2,0,0,0,0.031442844548927415,0.043784895680282106,0.030855127828386716,0.10960916838084044,0.04260946223920071,0.03996473699676756,0.05818395533352924,0.0,0.0,0.03261827799000882,0.05495151337055539,0.0461357625624449,0.21510431971789598,0.021745518660005878,0.031442844548927415,0.06464883925947693,0.0,0.0,0.034381428151630915,0.024977960622979724,0.0,0.0,0.04055245371730826,0.041434028798119305,0.03555686159271231
1,0,0,0,0,0,0,0,2,1,0,0,0,2,0,0,0,1,2,0,0,1,2,0,0,0,0.04931653712141517,0.05414098097024926,0.035111230233181454,0.04449209327258108,0.058161350844277676,0.04797641383007237,0.09166443312784776,0.0,0.0,0.03564727954971857,0.07719110158134548,0.11551862771374967,0.0,0.0627177700348432,0.040471723398552664,0.06057357276869472,0.0,0.0,0.053872956311980705,0.03323505762530153,0.0,0.0,0.04851246314660949,0.04449209327258108,0.04690431519699812
2,0,0,0,0,0,0,0,2,1,0,0,1,2,0,0,0,1,2,0,0,1,2,0,0,0,0.0239067055393586,0.03819241982507288,0.0521865889212828,0.03527696793002916,0.02857142857142857,0.05072886297376093,0.3979591836734694,0.0,0.0,0.0326530612244898,0.03877551020408163,0.0,0.0,0.06559766763848396,0.03323615160349854,0.027113702623906704,0.0,0.0,0.044897959183673466,0.0326530612244898,0.0,0.0,0.030612244897959183,0.035568513119533525,0.03206997084548105
1,0,0,0,0,0,0,2,2,1,0,0,1,2,0,0,0,1,2,0,0,1,2,0,0,0,0.050183318056828595,0.06324472960586618,0.025664527956003668,0.059349220898258476,0.05705774518790101,0.11090742438130156,0.0,0.0,0.0,0.04514207149404216,0.08753437213565536,0.0,0.0,0.053620531622364805,0.0843263061411549,0.03322639780018332,0.0,0.0,0.09578368469294225,0.0384967919340055,0.0,0.0,0.0838680109990834,0.0614115490375802,0.050183318056828595
2,0,0,0,0,0,1,2,2,1,0,0,1,2,0,0,0,1,2,0,0,1,2,0,0,0,0.03301751363766867,0.05598621877691645,0.016939420040195233,0.024691358024691357,0.023542922767728968,0.0,0.0,0.0,0.0,0.02440424921045076,0.5653172552397359,0.0,0.0,0.03990812517944301,0.03646281940855584,0.02555268446741315,0.0,0.0,0.03674992822279644,0.03186907838070629,0.0,0.0,0.037611254665518234,0.01923629055412001,0.02871088142405972
1,0,0,0,0,0,1,2,2,1,0,2,1,2,0,0,0,1,2,0,0,1,2,0,0,0,0.030797101449275364,0.03462157809983897,0.0499194847020934,0.05475040257648953,0.05676328502415459,0.0,0.0,0.0,0.0,0.06884057971014493,0.0,0.0,0.0,0.14895330112721417,0.0855475040257649,0.033816425120772944,0.0,0.0,0.14774557165861513,0.07588566827697263,0.0,0.0,0.05615942028985507,0.08413848631239935,0.07206119162640902
2,0,0,0,0,0,1,2,2,1,0,2,1,2,1,0,0,1,2,0,0,1,2,0,0,0,0.036373361861460285,0.023000802353570472,0.03744316662209147,0.10109654987964696,0.05215298208077026,0.0,0.0,0.0,0.0,0.03985022733351164,0.0,0.0,0.0,0.0,0.04814121422840332,0.027280021396095214,0.0,0.0,0.4142818935544263,0.040385129713827225,0.0,0.0,0.04065258090398502,0.07889810109654988,0.06044396897566194
1,0,0,0,0,0,1,2,2,1,0,2,1,2,1,0,0,1,2,2,0,1,2,0,0,0,0.04947229551451187,0.051890941072999124,0.05782761653474054,0.08333333333333333,0.0853122251539138,0.0,0.0,0.0,0.0,0.048153034300791556,0.0,0.0,0.0,0.0,0.17941952506596306,0.06596306068601583,0.0,0.0,0.0,0.14621811785400177,0.0,0.0,0.060246262093227795,0.08465259454705365,0.08751099384344767
2,0,0,0,0,0,1,2,2,1,0,2,1,2,1,1,0,1,2,2,0,1,2,0,0,0,0.01834862385321101,0.038269986893840105,0.032241153342070776,0.07837483617300131,0.05111402359108781,0.0,0.0,0.0,0.0,0.03040629095674967,0.0,0.0,0.0,0.0,0.0,0.02961992136304063,0.0,0.0,0.0,0.5583224115334207,0.0,0.0,0.02857142857142857,0.05714285714285714,0.07758846657929226
2,0,0,0,0,0,0,0,0,0,0,0,0,0,0,0,0,0,0,0,0,0,0,0,0,0,0.034666666666666665,0.03666666666666667,0.05466666666666667,0.03266666666666666,0.075,0.04,0.04033333333333333,0.023,0.050666666666666665,0.03866666666666667,0.04,0.043,0.04033333333333333,0.029,0.03233333333333333,0.049,0.05,0.043,0.04833333333333333,0.025666666666666667,0.03,0.051666666666666666,0.029,0.035,0.027333333333333334
1,0,0,0,0,2,0,0,0,0,0,0,0,0,0,0,0,0,0,0,0,0,0,0,0,0,0.031947890818858564,0.04466501240694789,0.04249379652605459,0.06389578163771713,0.0,0.02791563275434243,0.02977667493796526,0.05738213399503722,0.05583126550868486,0.03442928039702233,0.023883374689826303,0.054280397022332505,0.04094292803970223,0.06389578163771713,0.031947890818858564,0.034739454094292806,0.049937965260545905,0.07227047146401985,0.01892059553349876,0.022022332506203474,0.05521091811414392,0.04621588089330025,0.02915632754342432,0.03163771712158809,0.03660049627791563
2,0,0,0,0,2,0,0,0,0,0,0,0,0,0,0,0,0,1,0,0,0,0,0,0,0,0.024752475247524754,0.043316831683168314,0.04517326732673267,0.07549504950495049,0.0,0.040222772277227724,0.0686881188118812,0.06466584158415842,0.06621287128712872,0.03650990099009901,0.038056930693069306,0.07766089108910891,0.07332920792079207,0.0411509900990099,0.03001237623762376,0.04455445544554455,0.024752475247524754,0.0,0.03125,0.022896039603960396,0.03001237623762376,0.03403465346534654,0.03681930693069307,0.03558168316831683,0.01485148514851485
1,0,0,0,0,2,0,0,0,0,0,0,2,0,0,0,0,0,1,0,0,0,0,0,0,0,0.036,0.04676923076923077,0.03784615384615385,0.10830769230769231,0.0,0.03476923076923077,0.04338461538461538,0.08184615384615385,0.04676923076923077,0.040615384615384616,0.048615384615384616,0.0,0.06123076923076923,0.0716923076923077,0.01876923076923077,0.07507692307692308,0.03538461538461538,0.0,0.02646153846153846,0.02707692307692308,0.032615384615384616,0.024,0.040615384615384616,0.03323076923076923,0.028923076923076923
2,0,0,0,1,2,0,0,0,0,0,0,2,0,0,0,0,0,1,0,0,0,0,0,0,0,0.03193076693524321,0.025962399283795883,0.024171888988361683,0.0,0.0,0.032527603700387944,0.02178454192778275,0.056102655923604895,0.22649955237242614,0.028051327961802448,0.051626380185019395,0.0,0.0808713816771113,0.05998209489704566,0.028946583109519548,0.03968964488212474,0.034318113995822144,0.0,0.0435690838555655,0.029841838257236644,0.03193076693524321,0.02954341987466428,0.06177260519247986,0.03760071620411817,0.023276633840644583
1,0,0,0,1,2,0,0,0,2,0,0,2,0,0,0,0,0,1,0,0,0,0,0,0,0,0.032464076636508785,0.038850452368281004,0.04523682810005322,0.0,0.0,0.04896221394358701,0.041511442256519426,0.16072378924960085,0.0,0.03113358169238957,0.047631718999467804,0.0,0.11335816923895689,0.031931878658861094,0.026609898882384245,0.042841937200638634,0.0494944119212347,0.0,0.031931878658861094,0.02927088877062267,0.052421500798296966,0.05960617349654071,0.03831825439063331,0.04204364023416711,0.03565726450239489
2,0,0,0,1,2,0,0,1,2,0,0,2,0,0,0,0,0,1,0,0,0,0,0,0,0,0.013877324451845684,0.015542603386067166,0.01665278934221482,0.0,0.0,0.011101859561476548,0.013044684984734944,0.0,0.0,0.016930335831251735,0.02470163752428532,0.0,0.6863724673882875,0.012767138495698029,0.016930335831251735,0.017762975298362477,0.025256730502359145,0.0,0.019983347210657785,0.01582014987510408,0.023591451568137665,0.02109353316680544,0.01498751040799334,0.01665278934221482,0.016930335831251735
1,0,0,0,1,2,0,0,1,2,0,0,2,2,0,0,0,0,1,0,0,0,0,0,0,0,0.05025584795321637,0.03892543859649123,0.041849415204678365,0.0,0.0,0.05025584795321637,0.06853070175438597,0.0,0.0,0.04568713450292398,0.08863304093567251,0.0,0.0,0.05025584795321637,0.041849415204678365,0.11092836257309942,0.08717105263157894,0.0,0.04751461988304093,0.04568713450292398,0.0625,0.04751461988304093,0.04568713450292398,0.04294590643274854,0.033808479532163746
2,0,0,0,1,2,0,0,1,2,0,0,2,2,0,0,1,0,1,0,0,0,0,0,0,0,0.050748752079866885,0.04908485856905158,0.03161397670549085,0.0,0.0,0.05130338325013866,0.06932889628397115,0.0,0.0,0.03716028840820854,0.3108707709373267,0.0,0.0,0.03494176372712146,0.03355518580144204,0.0,0.050471436494731,0.0,0.03882418191902385,0.03300055463117027,0.08069883527454243,0.03161397670549085,0.03577371048252912,0.03549639489739324,0.025513033832501388
1,0,0,0,0,0,0,0,0,0,0,0,0,0,0,0,0,0,0,0,0,0,0,0,0,0,0.015,0.029666666666666668,0.028333333333333332,0.028666666666666667,0.04833333333333333,0.03833333333333333,0.043333333333333335,0.03933333333333333,0.05266666666666667,0.035333333333333335,0.034,0.052333333333333336,0.04133333333333333,0.050333333333333334,0.04,0.04633333333333333,0.06333333333333334,0.032,0.050666666666666665,0.04766666666666667,0.04666666666666667,0.037333333333333336,0.028333333333333332,0.03966666666666667,0.031
2,0,0,0,0,0,0,0,0,0,0,0,0,0,0,0,0,1,0,0,0,0,0,0,0,0,0.04860457823769207,0.035120727500783946,0.04358733145186579,0.028849169018501097,0.055503292568203196,0.04421448730009407,0.06459705236751333,0.040765130134838505,0.05174035747883349,0.025713389777359673,0.04797742238946378,0.07243650047036689,0.06459705236751333,0.044841643148322355,0.028222013170272814,0.03386641580432737,0.0,0.031044214487300093,0.04201944183129508,0.025713389777359673,0.03292568203198495,0.04891815616180621,0.02508623392913139,0.039197240514267796,0.024459078080903106
1,0,0,0,0,0,0,0,0,0,0,0,2,0,0,0,0,1,0,0,0,0,0,0,0,0,0.027554179566563468,0.057585139318885446,0.04396284829721362,0.02910216718266254,0.04736842105263158,0.041176470588235294,0.04179566563467492,0.04613003095975232,0.09473684210526316,0.025696594427244583,0.02848297213622291,0.0,0.07058823529411765,0.03900928792569659,0.043343653250773995,0.05541795665634675,0.0,0.030340557275541795,0.04736842105263158,0.03436532507739938,0.050464396284829724,0.056346749226006194,0.029411764705882353,0.03529411764705882,0.024458204334365324
2,0,0,0,0,0,0,0,0,1,0,0,2,0,0,0,0,1,0,0,0,0,0,0,0,0,0.036308623298033284,0.025718608169440244,0.028744326777609682,0.04357034795763994,0.06384266263237519,0.034493192133131616,0.03388804841149773,0.039334341906202726,0.0,0.0405446293494705,0.02632375189107413,0.0,0.12375189107413011,0.06565809379727686,0.05083207261724659,0.03751891074130106,0.0,0.04962178517397882,0.03388804841149773,0.052042360060514374,0.053555219364599095,0.0357034795763994,0.04599092284417549,0.03751891074130106,0.04114977307110439
1,0,0,0,0,0,0,0,0,1,0,0,2,2,0,0,0,1,0,0,0,0,0,0,0,0,0.02699530516431925,0.031103286384976527,0.040492957746478875,0.04342723004694836,0.029049295774647887,0.029049295774647887,0.02494131455399061,0.04518779342723005,0.0,0.056924882629107984,0.060152582159624414,0.0,0.0,0.23708920187793428,0.04137323943661972,0.03667840375586855,0.0,0.058392018779342726,0.0448943661971831,0.02992957746478873,0.041666666666666664,0.029342723004694836,0.02699530516431925,0.03550469483568075,0.030809859154929578
2,0,0,0,0,0,0,0,0,1,0,0,2,2,1,0,0,1,0,0,0,0,0,0,0,0,0.03729971105857631,0.03441029682164434,0.03572366692934069,0.08405568689256633,0.09272392960336223,0.030732860520094562,0.021539269766220122,0.050696086157079066,0.0,0.024954032046230628,0.057000262674021536,0.0,0.0,0.0,0.05411084843708957,0.032571578670869454,0.0,0.08930916732335172,0.08878381928027318,0.049120042027843445,0.056474914630943,0.03309692671394799,0.06094037299711059,0.032571578670869454,0.0338849487785658
1,0,0,0,0,2,0,0,0,1,0,0,2,2,1,0,0,1,0,0,0,0,0,0,0,0,0.035501193317422436,0.03192124105011933,0.057577565632458236,0.1324582338902148,0.0,0.043257756563245826,0.05847255369928401,0.06533412887828162,0.0,0.04803102625298329,0.04803102625298329,0.0,0.0,0.0,0.05459427207637232,0.06533412887828162,0.0,0.07905727923627685,0.06980906921241051,0.046539379474940336,0.027147971360381863,0.04445107398568019,0.03937947494033413,0.029534606205250596,0.02356801909307876
2,0,0,0,1,2,0,0,0,1,0,0,2,2,1,0,0,1,0,0,0,0,0,0,0,0,0.03688643624745861,0.03775776938716236,0.04414754574498984,0.0,0.0,0.046761545164101075,0.039209991286668605,0.05663665408074354,0.0,0.038629102526866105,0.05373221028173105,0.0,0.0,0.0,0.05866976474005228,0.05663665408074354,0.0,0.18007551553877432,0.06796398489689225,0.06273598605866977,0.04182399070577984,0.04821376706360732,0.05053732210281731,0.04182399070577984,0.03775776938716236
1,0,0,0,1,2,0,0,0,1,0,0,2,2,1,0,0,1,2,0,0,0,0,0,0,0,0.03426360873169384,0.015473887814313346,0.019894998618402875,0.0,0.0,0.03398728930643824,0.03426360873169384,0.04642166344294004,0.0,0.021552915169936446,0.06438242608455375,0.0,0.0,0.0,0.0428295109146173,0.031224095053882288,0.0,0.0,0.3885051119093672,0.06355346780878696,0.03205305332964908,0.03205305332964908,0.054987565625863495,0.04807957999447361,0.0364741641337386
2,0,0,0,1,2,0,0,0,1,0,0,2,2,1,0,0,1,2,1,0,0,0,0,0,0,0.0395005675368899,0.04585698070374574,0.05811577752553916,0.0,0.0,0.04585698070374574,0.04063564131668559,0.036549375709421114,0.0,0.044948921679909194,0.058796821793416575,0.0,0.0,0.0,0.04040862656072645,0.06469920544835414,0.0,0.0,0.0,0.06061293984108967,0.04040862656072645,0.04404086265607265,0.14324631101021568,0.15414301929625426,0.08217934165720772
1,0,0,0,1,2,0,0,0,1,0,0,2,2,1,0,0,1,2,1,0,0,0,0,2,0,0.01658510059815117,0.025013594344752584,0.024469820554649267,0.0,0.0,0.018488308863512777,0.016856987493202826,0.038879825992387165,0.0,0.021750951604132682,0.033985861881457316,0.0,0.0,0.0,0.03643284393692224,0.03425774877650897,0.0,0.0,0.0,0.036160957041870584,0.02365415986949429,0.03181076672104405,0.6071234366503534,0.0,0.03452963567156063
2,0,0,0,0,0,0,0,0,0,0,0,0,0,0,0,0,0,0,0,0,0,0,0,0,0,0.02666666666666667,0.027666666666666666,0.030333333333333334,0.05633333333333333,0.043666666666666666,0.034,0.041,0.03133333333333333,0.056,0.042,0.03666666666666667,0.047,0.045,0.036333333333333336,0.038,0.034333333333333334,0.029666666666666668,0.042333333333333334,0.054,0.033666666666666664,0.059333333333333335,0.08166666666666667,0.018666666666666668,0.027666666666666666,0.02666666666666667
1,0,0,0,0,0,0,0,0,0,0,0,0,0,0,0,0,0,0,0,0,0,2,0,0,0,0.027127003699136867,0.02836004932182491,0.029284833538840937,0.04038224414303329,0.058569667077681874,0.056103575832305796,0.04716399506781751,0.02836004932182491,0.029284833538840937,0.03606658446362515,0.02065351418002466,0.047472256473489516,0.040690505548705305,0.034217016029593095,0.04901356350184957,0.0656596794081381,0.031134401972872996,0.02651048088779285,0.0656596794081381,0.04562268803945746,0.0656596794081381,0.0,0.04038224414303329,0.039149198520345256,0.047472256473489516
2,0,0,0,0,0,0,0,0,0,0,0,0,0,0,0,1,0,0,0,0,0,2,0,0,0,0.0361145703611457,0.03300124533001245,0.0323785803237858,0.07378580323785804,0.03300124533001245,0.033623910336239106,0.06818181818181818,0.0361145703611457,0.05790784557907846,0.03704856787048568,0.024283935242839352,0.042652552926525526,0.048567870485678705,0.0361145703611457,0.038605230386052306,0.0,0.01774595267745953,0.04638854296388543,0.045454545454545456,0.04140722291407223,0.12204234122042341,0.0,0.02646326276463263,0.033935242839352425,0.03518057285180573
1,0,0,0,0,0,0,0,0,0,0,0,0,0,0,0,1,0,0,0,0,2,2,0,0,0,0.04305514597463875,0.03007962253022707,0.02624594514892362,0.054261279858448835,0.045119433795340606,0.03273370687112946,0.040401061633736364,0.044529637275140074,0.07608375110586847,0.04895311117664406,0.02772043644942495,0.02182247124741964,0.03774697729283397,0.0698908876437629,0.0315541138307284,0.0,0.04364494249483928,0.07431436154526688,0.06251843114125627,0.030669419050427603,0.0,0.0,0.08581539368917723,0.03509289295193158,0.03774697729283397
2,0,0,0,0,0,0,0,0,0,0,0,0,0,0,0,1,0,0,0,0,2,2,1,0,0,0.021580547112462007,0.02735562310030395,0.03343465045592705,0.042249240121580545,0.05379939209726444,0.039209726443768994,0.05410334346504559,0.05410334346504559,0.08054711246200608,0.04802431610942249,0.029787234042553193,0.031914893617021274,0.044984802431610946,0.08996960486322189,0.039209726443768994,0.0,0.046504559270516714,0.10091185410334347,0.055623100303951366,0.036170212765957444,0.0,0.0,0.0,0.04437689969604863,0.026139817629179333
1,0,0,0,0,0,0,0,0,0,0,0,0,0,0,0,1,0,2,0,0,2,2,1,0,0,0.03182227559291504,0.030921645151606125,0.04893425397778445,0.04323026118282798,0.048033623536475535,0.03272290603422396,0.046532572800960674,0.05223656559591714,0.06694686280396277,0.04893425397778445,0.03182227559291504,0.03962773941759232,0.05043530471329931,0.10897628339837886,0.05043530471329931,0.0,0.04052836985890123,0.0,0.09366556589612729,0.053737616331432,0.0,0.0,0.0,0.04323026118282798,0.037226058240768536
2,0,0,0,0,0,0,0,0,0,0,0,0,0,1,0,1,0,2,0,0,2,2,1,0,0,0.024390243902439025,0.031826293872694825,0.02825698988697204,0.024985127900059488,0.05562165377751339,0.022903033908387865,0.028851873884592504,0.026174895895300417,0.04848304580606782,0.02647233789411065,0.020226055919095775,0.02825698988697204,0.039559785841760856,0.0,0.026174895895300417,0.0,0.031826293872694825,0.0,0.45716835217132656,0.0297441998810232,0.0,0.0,0.0,0.018441403926234383,0.030636525877453896
1,0,0,0,0,0,0,0,0,0,0,0,0,0,1,0,1,0,2,2,0,2,2,1,0,0,0.04188712522045855,0.046957671957671955,0.03946208112874779,0.043209876543209874,0.046957671957671955,0.043209876543209874,0.046957671957671955,0.060626102292768956,0.0445326278659612,0.0445326278659612,0.04431216931216931,0.035493827160493825,0.03813932980599647,0.0,0.12764550264550265,0.0,0.04805996472663139,0.0,0.0,0.14858906525573193,0.0,0.0,0.0,0.05511463844797178,0.04431216931216931
2,0,0,0,0,0,0,0,0,0,0,0,0,0,1,0,1,0,2,2,1,2,2,1,0,0,0.03512115436972502,0.03675469643343316,0.032398584263544784,0.039205009528995374,0.04383337870950177,0.032398584263544784,0.034848897359107,0.046555948815682,0.06153008439967329,0.04573917778382793,0.021780560849441872,0.03403212632725293,0.04383337870950177,0.0,0.30765042199836645,0.0,0.03457664034848897,0.0,0.0,0.0,0.0,0.0,0.0,0.06751973863326981,0.08222161720664307
1,0,0,0,0,0,0,0,0,0,0,0,0,0,0,0,0,0,0,0,0,0,0,0,0,0,0.026,0.030666666666666665,0.03833333333333333,0.042333333333333334,0.037,0.037,0.043666666666666666,0.052333333333333336,0.043666666666666666,0.033,0.021333333333333333,0.033,0.058,0.037,0.03933333333333333,0.042333333333333334,0.04933333333333333,0.052,0.03933333333333333,0.035333333333333335,0.043,0.04633333333333333,0.043666666666666666,0.04466666666666667,0.03133333333333333
2,0,0,0,0,0,0,0,0,0,0,0,0,1,0,0,0,0,0,0,0,0,0,0,0,0,0.02363693665300977,0.04412228175228491,0.028679483138985187,0.032146233848093286,0.05357705641348881,0.030885597226599434,0.04475260006303183,0.06366214938543965,0.054207374724235736,0.051370942325874566,0.04128584935392373,0.03687362117869524,0.0,0.03813425780018909,0.03813425780018909,0.04097069019855027,0.04695871415064608,0.05956508036558462,0.05200126063662149,0.03403718878033407,0.024897573274503624,0.05357705641348881,0.04821935077213993,0.037819098644815634,0.020485345099275135
1,0,0,0,0,0,0,0,2,0,0,0,0,1,0,0,0,0,0,0,0,0,0,0,0,0,0.04248672289909403,0.03905029678225554,0.041237113402061855,0.02499218994064355,0.04561074664167448,0.028116213683223992,0.0718525460793502,0.0,0.08497344579818807,0.037800687285223365,0.023430178069353328,0.05748203686348016,0.0,0.046860356138706656,0.028116213683223992,0.03623867541393314,0.0499843798812871,0.05716963448922212,0.043423930021868166,0.02280537332083724,0.058419243986254296,0.05373320837238363,0.03405185879412684,0.0471727585129647,0.02499218994064355
2,0,0,0,0,0,0,0,2,1,0,0,0,1,0,0,0,0,0,0,0,0,0,0,0,0,0.03668602873738918,0.022623051054723325,0.03148884133292571,0.10210944665239988,0.07734637725466219,0.028125955365331703,0.041577499235707735,0.0,0.0,0.039743197798838274,0.042800366860287375,0.06328339957199633,0.0,0.06297768266585142,0.03668602873738918,0.025985937022317333,0.046774686640171204,0.040966065423417915,0.046774686640171204,0.03546316111280954,0.04922042188933048,0.047386120452461024,0.052583307856924486,0.03210027514521553,0.037297462549679
1,0,0,0,2,0,0,0,2,1,0,0,0,1,0,0,0,0,0,0,0,0,0,0,0,0,0.036303630363036306,0.0315031503150315,0.024902490249024904,0.0,0.33543354335433545,0.024902490249024904,0.05850585058505851,0.0,0.0,0.0354035403540354,0.032703270327032706,0.05130513051305131,0.0,0.03660366036603661,0.030303030303030304,0.030903090309030903,0.028202820282028203,0.041704170417041705,0.025202520252025202,0.024902490249024904,0.021002100210021003,0.0537053705370537,0.0222022202220222,0.023702370237023703,0.0306030603060306
2,0,0,0,2,1,0,0,2,1,0,0,0,1,0,0,0,0,0,0,0,0,0,0,0,0,0.03327665776050522,0.0325479718241438,0.03594850619383046,0.0,0.0,0.02963322807869808,0.0325479718241438,0.0,0.0,0.050522224921059025,0.043478260869565216,0.03327665776050522,0.0,0.03667719213019189,0.06363857177556473,0.04007772649987855,0.08889968423609425,0.06655331552101044,0.05270828273014331,0.047364585863492834,0.10274471702696138,0.060480932717998544,0.05975224678163711,0.050522224921059025,0.039349040563517124
1,0,0,0,2,1,0,0,2,1,0,0,0,1,0,0,0,0,0,0,0,2,0,0,0,0,0.03565166569257744,0.037697253068381065,0.055230859146697835,0.0,0.0,0.026300409117475162,0.030976037405026302,0.0,0.0,0.05201636469900643,0.023670368205727644,0.040619520748100525,0.0,0.05143191116306254,0.06925774400935125,0.03009935710111046,0.05581531268264173,0.16014026884862653,0.06750438340151958,0.02863822326125073,0.0,0.09351256575102279,0.058445353594389245,0.04324956165984804,0.03974284044418469
2,0,0,0,2,1,0,0,2,1,0,0,0,1,0,0,0,0,1,0,0,2,0,0,0,0,0.046518184381167185,0.05610374964758951,0.03608683394417818,0.0,0.0,0.039751903016633776,0.038624189455878206,0.0,0.0,0.042007330138144915,0.040879616577389345,0.042007330138144915,0.0,0.040879616577389345,0.0530025373555117,0.03608683394417818,0.042007330138144915,0.0,0.06540738652382296,0.047645897941922755,0.0,0.1268677755850014,0.1268677755850014,0.08204116154496757,0.03721454750493375
1,0,0,0,2,1,0,0,2,1,0,0,0,1,0,0,0,0,1,0,0,2,2,0,0,0,0.01855610321832415,0.0272542766019136,0.038851841113366196,0.0,0.0,0.01855610321832415,0.021165555233400985,0.0,0.0,0.032473180632067264,0.03363293708321253,0.02377500724847782,0.0,0.04610031893302406,0.031313424180922006,0.035952449985503045,0.025804581037982024,0.0,0.039721658451725136,0.06842563061757032,0.0,0.0,0.44708611191649755,0.04523050159466512,0.04610031893302406
2,0,0,0,0,0,0,0,0,0,0,0,0,0,0,0,0,0,0,0,0,0,0,0,0,0,0.027666666666666666,0.03766666666666667,0.033,0.06,0.038,0.03933333333333333,0.044333333333333336,0.036,0.043666666666666666,0.030333333333333334,0.034,0.041,0.05,0.04633333333333333,0.036,0.050666666666666665,0.06133333333333333,0.04,0.022,0.03766666666666667,0.04633333333333333,0.05366666666666667,0.034,0.029333333333333333,0.027666666666666666
1,0,0,0,0,0,0,0,0,0,0,0,0,0,0,0,0,2,0,0,0,0,0,0,0,0,0.029217719132893498,0.039271127866792335,0.02544769085768143,0.05812126924285266,0.039271127866792335,0.03361608545397424,0.02607602890355011,0.05623625510524662,0.046182846371347785,0.053094564875903236,0.04681118441721646,0.043355325164938736,0.05906377631165567,0.07382972038956959,0.04115614200439836,0.04272698711907006,0.0,0.04115614200439836,0.049010367577756835,0.024819352811812755,0.05403707194470625,0.03455859252277725,0.02419101476594408,0.019792648444863337,0.038956958843858
2,0,0,0,0,0,0,0,0,0,0,0,0,0,1,0,0,2,0,0,0,0,0,0,0,0,0.02504638218923933,0.03772418058132344,0.04854669140383426,0.045763760049474335,0.07792207792207792,0.03432282003710575,0.025974025974025976,0.04452690166975881,0.09647495361781076,0.039888682745825604,0.042053184910327765,0.03896103896103896,0.04916512059369202,0.0,0.03339517625231911,0.031230674087816945,0.0,0.05689548546691404,0.0782312925170068,0.039888682745825604,0.04019789734075448,0.016697588126159554,0.032467532467532464,0.04081632653061224,0.023809523809523808
1,0,0,0,0,0,0,0,0,2,0,0,0,0,1,0,0,2,0,0,0,0,0,0,0,0,0.036846874056176385,0.07006946541830263,0.04500151011778919,0.040169133192389,0.042585321655089096,0.028994261552401087,0.06312292358803986,0.07610993657505286,0.0,0.04137722742373905,0.03926306251887647,0.040169133192389,0.05768649954696466,0.0,0.028390214436726065,0.04439746300211417,0.0,0.046511627906976744,0.04077318030806403,0.02778616732105104,0.07973421926910298,0.03322259136212625,0.03322259136212625,0.04439746300211417,0.040169133192389
2,0,0,0,0,0,0,0,0,2,0,0,0,0,1,0,0,2,0,0,0,1,0,0,0,0,0.05332516089488201,0.05363162733680662,0.02513024823781796,0.03493717437940545,0.054551026662580444,0.04780876494023904,0.048115231382163656,0.039534171008274596,0.0,0.05761569108182654,0.0530186944529574,0.055776892430278883,0.04780876494023904,0.0,0.04413116763714373,0.10419859025436715,0.0,0.048115231382163656,0.04842169782408826,0.0330983757278578,0.0,0.03125957707631014,0.03616304014710389,0.0563898253141281,0.026969046889365616
1,0,0,0,0,0,0,0,0,2,0,0,0,0,1,0,2,2,0,0,0,1,0,0,0,0,0.04013177598083258,0.030847559149445942,0.04162923030847559,0.04103024857741839,0.08505540581012279,0.04162923030847559,0.05480682839173405,0.05929919137466307,0.0,0.08325846061695118,0.03504043126684636,0.04791853848457622,0.0637915543575921,0.0,0.034441449535789155,0.0,0.0,0.05870020964360587,0.07038035339922133,0.044324648098233006,0.0,0.03893381251871818,0.04851752021563342,0.05121293800539083,0.029050613956274333
2,0,0,0,0,1,0,0,0,2,0,0,0,0,1,0,2,2,0,0,0,1,0,0,0,0,0.02254035942735303,0.03563813585135547,0.028936947913493757,0.03990252817544929,0.0,0.042643923240938165,0.026804751751446847,0.029850746268656716,0.0,0.3128236369174536,0.02650015229972586,0.031982942430703626,0.0581784952787085,0.0,0.03381053914102954,0.0,0.0,0.04508071885470606,0.05848309473042949,0.04386232104782212,0.0,0.035942735303076456,0.03563813585135547,0.053304904051172705,0.03807493146512336
1,0,0,0,0,1,0,0,0,2,2,0,0,0,1,0,2,2,0,0,0,1,0,0,0,0,0.043964232488822655,0.053154495777446596,0.053154495777446596,0.04197714853452558,0.0,0.04123199205166418,0.04197714853452558,0.07749627421758569,0.0,0.0,0.04197714853452558,0.04197714853452558,0.1890213611525087,0.0,0.03229011425732737,0.0,0.0,0.05489319423745653,0.060109289617486336,0.04197714853452558,0.0,0.044957774465971184,0.04123199205166418,0.05290611028315946,0.04570293094883259
2,0,0,0,0,1,0,0,0,2,2,0,0,1,1,0,2,2,0,0,0,1,0,0,0,0,0.018351063829787233,0.05452127659574468,0.04867021276595745,0.04893617021276596,0.0,0.034840425531914895,0.052127659574468084,0.24148936170212765,0.0,0.0,0.032446808510638296,0.03590425531914894,0.0,0.0,0.020478723404255317,0.0,0.0,0.08085106382978724,0.09095744680851064,0.03776595744680851,0.0,0.06170212765957447,0.06622340425531915,0.043351063829787234,0.03138297872340425
1,0,0,0,0,1,0,0,2,2,2,0,0,1,1,0,2,2,0,0,0,1,0,0,0,0,0.04376759662144868,0.05810084463782954,0.051702073201945226,0.03660097261325825,0.0,0.0473509086255439,0.10058868697210135,0.0,0.0,0.0,0.04376759662144868,0.18505246992577426,0.0,0.0,0.052725876631686715,0.0,0.0,0.06961863322242129,0.03916048118761198,0.05502943434860507,0.0,0.042743793191707194,0.07371384694138726,0.04939851548502688,0.050678269772203736
2,0,0,0,0,1,0,0,2,2,2,0,1,1,1,0,2,2,0,0,0,1,0,0,0,0,0.03868887694787748,0.08167651800107469,0.06340677055346589,0.03815153143471252,0.0,0.03788285867813004,0.2324019344438474,0.0,0.0,0.0,0.056958624395486296,0.0,0.0,0.0,0.03653949489521763,0.0,0.0,0.07952713594841483,0.08275120902740463,0.04110693175711983,0.0,0.047017732401934444,0.05776464266523375,0.06475013433637829,0.04137560451370231
1,0,0,0,0,1,0,2,2,2,2,0,1,1,1,0,2,2,0,0,0,1,0,0,0,0,0.07220496894409938,0.07065217391304347,0.04891304347826087,0.05512422360248447,0.0,0.14104554865424432,0.0,0.0,0.0,0.0,0.09549689440993789,0.0,0.0,0.0,0.06935817805383022,0.0,0.0,0.06651138716356107,0.06935817805383022,0.06237060041407867,0.0,0.057971014492753624,0.06521739130434782,0.06935817805383022,0.05641821946169772
2,0,0,0,0,1,1,2,2,2,2,0,1,1,1,0,2,2,0,0,0,1,0,0,0,0,0.07872460496613995,0.06743792325056433,0.04937923250564334,0.025112866817155757,0.0,0.0,0.0,0.0,0.0,0.0,0.3010722347629797,0.0,0.0,0.0,0.05191873589164785,0.0,0.0,0.06376975169300225,0.06715575620767494,0.07759593679458239,0.0,0.06405191873589165,0.07110609480812641,0.03893905191873589,0.04373589164785553
2,0,0,0,0,0,0,0,0,0,0,0,0,0,0,0,0,0,0,0,0,0,0,0,0,0,0.033666666666666664,0.03966666666666667,0.028666666666666667,0.039,0.03333333333333333,0.039,0.02033333333333333,0.03266666666666666,0.059666666666666666,0.050333333333333334,0.03666666666666667,0.043333333333333335,0.043666666666666666,0.058333333333333334,0.034,0.048,0.07,0.058,0.036333333333333336,0.042333333333333334,0.043666666666666666,0.028333333333333332,0.026,0.013,0.042
1,0,0,0,0,0,0,0,0,0,0,0,0,0,0,0,0,2,0,0,0,0,0,0,0,0,0.029292614521657837,0.03085073231536304,0.04144593331255843,0.0373948270489249,0.04487379245870988,0.058273605484574637,0.035213462137737614,0.04238080398878155,0.04487379245870988,0.0442505453412278,0.045808663134933,0.04206918043004051,0.05671548769086943,0.044562168899968835,0.020567154876908696,0.03801807416640698,0.0,0.04954814583982549,0.058896852602056717,0.03209722655032721,0.05453412277968214,0.03552508569647865,0.04238080398878155,0.047990028046120285,0.02243689622935494
2,0,0,0,0,0,0,0,0,0,0,0,0,0,0,0,0,2,0,1,0,0,0,0,0,0,0.027603513174404015,0.04140526976160602,0.032936010037641156,0.05520702634880803,0.027603513174404015,0.05614805520702635,0.04642409033877039,0.04360100376411543,0.03983688833124216,0.08594730238393977,0.04705144291091593,0.04987452948557089,0.035759096612296114,0.07277289836888332,0.025094102885821833,0.04109159347553325,0.0,0.0404642409033877,0.0,0.029485570890840654,0.04454203262233375,0.033249686323713924,0.056461731493099125,0.04015056461731493,0.027289836888331243
1,0,0,0,0,0,0,0,0,0,2,0,0,0,0,0,0,2,0,1,0,0,0,0,0,0,0.039718912312862814,0.03452490070271922,0.04246868316529178,0.035747021081576534,0.03910785212343416,0.024442407577146347,0.054078826764436295,0.0384967919340055,0.08096547509929729,0.0,0.021998166819431713,0.050106935533150015,0.08035441490986862,0.11487931561258784,0.037885731744576844,0.04460739382829209,0.0,0.05560647723800794,0.0,0.019859456156431407,0.05255117629086465,0.036969141460433855,0.025664527956003668,0.050106935533150015,0.019859456156431407
2,0,0,0,0,0,0,0,0,0,2,0,0,0,1,0,0,2,0,1,0,0,0,0,0,0,0.044444444444444446,0.03585185185185185,0.0714074074074074,0.056,0.048296296296296296,0.029333333333333333,0.052148148148148145,0.05925925925925926,0.14785185185185185,0.0,0.049185185185185186,0.032296296296296295,0.053037037037037035,0.0,0.028148148148148148,0.050074074074074076,0.0,0.027851851851851853,0.0,0.033185185185185186,0.039703703703703706,0.027851851851851853,0.04533333333333334,0.048,0.02074074074074074
1,0,0,0,0,0,0,0,0,2,2,0,0,0,1,0,0,2,0,1,0,0,0,0,0,0,0.046883933676386505,0.04488279016580903,0.06489422527158376,0.03802172670097198,0.02773013150371641,0.03459119496855346,0.059748427672955975,0.06203544882790166,0.0,0.0,0.05231560891938251,0.04173813607775872,0.19325328759291024,0.0,0.025157232704402517,0.05546026300743282,0.0,0.023727844482561464,0.0,0.03401943967981704,0.045454545454545456,0.031160663236134933,0.05117209834190966,0.0411663807890223,0.026586620926243566
2,0,0,0,0,0,0,0,0,2,2,0,0,1,1,0,0,2,0,1,0,0,0,0,0,0,0.03782312925170068,0.04081632653061224,0.06068027210884354,0.04517006802721089,0.024489795918367346,0.033197278911564626,0.054693877551020405,0.36081632653061224,0.0,0.0,0.030476190476190476,0.03156462585034014,0.0,0.0,0.022312925170068026,0.02095238095238095,0.0,0.0291156462585034,0.0,0.022312925170068026,0.0364625850340136,0.029931972789115645,0.04163265306122449,0.04789115646258504,0.029659863945578232
1,0,0,0,0,0,0,0,2,2,2,0,0,1,1,0,0,2,0,1,0,0,0,0,0,0,0.03653179190751445,0.058497109826589594,0.048323699421965315,0.026589595375722544,0.03445086705202312,0.048323699421965315,0.11190751445086705,0.0,0.0,0.0,0.04277456647398844,0.22497109826589595,0.0,0.0,0.03329479768786127,0.06312138728323699,0.0,0.028439306358381503,0.0,0.04531791907514451,0.03653179190751445,0.04531791907514451,0.046473988439306356,0.035144508670520234,0.03398843930635838
2,0,0,0,0,0,0,0,2,2,2,0,1,1,1,0,0,2,0,1,0,0,0,0,0,0,0.03298086606243706,0.04305135951661632,0.03600201409869084,0.01636455186304129,0.028449144008056395,0.03348439073514602,0.5125881168177241,0.0,0.0,0.0,0.041289023162134945,0.0,0.0,0.0,0.028449144008056395,0.03348439073514602,0.0,0.03298086606243706,0.0,0.03499496475327291,0.033987915407854986,0.022658610271903322,0.026686807653575024,0.02366565961732125,0.0188821752265861
1,0,0,0,0,0,0,2,2,2,2,0,1,1,1,0,0,2,0,1,0,0,0,0,0,0,0.08282025819265144,0.07706057596822244,0.041906653426017876,0.05163853028798411,0.045084409136047665,0.14121151936444887,0.0,0.0,0.0,0.0,0.1445878848063555,0.0,0.0,0.0,0.040119165839126114,0.04111221449851043,0.0,0.04428997020854022,0.0,0.04925521350546177,0.041906653426017876,0.045084409136047665,0.04607745779543198,0.05243296921549156,0.05541211519364449
2,0,0,0,0,0,0,2,2,2,2,1,1,1,1,0,0,2,0,1,0,0,0,0,0,0,0.06144352025757982,0.036758787228333784,0.024148108398175477,0.01824523745639925,0.023074859136034343,0.6053125838475986,0.0,0.0,0.0,0.0,0.0,0.0,0.0,0.0,0.026562919237993025,0.02334317145156963,0.0,0.02897773007781057,0.0,0.020391735980681513,0.02522135766031661,0.025757982291387174,0.0316608532331634,0.024148108398175477,0.024953045344781325
2,0,0,0,0,0,0,0,0,0,0,0,0,0,0,0,0,0,0,0,0,0,0,0,0,0,0.03233333333333333,0.022,0.031,0.041,0.04133333333333333,0.014666666666666666,0.025,0.05533333333333333,0.052333333333333336,0.030666666666666665,0.031,0.05333333333333334,0.05266666666666667,0.05366666666666667,0.035666666666666666,0.051,0.063,0.047,0.030666666666666665,0.03233333333333333,0.06733333333333333,0.035666666666666666,0.04,0.033,0.028
1,0,0,0,0,0,0,0,0,0,0,0,0,0,0,0,0,0,0,0,0,2,0,0,0,0,0.017494532958450486,0.02717900656044986,0.03655107778819119,0.02999062792877226,0.056232427366447985,0.028116213683223992,0.0359262730396751,0.0387378944079975,0.05873164636051234,0.03811308965948141,0.03280224929709466,0.03342705404561075,0.0359262730396751,0.07591377694470477,0.0387378944079975,0.02530459231490159,0.05092158700406123,0.07029053420805999,0.04373633239612621,0.03811308965948141,0.0,0.08434864104967198,0.04373633239612621,0.03155263980006248,0.028116213683223992
2,0,0,0,0,0,0,0,0,0,0,0,0,0,0,0,0,0,0,0,0,2,1,0,0,0,0.046803303762618535,0.026613643315998775,0.04037932089323952,0.037626185377791374,0.03823799327011319,0.028754970939125116,0.02844906699296421,0.06791067604772101,0.0724992352401346,0.03854389721627409,0.05353319057815846,0.04863872743958397,0.06760477210156011,0.05139186295503212,0.04649739981645763,0.03456714591618232,0.07219333129397369,0.05689813398592842,0.033955338023860505,0.030590394616090547,0.0,0.0,0.021413276231263382,0.03456714591618232,0.0223309880697461
1,0,0,0,0,0,0,0,0,2,0,0,0,0,0,0,0,0,0,0,0,2,1,0,0,0,0.02781211372064277,0.03430160692212608,0.05098887515451174,0.0377008652657602,0.07509270704573548,0.0377008652657602,0.050061804697156986,0.069221260815822,0.0,0.04295426452410383,0.038009888751545116,0.057478368355995055,0.07663782447466007,0.0550061804697157,0.04388133498145859,0.040173053152039555,0.0723114956736712,0.0407911001236094,0.024103831891223733,0.04326328800988875,0.0,0.0,0.02688504326328801,0.031211372064276884,0.024412855377008654
2,0,0,0,0,0,0,0,0,2,0,0,0,1,0,0,0,0,0,0,0,2,1,0,0,0,0.030797659377887282,0.039728980597474595,0.04650446566060979,0.05081613797351401,0.04280874653526332,0.03942100400369572,0.034801355097012626,0.1857098860486603,0.0,0.04496458269171543,0.024946104096088696,0.036957191253464736,0.0,0.036957191253464736,0.030797659377887282,0.023406221127194333,0.08962118878965199,0.06436710809978442,0.04835232522328303,0.023406221127194333,0.0,0.0,0.024946104096088696,0.0351093316907915,0.045580535879273174
1,0,0,0,0,0,0,0,2,2,0,0,0,1,0,0,0,0,0,0,0,2,1,0,0,0,0.04441976679622432,0.0424764019988895,0.029705719044975015,0.03220433092726263,0.06357579122709606,0.061910049972237646,0.08800666296501944,0.0,0.0,0.04886174347584675,0.04886174347584675,0.10438645197112716,0.0,0.07357023875624653,0.03414769572459744,0.055247084952804,0.05080510827318157,0.044975013881177126,0.04025541365907829,0.03470294280955025,0.0,0.0,0.031093836757357024,0.03053858967240422,0.04025541365907829
2,0,0,0,0,0,0,0,2,2,0,0,1,1,0,0,0,0,0,0,0,2,1,0,0,0,0.053925925925925926,0.04385185185185185,0.04385185185185185,0.011555555555555555,0.060148148148148145,0.05274074074074074,0.24474074074074073,0.0,0.0,0.043555555555555556,0.027851851851851853,0.0,0.0,0.04651851851851852,0.030222222222222223,0.017185185185185185,0.0885925925925926,0.08533333333333333,0.026962962962962963,0.020444444444444446,0.0,0.0,0.02903703703703704,0.027851851851851853,0.04562962962962963
1,0,0,0,0,0,0,2,2,2,0,0,1,1,0,0,0,0,0,0,0,2,1,0,0,0,0.057777777777777775,0.057777777777777775,0.053856209150326795,0.05045751633986928,0.10300653594771242,0.09228758169934641,0.0,0.0,0.0,0.09673202614379085,0.06248366013071895,0.0,0.0,0.059869281045751635,0.034509803921568626,0.02823529411764706,0.03738562091503268,0.04026143790849673,0.03738562091503268,0.06666666666666667,0.0,0.0,0.03764705882352941,0.03973856209150327,0.04392156862745098
2,0,0,0,0,1,0,2,2,2,0,0,1,1,0,0,0,0,0,0,0,2,1,0,0,0,0.05452402004126142,0.03300913645741232,0.024167403477748307,0.022988505747126436,0.0,0.040377247273798995,0.0,0.0,0.0,0.3380489242558208,0.04185086943707633,0.0,0.0,0.08281756557618626,0.03418803418803419,0.04509283819628647,0.05098732684939582,0.03389330975537872,0.06690244621279104,0.03713527851458886,0.0,0.0,0.028588269967580314,0.02475685234305924,0.040671971706454466
1,0,0,0,0,1,0,2,2,2,2,0,1,1,0,0,0,0,0,0,0,2,1,0,0,0,0.060057887120115776,0.08634828750602991,0.046792088760250844,0.05161601543656536,0.0,0.12011577424023155,0.0,0.0,0.0,0.0,0.1336227689339122,0.0,0.0,0.05812831644958997,0.041726965750120595,0.049686444766039554,0.049686444766039554,0.06729377713458755,0.04655089242643512,0.053304389773275444,0.0,0.0,0.04872165943077665,0.04365653642064641,0.0426917510853835
2,0,0,0,0,1,0,2,2,2,2,1,1,1,0,0,0,0,0,0,0,2,1,0,0,0,0.07768083309878976,0.05826062482409232,0.029271038558964256,0.036870250492541515,0.0,0.472558401350971,0.0,0.0,0.0,0.0,0.0,0.0,0.0,0.04193639178159302,0.019138755980861243,0.028145229383619477,0.04165493948775682,0.0377146073740501,0.044750914719954966,0.03884041654939488,0.0,0.0,0.021108922037714608,0.033211370672670985,0.01885730368702505
1,0,0,0,0,0,0,0,0,0,0,0,0,0,0,0,0,0,0,0,0,0,0,0,0,0,0.028333333333333332,0.035666666666666666,0.025333333333333333,0.03666666666666667,0.04066666666666666,0.033666666666666664,0.03233333333333333,0.048,0.051,0.04,0.04133333333333333,0.03333333333333333,0.051,0.065,0.03866666666666667,0.049666666666666665,0.047,0.049666666666666665,0.028666666666666667,0.026,0.037333333333333336,0.042333333333333334,0.04666666666666667,0.032,0.03966666666666667
2,0,0,0,0,0,0,0,0,0,0,0,0,0,1,0,0,0,0,0,0,0,0,0,0,0,0.026612398246712587,0.031308703819661866,0.028490920475892297,0.045710707576706325,0.0654351909830933,0.03788353162179086,0.026612398246712587,0.04664996869129618,0.06167814652473388,0.05134627426424546,0.04226675015654352,0.052598622417031934,0.055103318722604884,0.0,0.026299311208515967,0.026299311208515967,0.05291170945522855,0.035691922354414526,0.06011271133375078,0.04978083907326237,0.03537883531621791,0.045084533500313086,0.03757044458359424,0.029117094552285536,0.03005635566687539
1,0,0,0,0,2,0,0,0,0,0,0,0,0,1,0,0,0,0,0,0,0,0,0,0,0,0.02369077306733167,0.0520573566084788,0.02961346633416459,0.059850374064837904,0.0,0.0399002493765586,0.06234413965087282,0.06452618453865337,0.059850374064837904,0.033977556109725686,0.060785536159601,0.060473815461346635,0.033977556109725686,0.0,0.0442643391521197,0.03273067331670823,0.04644638403990025,0.04114713216957606,0.049251870324189526,0.049251870324189526,0.0399002493765586,0.0399002493765586,0.02213216957605985,0.01683291770573566,0.03709476309226933
2,0,0,0,0,2,0,0,1,0,0,0,0,0,1,0,0,0,0,0,0,0,0,0,0,0,0.040548970679975045,0.026824703680598878,0.05333749220212102,0.051777916406737366,0.0,0.026200873362445413,0.026200873362445413,0.0,0.07392389270118528,0.03275109170305677,0.02994385527136619,0.051154086088583905,0.05895196506550218,0.0,0.041796631316281974,0.05957579538365564,0.0851528384279476,0.0421085464753587,0.047411104179663134,0.044915782907049284,0.05832813474734872,0.04148471615720524,0.03649407361197754,0.022145976294447912,0.04897067997504679
1,0,0,0,0,2,0,0,1,0,0,0,0,0,1,0,0,2,0,0,0,0,0,0,0,0,0.03728606356968215,0.0550122249388753,0.06448655256723716,0.05715158924205379,0.0,0.0323960880195599,0.04828850855745721,0.0,0.07487775061124695,0.034535452322738386,0.03942542787286064,0.040342298288508556,0.0730440097799511,0.0,0.026589242053789732,0.0519559902200489,0.0,0.0519559902200489,0.04431540342298289,0.040342298288508556,0.03942542787286064,0.04828850855745721,0.028422982885085574,0.06204156479217604,0.049816625916870416
2,0,0,0,0,2,0,0,1,1,0,0,0,0,1,0,0,2,0,0,0,0,0,0,0,0,0.0376078914919852,0.04161528976572133,0.053329223181257705,0.07644882860665844,0.0,0.035758323057953144,0.05240443896424168,0.0,0.0,0.035758323057953144,0.03884093711467324,0.03976572133168927,0.03514180024660912,0.0,0.04778051787916153,0.03884093711467324,0.0,0.10789149198520345,0.09001233045622688,0.058569667077681874,0.04099876695437731,0.03945745992601726,0.053329223181257705,0.03884093711467324,0.0376078914919852
1,0,0,0,0,2,0,0,1,1,0,0,0,0,1,0,0,2,2,0,0,0,0,0,0,0,0.037623171095849506,0.03613018811585548,0.04359510301582562,0.0531501940877874,0.0,0.042102120035831594,0.04837264855180651,0.0,0.0,0.027470886831890116,0.047476858763810095,0.03344281875186623,0.0212003583159152,0.0,0.03523439832785906,0.0636010749477456,0.0,0.0,0.23320394147506718,0.06778142729172887,0.06449686473574201,0.03344281875186623,0.033144222155867424,0.035831591519856675,0.0426993132278292
2,0,0,0,0,2,0,0,1,1,0,0,0,0,1,0,0,2,2,1,0,0,0,0,0,0,0.037037037037037035,0.046296296296296294,0.12936507936507938,0.11402116402116402,0.0,0.05264550264550265,0.04708994708994709,0.0,0.0,0.03015873015873016,0.05634920634920635,0.03518518518518519,0.028835978835978836,0.0,0.028835978835978836,0.03306878306878307,0.0,0.0,0.0,0.03650793650793651,0.0582010582010582,0.028042328042328042,0.10714285714285714,0.0656084656084656,0.0656084656084656
1,0,0,2,0,2,0,0,1,1,0,0,0,0,1,0,0,2,2,1,0,0,0,0,0,0,0.03870412844036697,0.06077981651376147,0.0,0.2855504587155963,0.0,0.03669724770642202,0.10349770642201835,0.0,0.0,0.03239678899082569,0.030103211009174312,0.017775229357798166,0.026662844036697247,0.0,0.027522935779816515,0.03669724770642202,0.0,0.0,0.0,0.06192660550458716,0.026089449541284403,0.024942660550458715,0.06106651376146789,0.07282110091743119,0.05676605504587156
2,0,0,2,1,2,0,0,1,1,0,0,0,0,1,0,0,2,2,1,0,0,0,0,0,0,0.03504380475594493,0.0555694618272841,0.0,0.0,0.0,0.05006257822277847,0.05106382978723404,0.0,0.0,0.0460575719649562,0.0460575719649562,0.0555694618272841,0.06458072590738423,0.0,0.0392991239048811,0.05106382978723404,0.0,0.0,0.0,0.08360450563204005,0.06983729662077597,0.026032540675844807,0.11939924906132666,0.12740926157697122,0.07934918648310388
1,0,0,2,1,2,0,0,1,1,0,0,0,0,1,0,0,2,2,1,0,0,0,0,2,0,0.02765108323831243,0.021379703534777653,0.0,0.0,0.0,0.019384264538198404,0.023660205245153935,0.0,0.0,0.028221208665906498,0.040193842645381984,0.042759407069555305,0.02080957810718358,0.0,0.04503990877993159,0.0330672748004561,0.0,0.0,0.0,0.055587229190421895,0.04475484606613455,0.02080957810718358,0.5142531356898518,0.0,0.062428734321550744
