1,0,0,0,0,0,0,0,0,0,0,0,0,0,0,0,0,0,0,0,0,0,0,0,0,0,0,0,0,0,0,0,0,0,0,0,0,0,0,0,0,0,0,0,0,0,0,0,0,0,0,0,0.0395,0.0295,0.061,0.0395,0.029,0.0455,0.0455,0.055,0.022,0.0475,0.0335,0.045,0.061,0.045,0.0205,0.047,0.047,0.039,0.0425,0.027,0.0475,0.0445,0.037,0.026,0.0235
0,1,0,0,0,0,1,0,0,0,0,0,0,0,0,0,0,0,0,0,0,0,0,0,0,0,0,0,0,0,0,0,0,0,0,0,0,0,0,0,0,0,0,0,0,0,0,0,0,0,0,0,0.021687883074021686,0.04714757190004715,0.0,0.04809052333804809,0.04054691183404055,0.03206034889203206,0.0429042904290429,0.04431871758604432,0.06034889203206035,0.053276756247053275,0.05186232909005186,0.0297029702970297,0.04573314474304573,0.04054691183404055,0.037246581801037244,0.03253182461103253,0.033946251768033946,0.039132484677039135,0.05704856199905705,0.040075436115040074,0.04148986327204149,0.055162659123055166,0.03771805752003772,0.03771805752003772,0.0297029702970297
1,0,0,0,0,0,1,0,0,0,0,0,0,0,0,0,0,0,0,0,0,0,0,0,0,0,0,0,0,0,0,0,0,0,0,0,0,0,0,0,0,0,0,0,0,1,0,0,0,0,0,0,0.023629489603024575,0.052930056710775046,0.0,0.054820415879017016,0.0661625708884688,0.04300567107750473,0.06474480151228733,0.05907372400756144,0.0444234404536862,0.04489603024574669,0.04300567107750473,0.03449905482041588,0.04725897920604915,0.04489603024574669,0.04253308128544423,0.038752362948960305,0.0444234404536862,0.0500945179584121,0.045368620037807186,0.039224952741020794,0.021266540642722116,0.0,0.03827977315689981,0.02599243856332703,0.030718336483931945
0,1,0,0,0,0,1,0,0,0,0,0,0,0,1,0,0,0,0,0,0,0,0,0,0,0,0,0,0,0,0,0,0,0,0,0,0,0,0,0,0,0,0,0,0,1,0,0,0,0,0,0,0.035580524344569285,0.03417602996254682,0.0,0.047752808988764044,0.05852059925093633,0.05149812734082397,0.0,0.052434456928838954,0.035580524344569285,0.05056179775280899,0.04260299625468165,0.0599250936329588,0.05290262172284644,0.03885767790262172,0.04868913857677903,0.046348314606741575,0.04728464419475655,0.04541198501872659,0.04260299625468165,0.031835205992509365,0.0449438202247191,0.0,0.0449438202247191,0.04353932584269663,0.04400749063670412
1,0,0,0,0,0,1,0,0,0,0,0,0,0,1,0,0,0,0,0,0,0,0,0,0,0,0,0,0,0,0,0,0,0,0,0,0,0,0,1,0,0,0,0,0,1,0,0,0,0,0,0,0.022488038277511963,0.04114832535885168,0.0,0.06746411483253588,0.08564593301435407,0.03301435406698565,0.0,0.04066985645933014,0.06698564593301436,0.0722488038277512,0.03732057416267943,0.05741626794258373,0.05885167464114833,0.06267942583732057,0.029186602870813396,0.03301435406698565,0.053588516746411484,0.05263157894736842,0.0,0.03349282296650718,0.045933014354066985,0.0,0.027751196172248804,0.04354066985645933,0.034928229665071774
0,1,0,0,0,0,1,0,0,0,1,0,0,0,1,0,0,0,0,0,0,0,0,0,0,0,0,0,0,0,0,0,0,0,0,0,0,0,0,1,0,0,0,0,0,1,0,0,0,0,0,0,0.03489439853076217,0.03673094582185491,0.0,0.1891643709825528,0.0,0.06014692378328742,0.0,0.04040404040404041,0.047750229568411386,0.028925619834710745,0.051423324150596875,0.04591368227731864,0.05417814508723599,0.04591368227731864,0.03305785123966942,0.03764921946740129,0.0876951331496786,0.03948576675849403,0.0,0.03397612488521579,0.03673094582185491,0.0,0.03397612488521579,0.03305785123966942,0.028925619834710745
1,0,0,0,0,0,1,0,0,1,1,0,0,0,1,0,0,0,0,0,0,0,0,0,0,0,0,0,0,0,0,0,0,0,0,0,0,0,0,1,0,0,0,0,0,1,0,0,0,0,0,0,0.0427208627125674,0.04603898797179593,0.0,0.0,0.0,0.030692658647863958,0.0,0.0866860223973455,0.19535462463708006,0.02986312733305682,0.03774367482372459,0.04355039402737453,0.051430941518042304,0.05557859809207798,0.040647034425549566,0.06055578598092078,0.040232268768146,0.05682289506428868,0.0,0.021153048527581916,0.03359601824968893,0.0,0.040647034425549566,0.04603898797179593,0.040647034425549566
0,1,0,0,0,0,1,0,0,1,1,0,0,0,1,0,0,0,1,0,0,0,0,0,0,0,0,0,0,0,0,0,0,0,0,0,0,0,0,1,0,0,0,0,0,1,0,0,0,0,0,0,0.03967611336032389,0.03967611336032389,0.0,0.0,0.0,0.05303643724696356,0.0,0.19676113360323888,0.0,0.031174089068825912,0.048987854251012146,0.06720647773279352,0.12024291497975709,0.04251012145748988,0.0465587044534413,0.04251012145748988,0.051417004048582994,0.038866396761133605,0.0,0.03805668016194332,0.04048582995951417,0.0,0.02145748987854251,0.03643724696356275,0.044939271255060725
1,0,0,0,0,0,1,0,0,1,1,0,0,0,1,0,0,0,1,0,0,0,0,0,0,0,0,0,0,0,0,0,0,0,0,0,0,0,0,1,0,0,0,1,0,1,0,0,0,0,0,0,0.042401143401619816,0.027155788470700333,0.0,0.0,0.0,0.03287279656979514,0.0,0.2286803239637923,0.0,0.03239637922820391,0.05240590757503573,0.08051453072891854,0.09004287756074321,0.03239637922820391,0.0281086231538828,0.06622201048118151,0.03906622201048118,0.07003334921391138,0.0,0.042401143401619816,0.0,0.0,0.045736064792758456,0.04097189137684612,0.04859456884230586
0,1,0,0,0,0,1,0,0,1,1,0,0,0,1,0,1,0,1,0,0,0,0,0,0,0,0,0,0,0,0,0,0,0,0,0,0,0,0,1,0,0,0,1,0,1,0,0,0,0,0,0,0.05526421944332392,0.0536506655909641,0.0,0.0,0.0,0.08592174263816055,0.0,0.0,0.0,0.058491327148043566,0.10165389269866881,0.048406615570794675,0.06010488100040339,0.05687777329568374,0.041145623235175476,0.09156918112141993,0.06171843485276321,0.06171843485276321,0.0,0.06010488100040339,0.0,0.0,0.05163372327551432,0.058491327148043566,0.053247277127874144
1,0,0,0,0,0,1,0,0,1,1,0,0,0,1,0,1,0,1,0,0,0,0,0,0,0,0,0,0,0,0,0,0,0,0,0,0,0,0,1,0,0,0,1,0,1,0,0,0,0,0,1,0.07085875175973722,0.0671046457062412,0.0,0.0,0.0,0.09291412482402628,0.0,0.0,0.0,0.05443453777569216,0.09244486156733928,0.048803378695448145,0.07508212106992022,0.06053496011262318,0.06288127639605819,0.0671046457062412,0.05865790708587518,0.0671046457062412,0.0,0.06381980290943219,0.0,0.0,0.06288127639605819,0.055373064289066166,0.0
1,0,0,0,0,0,0,0,0,0,0,0,0,0,0,0,0,0,0,0,0,0,0,0,0,0,0,0,0,0,0,0,0,0,0,0,0,0,0,0,0,0,0,0,0,0,0,0,0,0,0,0,0.021,0.028,0.0395,0.0395,0.038,0.057,0.0265,0.032,0.059,0.0255,0.0495,0.039,0.055,0.053,0.032,0.049,0.0335,0.0475,0.0355,0.043,0.0625,0.048,0.0385,0.028,0.02
0,1,0,0,0,0,0,0,0,0,0,0,0,0,0,0,0,0,0,0,0,0,0,0,0,0,0,0,0,0,0,0,0,0,0,0,0,0,0,0,0,0,1,0,0,0,0,0,0,0,0,0,0.021657250470809793,0.047080979284369114,0.0371939736346516,0.03248587570621469,0.06073446327683616,0.03248587570621469,0.0371939736346516,0.04990583804143126,0.052259887005649715,0.04048964218455744,0.03154425612052731,0.052259887005649715,0.03954802259887006,0.06167608286252354,0.033427495291902073,0.035781544256120526,0.04943502824858757,0.0748587570621469,0.04943502824858757,0.022598870056497175,0.0,0.0423728813559322,0.025423728813559324,0.030602636534839925,0.03954802259887006
1,0,0,0,0,0,0,0,0,0,0,0,0,0,0,0,0,0,0,0,0,0,0,0,0,0,0,0,0,0,0,1,0,0,0,0,0,0,0,0,0,0,1,0,0,0,0,0,0,0,0,0,0.03333333333333333,0.02753623188405797,0.043478260869565216,0.04106280193236715,0.04251207729468599,0.04251207729468599,0.048792270531400964,0.035748792270531404,0.04396135265700483,0.05603864734299517,0.030917874396135265,0.025120772946859903,0.05603864734299517,0.059420289855072465,0.0,0.03768115942028986,0.05458937198067633,0.04009661835748792,0.057971014492753624,0.044444444444444446,0.0,0.04396135265700483,0.05314009661835749,0.042995169082125605,0.03864734299516908
0,1,0,0,0,0,0,0,0,0,0,0,0,0,0,0,0,0,0,0,0,0,0,0,0,0,0,0,1,0,0,1,0,0,0,0,0,0,0,0,0,0,1,0,0,0,0,0,0,0,0,0,0.03864278982092366,0.03958529688972667,0.04524033930254477,0.03581526861451461,0.05984919886899152,0.029688972667295005,0.04948162111215834,0.04429783223374175,0.041941564561734215,0.09048067860508954,0.040999057492931194,0.030631479736098022,0.05513666352497644,0.0,0.0,0.040999057492931194,0.04759660697455231,0.04853911404335533,0.046182846371347785,0.026861451460885956,0.0,0.051837888784165884,0.040999057492931194,0.06173421300659755,0.03345900094250707
1,0,0,0,0,0,0,0,0,0,0,0,0,0,0,0,0,0,0,0,0,1,0,0,0,0,0,0,1,0,0,1,0,0,0,0,0,0,0,0,0,0,1,0,0,0,0,0,0,0,0,0,0.04655408489274304,0.02327704244637152,0.03605659516202647,0.04381560931081698,0.11684162482884528,0.048379735280693746,0.03331811958010041,0.04198995892286627,0.07120036513007759,0.0,0.02601551802829758,0.03468735737106344,0.05294386125057052,0.0,0.0,0.024189867640346873,0.04244637151985395,0.048836147877681424,0.0670926517571885,0.06937471474212688,0.0,0.05842081241442264,0.04746691008671839,0.03605659516202647,0.031036056595162027
0,1,0,0,0,0,0,0,0,0,1,0,0,0,0,0,0,0,0,0,0,1,0,0,0,0,0,0,1,0,0,1,0,0,0,0,0,0,0,0,0,0,1,0,0,0,0,0,0,0,0,0,0.03414634146341464,0.049223946784922396,0.05277161862527716,0.0802660753880266,0.0,0.025720620842572064,0.06164079822616408,0.06341463414634146,0.10509977827050998,0.0,0.03592017738359202,0.03592017738359202,0.040798226164079826,0.0,0.0,0.028824833702882482,0.050110864745011086,0.043458980044345896,0.05277161862527716,0.06518847006651884,0.0,0.05853658536585366,0.03725055432372506,0.04745011086474501,0.03148558758314856
1,0,0,0,0,0,0,0,0,0,1,0,0,0,0,0,0,0,0,0,0,1,0,0,0,0,0,0,1,0,0,1,0,0,0,0,0,1,0,0,0,0,1,0,0,0,0,0,0,0,0,0,0.03671912255603243,0.023843586075345733,0.02861230329041488,0.07677634716261325,0.0,0.05007153075822604,0.04673342870767763,0.06676204101096805,0.0844062947067239,0.0,0.042441583214115404,0.058655221745350504,0.05293276108726753,0.0,0.0,0.03671912255603243,0.05722460658082976,0.0,0.04959465903671912,0.060085836909871244,0.0,0.07916070577014783,0.053886504530281355,0.05293276108726753,0.042441583214115404
0,1,0,0,0,0,0,0,0,0,1,0,0,0,0,0,0,0,1,0,0,1,0,0,0,0,0,0,1,0,0,1,0,0,0,0,0,1,0,0,0,0,1,0,0,0,0,0,0,0,0,0,0.06893382352941177,0.021139705882352942,0.07536764705882353,0.04549632352941176,0.0,0.04641544117647059,0.034926470588235295,0.10661764705882353,0.0,0.0,0.06985294117647059,0.07352941176470588,0.109375,0.0,0.0,0.03722426470588235,0.06709558823529412,0.0,0.03170955882352941,0.027113970588235295,0.0,0.043198529411764705,0.06387867647058823,0.03170955882352941,0.04641544117647059
1,0,0,0,0,0,0,0,0,0,1,0,0,0,0,0,0,1,1,0,0,1,0,0,0,0,0,0,1,0,0,1,0,0,0,0,0,1,0,0,0,0,1,0,0,0,0,0,0,0,0,0,0.035410129986553115,0.04885701479157328,0.055132227700582695,0.047064096817570594,0.0,0.026445540116539667,0.0502017032720753,0.0,0.0,0.0,0.03496190049305244,0.037203047960555805,0.28103989242492156,0.0,0.0,0.03630658897355446,0.0632003585835948,0.0,0.038995965934558494,0.03630658897355446,0.0,0.06678619453160017,0.06633796503809951,0.03630658897355446,0.039444195428059166
0,1,0,0,0,0,0,0,0,0,1,0,0,0,0,0,0,1,1,0,0,1,0,0,0,0,1,0,1,0,0,1,0,0,0,0,0,1,0,0,0,0,1,0,0,0,0,0,0,0,0,0,0.04379284082254379,0.048743335872048744,0.06473724295506474,0.04493526275704494,0.0,0.046458492003046456,0.0575019040365575,0.0,0.0,0.0,0.0575019040365575,0.13290175171363292,0.0,0.0,0.0,0.05369383092155369,0.1667936024371668,0.0,0.04112718964204113,0.03541507996953541,0.0,0.0575019040365575,0.05255140898705255,0.03541507996953541,0.06092916984006093
1,0,0,0,0,0,0,0,0,0,1,0,0,0,0,0,0,1,1,0,0,1,0,0,0,0,1,0,1,0,0,1,0,0,0,1,0,1,0,0,0,0,1,0,0,0,0,0,0,0,0,0,0.021337710299548625,0.044727123512515385,0.059909725071809604,0.04349610176446451,0.0,0.034058268362741076,0.051702913418137056,0.0,0.0,0.0,0.03528929011079196,0.39146491588018056,0.0,0.0,0.0,0.026261797291752154,0.0,0.0,0.044727123512515385,0.03282724661469019,0.0,0.0734509643003693,0.054985638079606075,0.04718916700861715,0.03857201477226098
0,1,0,0,0,0,0,0,0,0,1,0,0,0,0,0,0,1,1,0,0,1,0,0,1,0,1,0,1,0,0,1,0,0,0,1,0,1,0,0,0,0,1,0,0,0,0,0,0,0,0,0,0.057907213003725026,0.06264815441923467,0.06264815441923467,0.051473078225533354,0.0,0.06705045716220792,0.08635286149678294,0.0,0.0,0.0,0.1313918049441246,0.0,0.0,0.0,0.0,0.13376227565187945,0.0,0.0,0.05485946495089739,0.05926176769387064,0.0,0.0653572637995259,0.05485946495089739,0.051473078225533354,0.06095496105655266
1,0,0,0,0,0,0,0,0,0,1,0,0,0,0,1,0,1,1,0,0,1,0,0,1,0,1,0,1,0,0,1,0,0,0,1,0,1,0,0,0,0,1,0,0,0,0,0,0,0,0,0,0.05678793256433008,0.04924578527062999,0.07364685004436557,0.05678793256433008,0.0,0.043478260869565216,0.0,0.0,0.0,0.0,0.15705412599822538,0.0,0.0,0.0,0.0,0.15705412599822538,0.0,0.0,0.07187222715173026,0.06344276841171251,0.0,0.07364685004436557,0.08074534161490683,0.05323868677905945,0.06299911268855368
0,1,0,0,0,0,0,0,0,0,0,0,0,0,0,0,0,0,0,0,0,0,0,0,0,0,0,0,0,0,0,0,0,0,0,0,0,0,0,0,0,0,0,0,0,0,0,0,0,0,0,0,0.0225,0.025,0.0285,0.0375,0.033,0.042,0.0525,0.0355,0.0535,0.0425,0.027,0.0505,0.045,0.0595,0.0415,0.039,0.048,0.058,0.045,0.0375,0.0325,0.0385,0.0375,0.038,0.03
1,0,0,0,0,0,0,0,0,0,0,0,0,0,0,0,0,0,0,0,0,0,0,0,0,0,0,0,0,0,0,0,0,0,0,0,0,0,0,0,0,0,0,0,0,0,0,0,0,1,0,0,0.038072289156626506,0.04963855421686747,0.05349397590361446,0.04626506024096386,0.03662650602409639,0.03662650602409639,0.05253012048192771,0.04578313253012048,0.047228915662650604,0.033734939759036145,0.03518072289156626,0.04963855421686747,0.05397590361445783,0.0327710843373494,0.057349397590361444,0.03228915662650603,0.029397590361445784,0.041927710843373496,0.05879518072289157,0.026987951807228915,0.02506024096385542,0.04578313253012048,0.04481927710843373,0.0,0.026024096385542168
0,1,0,0,0,0,0,0,0,0,0,0,0,0,0,0,0,0,0,0,0,0,0,0,0,0,0,0,0,0,0,0,0,0,0,0,0,0,1,0,0,0,0,0,0,0,0,0,0,1,0,0,0.03771805752003772,0.0429042904290429,0.02593116454502593,0.0594059405940594,0.058462989156058465,0.031117397454031116,0.028288543140028287,0.04337576614804337,0.042432814710042434,0.04856199905704856,0.033474776049033476,0.033474776049033476,0.07355021216407355,0.0429042904290429,0.031117397454031116,0.055634134842055635,0.050447901933050446,0.05704856199905705,0.0,0.04997642621404998,0.04667609618104668,0.037246581801037244,0.05233380480905234,0.0,0.017916077322017915
1,0,0,0,0,0,0,0,0,0,0,0,0,0,0,0,0,0,0,0,0,0,0,0,0,0,0,0,0,0,0,0,0,0,0,0,0,0,1,0,0,0,0,0,0,0,0,1,0,1,0,0,0.026066350710900472,0.03317535545023697,0.04549763033175355,0.03696682464454976,0.04881516587677725,0.04075829383886256,0.029383886255924172,0.06018957345971564,0.04075829383886256,0.054976303317535544,0.043601895734597156,0.031279620853080566,0.043601895734597156,0.03033175355450237,0.047867298578199054,0.04691943127962085,0.04549763033175355,0.10758293838862559,0.0,0.042180094786729856,0.06587677725118483,0.03838862559241706,0.0,0.0,0.04028436018957346
1,0,0,0,0,0,0,0,0,0,0,0,0,0,0,0,0,0,0,0,0,0,0,0,0,0,0,0,0,0,0,0,0,0,0,0,0,0,0,0,0,0,0,0,0,0,0,0,0,0,0,0,0.02,0.0514,0.0306,0.0524,0.0436,0.0314,0.052,0.0484,0.045,0.0422,0.0462,0.0332,0.0676,0.0458,0.0298,0.0326,0.043,0.038,0.0384,0.022,0.0404,0.0478,0.0212,0.0478,0.0292
0,1,0,0,0,0,0,0,0,0,0,0,0,0,0,0,0,0,0,0,0,0,0,0,0,0,1,0,0,0,0,0,0,0,0,0,0,0,0,0,0,0,0,0,0,0,0,0,0,0,0,0,0.026981450252951095,0.027730934982199737,0.03522578227468615,0.04759228030728874,0.06164511898070077,0.026606707888326777,0.03372681281618887,0.041596402473299605,0.04646805321341577,0.05246393104740491,0.051152332771219784,0.0713884204609331,0.0,0.02848041971144838,0.030728873899194303,0.04347011429642121,0.07007682218474799,0.030728873899194303,0.03766160764474424,0.03578789582162263,0.05789769533445756,0.04515645493723065,0.029979389169945664,0.032977328086940226,0.03447629754543751
1,0,0,0,0,0,0,0,0,0,0,0,0,0,0,0,0,0,0,0,0,0,0,0,0,0,1,0,0,0,0,0,0,0,0,1,0,0,0,0,0,0,0,0,0,0,0,0,0,0,0,0,0.0413176996091569,0.030522985296854644,0.01972827098455239,0.040014889261120415,0.06514051740182393,0.029406290712823375,0.02512562814070352,0.047087288293318444,0.044481667597245485,0.036664805509026614,0.05378745579750605,0.13214219244369999,0.0,0.05583472920156337,0.04615670947329239,0.038525963149078725,0.0,0.029406290712823375,0.033686953284943234,0.024939512376698305,0.05564861343755816,0.03685092127303183,0.042620509957193374,0.030336869532849434,0.04057323655313605
0,1,0,0,0,0,0,0,0,0,0,0,0,0,0,0,0,0,0,0,0,0,0,0,1,0,1,0,0,0,0,0,0,0,0,1,0,0,0,0,0,0,0,0,0,0,0,0,0,0,0,0,0.036608863198458574,0.03871080749693467,0.02189525310912594,0.04203888596952181,0.05675249605885444,0.03871080749693467,0.031003678402522335,0.039236293571553685,0.08653004028726573,0.04168856191977579,0.06568575932737783,0.0,0.0,0.07812226309336136,0.05272376948677527,0.07619548081975827,0.0,0.03573305307409354,0.0348572429497285,0.046242774566473986,0.0348572429497285,0.03187948852688737,0.030127868278157294,0.04081275179541075,0.039586617621299704
1,0,0,0,0,0,0,0,0,0,0,0,0,0,0,0,0,0,0,0,0,0,0,0,1,0,1,0,0,0,0,0,0,0,0,1,0,0,0,1,0,0,0,0,0,0,0,0,0,0,0,0,0.022893420546363986,0.02443247402847249,0.041362062331666026,0.03866871873797614,0.08945748364755675,0.029242016160061564,0.042708734128510964,0.03866871873797614,0.08330126971912274,0.05829165063485956,0.053674490188534055,0.0,0.0,0.11716044632550981,0.043478260869565216,0.04694113120430935,0.0,0.029049634474798,0.0,0.02443247402847249,0.04078491727587533,0.03655252020007695,0.04924971142747211,0.057714505579068875,0.03193535975375144
0,1,0,0,0,0,0,0,0,0,0,0,0,0,0,0,0,0,0,0,0,0,0,0,1,0,1,0,1,0,0,0,0,0,0,1,0,0,0,1,0,0,0,0,0,0,0,0,0,0,0,0,0.0315620542082739,0.040477888730385166,0.04778887303851641,0.04261768901569187,0.04832382310984308,0.03209700427960057,0.06027104136947218,0.03869472182596291,0.04261768901569187,0.07899429386590585,0.07596291012838802,0.0,0.0,0.0,0.10556348074179743,0.11019971469329529,0.0,0.03869472182596291,0.0,0.02674750356633381,0.04368758915834522,0.0224679029957204,0.027995720399429387,0.04154778887303852,0.04368758915834522
1,0,0,0,0,0,0,0,0,0,0,0,0,1,0,0,0,0,0,0,0,0,0,0,1,0,1,0,1,0,0,0,0,0,0,1,0,0,0,1,0,0,0,0,0,0,0,0,0,0,0,0,0.06893222629851323,0.04228615562849971,0.04228615562849971,0.04209306815987642,0.061208727553581775,0.0,0.03243869472871211,0.040934543348136704,0.03012164510523267,0.0820621741648967,0.1046534079938212,0.0,0.0,0.0,0.052519791465533885,0.09538520949990345,0.0,0.049430391967561306,0.0,0.02587372079552037,0.04595481753234215,0.06005020274184206,0.0353350067580614,0.0480787796871983,0.04035528094226685
0,1,0,0,0,0,0,0,0,0,0,0,0,1,0,0,0,0,0,0,0,0,1,0,1,0,1,0,1,0,0,0,0,0,0,1,0,0,0,1,0,0,0,0,0,0,0,0,0,0,0,0,0.042591589965710164,0.0440353726764122,0.04872766648619383,0.05865367262227035,0.07092582566323768,0.0,0.042591589965710164,0.0496300306803826,0.05720988991156831,0.12380436744269988,0.0,0.0,0.0,0.0,0.12055585634362029,0.037538350478253026,0.0,0.045659628225951994,0.0,0.04006497022198159,0.04331348132106118,0.041689225771521385,0.04800577513084281,0.045659628225951994,0.03934307886663057
1,0,0,0,0,0,0,1,0,0,0,0,0,1,0,0,0,0,0,0,0,0,1,0,1,0,1,0,1,0,0,0,0,0,0,1,0,0,0,1,0,0,0,0,0,0,0,0,0,0,0,0,0.0516226988043272,0.04327196811539191,0.0,0.04175365344467641,0.07003226418675271,0.0,0.04858606946289618,0.04175365344467641,0.06623647750996393,0.12943632567849686,0.0,0.0,0.0,0.0,0.12943632567849686,0.042133232112355284,0.0,0.04535965078762574,0.0,0.05257164547352439,0.038527234769405956,0.05731637881951034,0.05503890681343709,0.04763712279369899,0.039286392104763715
0,1,0,0,0,0,0,0,0,0,0,0,0,0,0,0,0,0,0,0,0,0,0,0,0,0,0,0,0,0,0,0,0,0,0,0,0,0,0,0,0,0,0,0,0,0,0,0,0,0,0,0,0.0278,0.0252,0.0234,0.0404,0.044,0.0438,0.0426,0.0616,0.054,0.0286,0.024,0.0508,0.0462,0.0598,0.0554,0.0364,0.0318,0.0438,0.0354,0.0228,0.0494,0.0248,0.0534,0.0418,0.0328
1,0,0,0,0,0,0,0,0,0,0,0,0,0,0,0,0,0,0,0,0,1,0,0,0,0,0,0,0,0,0,0,0,0,0,0,0,0,0,0,0,0,0,0,0,0,0,0,0,0,0,0,0.040062232594321276,0.027421236872812137,0.044340723453908985,0.06709451575262544,0.07429015947102295,0.029754959159859977,0.039673278879813305,0.052897705173084404,0.041229093737845196,0.0,0.019058732010890703,0.050952936600544535,0.047841306884480746,0.03189420458965383,0.03442240373395566,0.032283158304161806,0.050175029171528586,0.04220147802411513,0.035783741734733567,0.03072734344612991,0.045313107740178916,0.050952936600544535,0.043562816024893036,0.03617269544924154,0.03189420458965383
0,1,0,0,0,0,0,0,0,0,1,0,0,0,0,0,0,0,0,0,0,1,0,0,0,0,0,0,0,0,0,0,0,0,0,0,0,0,0,0,0,0,0,0,0,0,0,0,0,0,0,0,0.019513101653967663,0.042185467385244375,0.03363687047017283,0.07043300501765472,0.0,0.023601561048132318,0.05742427058167627,0.050176547110202564,0.05630923620144954,0.0,0.06820293625720127,0.047760639286378,0.073963947221706,0.01821222821036982,0.021185653224307748,0.031406801709719386,0.06207024716595429,0.04367217989221334,0.04181378925850214,0.035495261103884033,0.06894629251068575,0.04924735179334696,0.03363687047017283,0.029920089202750418,0.021185653224307748
1,0,0,0,0,0,0,0,0,0,1,0,0,0,0,0,0,0,0,0,0,1,0,0,0,0,0,0,0,0,0,0,0,0,0,0,0,0,0,0,0,0,0,1,0,0,0,0,0,0,0,0,0.03985102420856611,0.04823091247672253,0.03649906890130354,0.06871508379888268,0.0,0.036126629422718805,0.04022346368715084,0.0888268156424581,0.09608938547486033,0.0,0.050837988826815644,0.07746741154562384,0.044134078212290505,0.03277467411545624,0.02867783985102421,0.086219739292365,0.05027932960893855,0.02867783985102421,0.022905027932960894,0.0297951582867784,0.0,0.023649906890130353,0.024208566108007448,0.01936685288640596,0.02644320297951583
0,1,0,0,0,0,0,0,0,0,1,0,0,0,0,0,0,0,1,0,0,1,0,0,0,0,0,0,0,0,0,0,0,0,0,0,0,0,0,0,0,0,0,1,0,0,0,0,0,0,0,0,0.028649138712601996,0.03789664551223935,0.04986400725294651,0.04805077062556664,0.0,0.03227561196736174,0.06545784224841342,0.07452402538531279,0.0,0.0,0.06636446056210335,0.08558476881233001,0.05512239347234814,0.03227561196736174,0.03644605621033545,0.1098821396192203,0.050226654578422486,0.032638259292837715,0.03191296464188577,0.029374433363553942,0.0,0.036083408884859475,0.03481414324569356,0.03100634632819583,0.03155031731640979
1,0,0,0,0,0,0,0,0,0,1,0,0,0,0,1,0,0,1,0,0,1,0,0,0,0,0,0,0,0,0,0,0,0,0,0,0,0,0,0,0,0,0,1,0,0,0,0,0,0,0,0,0.020149253731343283,0.049813432835820896,0.05503731343283582,0.033582089552238806,0.0,0.03264925373134328,0.0,0.04832089552238806,0.0,0.0,0.07686567164179105,0.11194029850746269,0.061380597014925375,0.053917910447761196,0.02332089552238806,0.12462686567164179,0.07966417910447761,0.054104477611940295,0.017723880597014924,0.03283582089552239,0.0,0.024626865671641792,0.030223880597014925,0.03507462686567164,0.03414179104477612
0,1,0,0,0,0,0,0,0,0,1,0,0,0,0,1,0,0,1,0,0,1,0,0,0,0,0,0,0,0,0,0,1,0,0,0,0,0,0,0,0,0,0,1,0,0,0,0,0,0,0,0,0.022763366860772894,0.038468325392623966,0.039527086641962236,0.034586200811716955,0.0,0.05593788600670549,0.0,0.08752426327863067,0.0,0.0,0.03564496206105523,0.16940179989412388,0.10234692076936651,0.03246867831304041,0.024351508734780307,0.0,0.1401094053290983,0.031409917063702136,0.03246867831304041,0.033527439562378684,0.0,0.031409917063702136,0.03317451914593259,0.02170460561143462,0.03317451914593259
1,0,0,0,0,0,0,0,0,0,1,0,0,0,0,1,0,0,1,0,0,1,0,0,0,1,0,0,0,0,0,0,1,0,0,0,0,0,0,0,0,0,0,1,0,0,0,0,0,0,0,0,0.022319181070649438,0.036079879174358113,0.037422386306427254,0.02517200872629636,0.0,0.022654807853666723,0.0,0.021480114113106227,0.0,0.0,0.016613525759355596,0.0,0.0364155059573754,0.016613525759355596,0.012250377580130895,0.0,0.6120154388320188,0.02752139620741735,0.014599765061251888,0.018795099848967947,0.0,0.019298540023493876,0.019634166806511158,0.021480114113106227,0.019634166806511158
0,1,0,0,0,0,0,0,0,0,1,0,0,0,0,1,0,0,1,0,0,1,0,0,0,1,0,0,0,0,0,0,1,0,1,0,0,0,0,0,0,0,0,1,0,0,0,0,0,0,0,0,0.03678001387925052,0.037126995142262316,0.03539208882720333,0.028105482303955587,0.0,0.04198473282442748,0.0,0.03469812630117974,0.0,0.0,0.03446680545917187,0.0,0.378440897524867,0.050080962294702755,0.03215359703909322,0.0,0.0,0.07205644228544993,0.04904001850566736,0.026717557251908396,0.0,0.03504510756419153,0.04198473282442748,0.03851492019430951,0.027411519777931992
1,0,0,0,0,0,0,0,0,0,1,0,0,0,0,1,0,0,1,0,0,1,0,1,0,1,0,0,0,0,0,0,1,0,1,0,0,0,0,0,0,0,0,1,0,0,0,0,0,0,0,0,0.03341514064564848,0.04983953181045875,0.03643571833113083,0.026052482537285256,0.0,0.03737964885784406,0.0,0.026807626958655843,0.0,0.0,0.0,0.0,0.42155937323013026,0.04191051538606758,0.023975835378516143,0.0,0.0,0.09175004719652634,0.03624693222578818,0.0234094770624882,0.0,0.04096658485935435,0.036813290541816125,0.03379271285633378,0.039645082121955826
0,1,0,0,0,0,0,0,0,0,0,0,0,0,0,0,0,0,0,0,0,0,0,0,0,0,0,0,0,0,0,0,0,0,0,0,0,0,0,0,0,0,0,0,0,0,0,0,0,0,0,0,0.0294,0.0368,0.0286,0.0322,0.0574,0.0282,0.0508,0.0496,0.0502,0.0432,0.0328,0.0236,0.0526,0.0572,0.0384,0.0262,0.051,0.0504,0.025,0.0384,0.0612,0.0326,0.0392,0.0386,0.0264
1,0,0,0,0,0,0,0,0,0,0,1,0,0,0,0,0,0,0,0,0,0,0,0,0,0,0,0,0,0,0,0,0,0,0,0,0,0,0,0,0,0,0,0,0,0,0,0,0,0,0,0,0.027620128641695045,0.031025349981082105,0.026106696935300794,0.036133181990162695,0.0,0.024593265228906546,0.03575482406356413,0.034619750283768444,0.05032160423760878,0.06867196367763904,0.03764661369655694,0.032917139614074914,0.08626560726447219,0.05126749905410519,0.04218690881573969,0.02686341278849792,0.05126749905410519,0.05126749905410519,0.049943246311010214,0.038781687476352626,0.041051835035944,0.028755202421490732,0.040484298146046156,0.04956488838441166,0.03688989784335982
0,1,0,0,0,0,0,0,0,0,0,1,0,0,0,0,0,0,0,0,0,0,0,0,0,0,1,0,0,0,0,0,0,0,0,0,0,0,0,0,0,0,0,0,0,0,0,0,0,0,0,0,0.02364802933088909,0.034830430797433545,0.030614115490375803,0.01851512373968836,0.0,0.034280476626947755,0.034280476626947755,0.034830430797433545,0.06324472960586618,0.07406049495875344,0.03776351970669111,0.053895508707607696,0.0,0.10669110907424381,0.04087992667277727,0.02841429880843263,0.051329055912007336,0.05939505041246563,0.035197066911090744,0.04711274060494959,0.05866177818515124,0.03904674610449129,0.026397800183318058,0.04069660861594867,0.02621448212648946
1,0,0,0,0,0,0,0,0,0,0,1,0,0,0,0,0,0,0,0,0,1,0,0,0,0,1,0,0,0,0,0,0,0,0,0,0,0,0,0,0,0,0,0,0,0,0,0,0,0,0,0,0.03164908384230983,0.025541365907828985,0.020914306866555616,0.029613177864149548,0.0,0.03498056635202665,0.03053858967240422,0.041088284286507494,0.021284471589857485,0.0,0.0325744956505645,0.03794188413844161,0.0,0.1195632056265038,0.09161576901721266,0.04978715528410142,0.060892096983157507,0.06348325004627059,0.07680918008513789,0.034795483990375714,0.05756061447344068,0.026836942439385527,0.0421987784564131,0.023135295206366834,0.04719600222098834
0,1,0,0,0,0,0,0,0,0,0,1,0,0,0,0,0,0,0,0,0,1,0,0,0,0,1,0,1,0,0,0,0,0,0,0,0,0,0,0,0,0,0,0,0,0,0,0,0,0,0,0,0.023560673162090345,0.018069087688219663,0.027103631532329496,0.027103631532329496,0.0,0.020017714791851195,0.02869796279893711,0.032949512843224095,0.02444641275465013,0.0,0.05987599645704163,0.045172719220549155,0.0,0.0,0.4062001771479185,0.03029229406554473,0.034012400354295834,0.01824623560673162,0.03808680248007086,0.032949512843224095,0.01966341895482728,0.0341895482728078,0.025509300265721877,0.025863596102745794,0.027989371124889282
1,0,0,0,0,0,0,0,0,0,0,1,0,0,0,0,0,0,0,0,0,1,0,0,0,0,1,0,1,0,0,1,0,0,0,0,0,0,0,0,0,0,0,0,0,0,0,0,0,0,0,0,0.03181568842567197,0.02866154690071311,0.029758639605046627,0.0314042786615469,0.0,0.030170049369171694,0.035792649478880965,0.035381239714755895,0.02825013713658804,0.0,0.029621503017004936,0.06445419637959407,0.0,0.0,0.0,0.04333516182117389,0.030170049369171694,0.024547449259462426,0.20789906747120132,0.12890839275918814,0.04923203510696654,0.027015907844212837,0.03771256171146462,0.05115194733955019,0.05471749862863412
0,1,0,0,0,0,0,0,0,0,0,1,0,0,0,0,0,0,0,0,0,1,0,0,0,0,1,0,1,0,0,1,0,0,0,0,0,0,1,0,0,0,0,0,0,0,0,0,0,0,0,0,0.017498081350729087,0.021028396009209516,0.021642363775901764,0.012279355333844973,0.0,0.02348426707597851,0.024405218726016885,0.030851880276285496,0.017344589409056026,0.0,0.028089025326170376,0.04174980813507291,0.0,0.0,0.0,0.02686108979278588,0.04144282425172678,0.01918649270913277,0.0,0.5587106676899463,0.021488871834228703,0.013660782808902533,0.017805065234075212,0.027935533384497314,0.03453568687643899
1,0,0,0,0,0,0,0,0,0,0,1,0,0,0,0,0,0,0,0,0,1,0,0,0,0,1,0,1,0,0,1,0,0,0,0,0,0,1,0,0,1,0,0,0,0,0,0,0,0,0,0,0.04074545665007524,0.056025002893853454,0.04074545665007524,0.03310568352818613,0.0,0.0431762935524945,0.04178724389396921,0.05185785391827758,0.03773584905660377,0.0,0.03877763630049774,0.06019215186942933,0.0,0.0,0.0,0.04954277115406876,0.0682949415441602,0.038198865609445534,0.0,0.0,0.03264266697534437,0.03981942354439171,0.039240652853339504,0.1436508855191573,0.1444611644866304
0,1,0,0,0,0,0,0,0,0,0,1,0,0,0,0,0,0,0,0,0,1,0,0,0,0,1,0,1,0,0,1,0,0,0,0,0,0,1,0,0,1,0,0,0,0,0,0,0,0,1,0,0.009764687049783897,0.009604610212902194,0.009604610212902194,0.016167760525052026,0.0,0.012806146950536258,0.021930526652793342,0.022090603489675044,0.013606531134944774,0.0,0.0198495277733312,0.018568913078277575,0.0,0.0,0.0,0.017288298383223946,0.017768528893869057,0.016167760525052026,0.0,0.0,0.016167760525052026,0.013606531134944774,0.012325916439891147,0.7526812870177685,0.0
0,1,0,0,0,0,0,0,0,0,0,0,0,0,0,0,0,0,0,0,0,0,0,0,0,0,0,0,0,0,0,0,0,0,0,0,0,0,0,0,0,0,0,0,0,0,0,0,0,0,0,0,0.0308,0.0264,0.034,0.0476,0.0648,0.0244,0.0448,0.0454,0.0486,0.0404,0.0264,0.039,0.0564,0.0496,0.037,0.0406,0.0346,0.064,0.0316,0.0322,0.0502,0.0436,0.0392,0.0322,0.0162
1,0,0,0,0,0,0,0,0,0,0,0,0,0,0,0,0,0,0,0,0,0,0,0,0,0,0,0,0,1,0,0,0,0,0,0,0,0,0,0,0,0,0,0,0,0,0,0,0,0,0,0,0.017533828854583572,0.03411473222793977,0.04269106155898609,0.04154755098151325,0.06251191156851534,0.030303030303030304,0.051457975986277875,0.04516866781017725,0.08385744234800839,0.03544882790165809,0.03487707261292167,0.03487707261292167,0.04840861444635029,0.0,0.026110158185629884,0.03773584905660377,0.05812845435486945,0.048980369735086716,0.03220888126548504,0.029921860110539357,0.0476462740613684,0.04859919954259577,0.03487707261292167,0.03449590242043072,0.038498189441585666
0,1,0,0,0,0,0,0,0,0,0,0,0,0,0,0,0,0,1,0,0,0,0,0,0,0,0,0,0,1,0,0,0,0,0,0,0,0,0,0,0,0,0,0,0,0,0,0,0,0,0,0,0.032175032175032175,0.024636881779738922,0.03750689464975179,0.038058466629895205,0.07041735613164185,0.035668321382607095,0.045596617025188454,0.03438132009560581,0.0,0.06048906048906049,0.04265489979775694,0.06508549365692223,0.07060121345835632,0.0,0.027210884353741496,0.05589262732119875,0.053870196727339587,0.04430961573818717,0.037874609303180734,0.036219893362750506,0.05019305019305019,0.0338297481154624,0.02996874425445854,0.03272660415517559,0.04063246920389778
1,0,0,0,0,0,0,0,0,0,0,0,0,0,0,0,0,0,1,0,0,0,0,0,0,0,0,0,0,1,0,0,0,0,0,0,0,0,0,0,0,0,0,1,0,0,0,0,0,0,0,0,0.02902124430955994,0.01251896813353566,0.04059180576631259,0.03793626707132018,0.06468133535660091,0.038884673748103185,0.06069802731411229,0.10204855842185129,0.0,0.07321699544764795,0.04059180576631259,0.08042488619119878,0.060887708649468894,0.0,0.019347496206373292,0.05197268588770865,0.05178300455235205,0.033004552352048556,0.048368740515933234,0.03395295902883156,0.0,0.033004552352048556,0.03471168437025797,0.016122913505311077,0.036229135053110775
0,1,0,0,0,0,0,0,0,0,0,0,0,0,0,0,1,0,1,0,0,0,0,0,0,0,0,0,0,1,0,0,0,0,0,0,0,0,0,0,0,0,0,1,0,0,0,0,0,0,0,0,0.028174101499006683,0.05129131298537114,0.033230991511648905,0.03106375293480224,0.10944554813075673,0.025465053277948346,0.08777316236229005,0.0,0.0,0.12606104388658118,0.03792667509481669,0.08777316236229005,0.03286978508217446,0.0,0.029980133646378904,0.05074950334115947,0.03630124616218169,0.033230991511648905,0.027451688640057793,0.04948528083799892,0.0,0.03485642044428391,0.03034134007585335,0.0316055625790139,0.02492324363373668
1,0,0,0,0,0,0,0,0,0,0,1,0,0,0,0,1,0,1,0,0,0,0,0,0,0,0,0,0,1,0,0,0,0,0,0,0,0,0,0,0,0,0,1,0,0,0,0,0,0,0,0,0.012310437109723462,0.024977698483496878,0.0231935771632471,0.01391614629794826,0.0,0.018911685994647636,0.049420160570918824,0.0,0.0,0.5636039250669046,0.034433541480820694,0.021409455842997322,0.018554861730597682,0.0,0.014986619090098127,0.03193577163247101,0.03247100802854594,0.02711864406779661,0.01784121320249777,0.01944692239072257,0.0,0.012667261373773416,0.01462979482604817,0.027475468331846567,0.020695807314897414
