0,1,0,0,0,0,0,0,0,0,0,0,0,0,0,0,0,0,0,0,0,0,0,0,0,0,0,0,0,0,0,0,0,0,0,0,0,0,0,0,0,0,0,0,0,0,0,0,0,0,0,0,0.029304029304029304,0.047619047619047616,0.04395604395604396,0.04120879120879121,0.045787545787545784,0.03663003663003663,0.056776556776556776,0.05311355311355311,0.040293040293040296,0.03663003663003663,0.056776556776556776,0.03663003663003663,0.048534798534798536,0.02564102564102564,0.03388278388278388,0.03388278388278388,0.031135531135531136,0.03663003663003663,0.031135531135531136,0.0521978021978022,0.04212454212454213,0.037545787545787544,0.03021978021978022,0.046703296703296704,0.02564102564102564
1,0,0,0,0,0,0,0,0,0,0,0,0,0,0,0,0,1,0,0,0,0,0,0,0,0,0,0,0,0,0,0,0,0,0,0,0,0,0,0,0,0,0,0,0,0,0,0,0,0,0,0,0.03500897666068223,0.03321364452423698,0.04308797127468582,0.05745062836624776,0.026032315978456014,0.04308797127468582,0.03500897666068223,0.0,0.04308797127468582,0.04937163375224417,0.03590664272890485,0.0296229802513465,0.05475763016157989,0.05745062836624776,0.03052064631956912,0.05116696588868941,0.04578096947935368,0.04578096947935368,0.03321364452423698,0.03231597845601436,0.05834829443447038,0.0466786355475763,0.03949730700179533,0.04937163375224417,0.02423698384201077
0,1,0,0,0,0,0,0,0,0,0,0,0,0,0,0,0,1,0,0,0,0,0,0,0,0,0,0,0,0,0,0,0,0,0,0,0,0,0,0,0,0,1,0,0,0,0,0,0,0,0,0,0.03946102021174206,0.03849855630413859,0.059672762271414825,0.021174205967276226,0.04427333974975938,0.0356111645813282,0.04331087584215592,0.0,0.05293551491819057,0.03849855630413859,0.017324350336862367,0.059672762271414825,0.0548604427333975,0.04331087584215592,0.059672762271414825,0.023099133782483156,0.030798845043310877,0.09239653512993262,0.032723772858517804,0.03753609239653513,0.0,0.06063522617901829,0.03368623676612127,0.04331087584215592,0.03753609239653513
1,0,0,0,0,0,0,0,0,0,0,0,0,0,0,0,0,1,0,0,0,0,0,0,0,0,0,0,0,0,0,0,0,0,0,0,0,0,0,0,0,0,1,0,0,1,0,0,0,0,0,0,0.028784648187633263,0.022388059701492536,0.04371002132196162,0.054371002132196165,0.06183368869936034,0.03731343283582089,0.053304904051172705,0.0,0.06609808102345416,0.04051172707889126,0.02771855010660981,0.04051172707889126,0.05543710021321962,0.04157782515991471,0.028784648187633263,0.04157782515991471,0.09381663113006397,0.03411513859275053,0.05543710021321962,0.06183368869936034,0.0,0.0,0.0511727078891258,0.031982942430703626,0.02771855010660981
0,1,0,0,0,0,0,0,0,0,0,0,0,0,0,0,0,1,0,0,0,0,0,0,0,0,0,0,0,0,0,0,0,0,1,0,0,0,0,0,0,0,1,0,0,1,0,0,0,0,0,0,0.04357298474945534,0.03558460421205519,0.03195352214960058,0.04066811909949165,0.03558460421205519,0.05664488017429194,0.0392156862745098,0.0,0.04139433551198257,0.0457516339869281,0.04720406681190995,0.0392156862745098,0.0784313725490196,0.06318082788671024,0.023965141612200435,0.017429193899782137,0.0,0.10820624546114742,0.0718954248366013,0.04066811909949165,0.0,0.0,0.05664488017429194,0.03413217138707335,0.048656499636891795
1,0,0,0,0,0,0,0,0,0,0,1,0,0,0,0,0,1,0,0,0,0,0,0,0,0,0,0,0,0,0,0,0,0,1,0,0,0,0,0,0,0,1,0,0,1,0,0,0,0,0,0,0.03735144312393888,0.04499151103565365,0.055178268251273345,0.027164685908319185,0.0,0.03735144312393888,0.03735144312393888,0.0,0.0466893039049236,0.07045840407470289,0.04838709677419355,0.03395585738539898,0.059422750424448216,0.08488964346349745,0.044142614601018676,0.04159592529711375,0.0,0.1400679117147708,0.04074702886247878,0.04753820033955857,0.0,0.0,0.04074702886247878,0.02461799660441426,0.03735144312393888
0,1,0,0,0,0,0,0,0,0,0,1,0,0,0,0,0,1,0,0,0,0,0,0,0,0,0,0,0,0,0,0,0,0,1,0,1,0,0,0,0,0,1,0,0,1,0,0,0,0,0,0,0.03728813559322034,0.0423728813559322,0.03728813559322034,0.044915254237288135,0.0,0.03728813559322034,0.044915254237288135,0.0,0.06440677966101695,0.08728813559322034,0.03559322033898305,0.04406779661016949,0.04067796610169491,0.10677966101694915,0.08305084745762711,0.0288135593220339,0.0,0.0,0.06440677966101695,0.04406779661016949,0.0,0.0,0.051694915254237285,0.07457627118644068,0.030508474576271188
1,0,0,0,0,0,0,0,0,0,0,1,0,0,0,0,0,1,0,1,0,0,0,0,0,0,0,0,0,0,0,0,0,0,1,0,1,0,0,0,0,0,1,0,0,1,0,0,0,0,0,0,0.01943095072866065,0.03678001387925052,0.034004163775156145,0.03469812630117974,0.0,0.03678001387925052,0.04371963913948647,0.0,0.0,0.06315058986814712,0.04996530187369882,0.03539208882720333,0.03469812630117974,0.10687022900763359,0.0798056904927134,0.041637751561415685,0.0,0.0,0.11311589174184594,0.062456627342123525,0.0,0.0,0.06384455239417071,0.08049965301873699,0.06315058986814712
0,1,0,0,0,0,0,0,0,0,0,1,0,0,0,0,0,1,0,1,0,0,0,0,0,0,0,0,1,0,0,0,0,0,1,0,1,0,0,0,0,0,1,0,0,1,0,0,0,0,0,0,0.036296685954760655,0.046291425565491845,0.04471330878485008,0.041557075223566546,0.0,0.060494476591267755,0.036296685954760655,0.0,0.0,0.12046291425565492,0.05312993161493951,0.041557075223566546,0.05312993161493951,0.0,0.11415044713308785,0.03787480273540242,0.0,0.0,0.07943187795896896,0.06207259337190952,0.0,0.0,0.051551814834297736,0.051551814834297736,0.06943713834823777
1,0,0,0,0,0,0,0,0,0,0,1,0,0,0,0,0,1,0,1,0,0,0,0,0,0,0,0,1,0,0,1,0,0,1,0,1,0,0,0,0,0,1,0,0,1,0,0,0,0,0,0,0.029203288914091297,0.02495038276155373,0.02636801814573292,0.030337397221434647,0.0,0.03232208675928551,0.03317266798979303,0.0,0.0,0.540119081372271,0.02636801814573292,0.035724411681315564,0.03118797845194216,0.0,0.0,0.020413949532180325,0.0,0.0,0.04366316983271903,0.04281258860221151,0.0,0.0,0.020981003685851998,0.03317266798979303,0.029203288914091297
1,0,0,0,0,0,0,0,0,0,0,0,0,0,0,0,0,0,0,0,0,0,0,0,0,0,0,0,0,0,0,0,0,0,0,0,0,0,0,0,0,0,0,0,0,0,0,0,0,0,0,0,0.04790419161676647,0.03592814371257485,0.03592814371257485,0.03592814371257485,0.04790419161676647,0.041916167664670656,0.03592814371257485,0.04790419161676647,0.041916167664670656,0.041916167664670656,0.041916167664670656,0.029940119760479042,0.041916167664670656,0.059880239520958084,0.04790419161676647,0.023952095808383235,0.041916167664670656,0.023952095808383235,0.041916167664670656,0.03592814371257485,0.041916167664670656,0.041916167664670656,0.041916167664670656,0.041916167664670656,0.029940119760479042
0,1,0,0,0,0,0,0,0,0,0,0,0,0,0,0,0,0,0,0,0,0,0,0,0,0,0,0,1,0,0,0,0,0,0,0,0,0,0,0,0,0,0,0,0,0,0,0,0,0,0,0,0.05853658536585366,0.03414634146341464,0.024390243902439025,0.03902439024390244,0.03902439024390244,0.05853658536585366,0.03902439024390244,0.024390243902439025,0.03414634146341464,0.024390243902439025,0.03414634146341464,0.03902439024390244,0.05853658536585366,0.0,0.05365853658536585,0.04878048780487805,0.05365853658536585,0.03902439024390244,0.02926829268292683,0.05365853658536585,0.024390243902439025,0.05365853658536585,0.04878048780487805,0.04878048780487805,0.03902439024390244
1,0,0,0,0,0,0,0,0,0,0,0,0,0,0,0,0,0,0,0,0,0,0,0,0,0,0,0,1,0,0,0,0,0,0,0,0,0,0,0,0,1,0,0,0,0,0,0,0,0,0,0,0.03592814371257485,0.03592814371257485,0.05389221556886228,0.04790419161676647,0.03592814371257485,0.04790419161676647,0.041916167664670656,0.05389221556886228,0.059880239520958084,0.059880239520958084,0.03592814371257485,0.03592814371257485,0.059880239520958084,0.0,0.03592814371257485,0.03592814371257485,0.03592814371257485,0.041916167664670656,0.059880239520958084,0.0,0.03592814371257485,0.059880239520958084,0.029940119760479042,0.029940119760479042,0.029940119760479042
0,1,0,0,0,0,0,0,0,0,0,0,0,0,0,0,0,0,0,0,1,0,0,0,0,0,0,0,1,0,0,0,0,0,0,0,0,0,0,0,0,1,0,0,0,0,0,0,0,0,0,0,0.05,0.06111111111111111,0.06666666666666667,0.08333333333333333,0.03333333333333333,0.044444444444444446,0.03333333333333333,0.05,0.03333333333333333,0.0,0.05,0.06111111111111111,0.07222222222222222,0.0,0.027777777777777776,0.027777777777777776,0.027777777777777776,0.06111111111111111,0.05,0.0,0.03888888888888889,0.027777777777777776,0.027777777777777776,0.03333333333333333,0.03888888888888889
1,0,0,0,0,0,0,0,0,0,0,0,0,0,0,0,0,0,0,0,1,0,0,1,0,0,0,0,1,0,0,0,0,0,0,0,0,0,0,0,0,1,0,0,0,0,0,0,0,0,0,0,0.05084745762711865,0.03389830508474576,0.0635593220338983,0.03389830508474576,0.038135593220338986,0.046610169491525424,0.03389830508474576,0.0635593220338983,0.03389830508474576,0.0,0.0,0.03389830508474576,0.05084745762711865,0.0,0.029661016949152543,0.0635593220338983,0.05508474576271186,0.03389830508474576,0.0635593220338983,0.0,0.0635593220338983,0.07203389830508475,0.06779661016949153,0.03389830508474576,0.03389830508474576
0,1,0,0,0,0,1,0,0,0,0,0,0,0,0,0,0,0,0,0,1,0,0,1,0,0,0,0,1,0,0,0,0,0,0,0,0,0,0,0,0,1,0,0,0,0,0,0,0,0,0,0,0.02734375,0.06640625,0.0,0.046875,0.0390625,0.06640625,0.04296875,0.0546875,0.0546875,0.0,0.0,0.0546875,0.04296875,0.0,0.02734375,0.04296875,0.05859375,0.08203125,0.05078125,0.0,0.078125,0.05859375,0.03125,0.03125,0.04296875
1,0,0,0,0,0,1,0,0,0,0,0,0,0,0,0,0,0,0,0,1,0,0,1,0,1,0,0,1,0,0,0,0,0,0,0,0,0,0,0,0,1,0,0,0,0,0,0,0,0,0,0,0.06415094339622641,0.07924528301886792,0.0,0.06792452830188679,0.045283018867924525,0.06037735849056604,0.04905660377358491,0.04905660377358491,0.06792452830188679,0.0,0.0,0.0,0.04905660377358491,0.0,0.03773584905660377,0.033962264150943396,0.05660377358490566,0.04150943396226415,0.04905660377358491,0.0,0.052830188679245285,0.07547169811320754,0.052830188679245285,0.018867924528301886,0.04905660377358491
0,1,0,0,0,0,1,0,0,0,0,0,0,0,0,0,0,0,0,0,1,0,0,1,0,1,0,0,1,0,0,0,0,0,0,0,0,0,0,0,0,1,0,0,1,0,0,0,0,0,0,0,0.05737704918032787,0.08196721311475409,0.0,0.036885245901639344,0.040983606557377046,0.06147540983606557,0.05737704918032787,0.06557377049180328,0.045081967213114756,0.0,0.0,0.0,0.06147540983606557,0.0,0.040983606557377046,0.05327868852459016,0.040983606557377046,0.05737704918032787,0.0778688524590164,0.0,0.045081967213114756,0.0,0.06967213114754098,0.045081967213114756,0.06147540983606557
1,0,0,0,0,0,1,0,0,0,0,0,0,0,0,0,0,0,0,0,1,0,0,1,0,1,0,0,1,0,0,0,0,0,0,0,0,0,0,0,0,1,0,0,1,0,0,1,0,0,0,0,0.08906882591093117,0.048582995951417005,0.0,0.08502024291497975,0.024291497975708502,0.07692307692307693,0.05668016194331984,0.024291497975708502,0.05668016194331984,0.0,0.0,0.0,0.048582995951417005,0.0,0.024291497975708502,0.0728744939271255,0.08502024291497975,0.06882591093117409,0.05668016194331984,0.0,0.08502024291497975,0.0,0.0,0.048582995951417005,0.048582995951417005
0,1,0,0,0,0,1,0,1,0,0,0,0,0,0,0,0,0,0,0,1,0,0,1,0,1,0,0,1,0,0,0,0,0,0,0,0,0,0,0,0,1,0,0,1,0,0,1,0,0,0,0,0.06611570247933884,0.10330578512396695,0.0,0.0,0.07851239669421488,0.0371900826446281,0.0743801652892562,0.0371900826446281,0.06611570247933884,0.0,0.0,0.0,0.09917355371900827,0.0,0.0371900826446281,0.05371900826446281,0.06198347107438017,0.07851239669421488,0.0371900826446281,0.0,0.0743801652892562,0.0,0.0,0.05371900826446281,0.04132231404958678
1,0,0,0,0,0,1,0,1,0,0,0,0,0,0,0,0,0,0,0,1,0,0,1,0,1,0,0,1,0,0,0,0,1,0,0,0,0,0,0,0,1,0,0,1,0,0,1,0,0,0,0,0.06808510638297872,0.07659574468085106,0.0,0.0,0.03404255319148936,0.04680851063829787,0.09361702127659574,0.0425531914893617,0.06808510638297872,0.0,0.0,0.0,0.08936170212765958,0.0,0.06808510638297872,0.0,0.07659574468085106,0.06382978723404255,0.04680851063829787,0.0,0.08936170212765958,0.0,0.0,0.05531914893617021,0.08085106382978724
0,1,0,0,0,0,1,0,1,0,0,0,0,0,0,0,0,0,0,0,1,0,0,1,0,1,1,0,1,0,0,0,0,1,0,0,0,0,0,0,0,1,0,0,1,0,0,1,0,0,0,0,0.06217616580310881,0.07253886010362694,0.0,0.0,0.04145077720207254,0.09844559585492228,0.09326424870466321,0.046632124352331605,0.08290155440414508,0.0,0.0,0.0,0.0,0.0,0.06217616580310881,0.0,0.08290155440414508,0.14507772020725387,0.046632124352331605,0.0,0.07253886010362694,0.0,0.0,0.046632124352331605,0.046632124352331605
1,0,0,0,0,0,1,0,1,0,0,0,0,0,0,0,0,1,0,0,1,0,0,1,0,1,1,0,1,0,0,0,0,1,0,0,0,0,0,0,0,1,0,0,1,0,0,1,0,0,0,0,0.08888888888888889,0.1,0.0,0.0,0.06666666666666667,0.07777777777777778,0.06666666666666667,0.0,0.07777777777777778,0.0,0.0,0.0,0.0,0.0,0.05555555555555555,0.0,0.07777777777777778,0.1,0.05555555555555555,0.0,0.1,0.0,0.0,0.06666666666666667,0.06666666666666667
0,1,0,0,1,0,1,0,1,0,0,0,0,0,0,0,0,1,0,0,1,0,0,1,0,1,1,0,1,0,0,0,0,1,0,0,0,0,0,0,0,1,0,0,1,0,0,1,0,0,0,0,0.06701030927835051,0.0,0.0,0.0,0.07731958762886598,0.09278350515463918,0.08247422680412371,0.0,0.08247422680412371,0.0,0.0,0.0,0.0,0.0,0.06701030927835051,0.0,0.10824742268041238,0.10824742268041238,0.07731958762886598,0.0,0.06701030927835051,0.0,0.0,0.07731958762886598,0.09278350515463918
1,0,0,0,1,0,1,0,1,0,0,0,0,0,0,1,0,1,0,0,1,0,0,1,0,1,1,0,1,0,0,0,0,1,0,0,0,0,0,0,0,1,0,0,1,0,0,1,0,0,0,0,0.09045226130653267,0.0,0.0,0.0,0.10552763819095477,0.08040201005025126,0.0,0.0,0.11055276381909548,0.0,0.0,0.0,0.0,0.0,0.07537688442211055,0.0,0.10552763819095477,0.07035175879396985,0.07035175879396985,0.0,0.12060301507537688,0.0,0.0,0.08542713567839195,0.08542713567839195
0,1,0,0,1,0,1,0,1,0,0,0,0,0,0,1,0,1,0,0,1,0,0,1,0,1,1,0,1,0,0,0,0,1,0,0,0,0,0,0,0,1,1,0,1,0,0,1,0,0,0,0,0.11165048543689321,0.0,0.0,0.0,0.11165048543689321,0.10194174757281553,0.0,0.0,0.10194174757281553,0.0,0.0,0.0,0.0,0.0,0.09223300970873786,0.0,0.11165048543689321,0.09223300970873786,0.09223300970873786,0.0,0.0,0.0,0.0,0.09223300970873786,0.09223300970873786
1,0,0,1,1,0,1,0,1,0,0,0,0,0,0,1,0,1,0,0,1,0,0,1,0,1,1,0,1,0,0,0,0,1,0,0,0,0,0,0,0,1,1,0,1,0,0,1,0,0,0,0,0.0,0.0,0.0,0.0,0.1056338028169014,0.1056338028169014,0.0,0.0,0.11971830985915492,0.0,0.0,0.0,0.0,0.0,0.09154929577464789,0.0,0.13380281690140844,0.13380281690140844,0.10211267605633803,0.0,0.0,0.0,0.0,0.0880281690140845,0.11971830985915492
0,1,0,0,0,0,0,0,0,0,0,0,0,0,0,0,0,0,0,0,0,0,0,0,0,0,0,0,0,0,0,0,0,0,0,0,0,0,0,0,0,0,0,0,0,0,0,0,0,0,0,0,0.038461538461538464,0.038461538461538464,0.038461538461538464,0.038461538461538464,0.038461538461538464,0.038461538461538464,0.038461538461538464,0.038461538461538464,0.057692307692307696,0.019230769230769232,0.019230769230769232,0.057692307692307696,0.019230769230769232,0.038461538461538464,0.038461538461538464,0.057692307692307696,0.057692307692307696,0.057692307692307696,0.057692307692307696,0.019230769230769232,0.038461538461538464,0.057692307692307696,0.019230769230769232,0.019230769230769232,0.057692307692307696
1,0,0,0,0,0,0,0,0,0,0,0,0,0,0,0,0,0,0,0,0,1,0,0,0,0,0,0,0,0,0,0,0,0,0,0,0,0,0,0,0,0,0,0,0,0,0,0,0,0,0,0,0.037037037037037035,0.046296296296296294,0.046296296296296294,0.05555555555555555,0.046296296296296294,0.027777777777777776,0.046296296296296294,0.046296296296296294,0.037037037037037035,0.0,0.046296296296296294,0.037037037037037035,0.046296296296296294,0.037037037037037035,0.046296296296296294,0.05555555555555555,0.037037037037037035,0.046296296296296294,0.046296296296296294,0.046296296296296294,0.037037037037037035,0.037037037037037035,0.037037037037037035,0.027777777777777776,0.027777777777777776
0,1,0,0,0,0,0,0,0,0,0,0,0,0,0,0,0,0,0,0,0,1,0,0,0,0,0,0,0,0,0,0,0,0,0,0,0,0,0,0,0,0,1,0,0,0,0,0,0,0,0,0,0.059322033898305086,0.0423728813559322,0.059322033898305086,0.025423728813559324,0.0423728813559322,0.0423728813559322,0.0423728813559322,0.0423728813559322,0.06779661016949153,0.0,0.025423728813559324,0.059322033898305086,0.0423728813559322,0.0423728813559322,0.059322033898305086,0.0423728813559322,0.03389830508474576,0.05084745762711865,0.0423728813559322,0.0423728813559322,0.0,0.0423728813559322,0.025423728813559324,0.0423728813559322,0.025423728813559324
1,0,0,0,0,0,0,0,0,0,0,0,0,0,0,0,0,0,0,0,0,1,0,0,0,1,0,0,0,0,0,0,0,0,0,0,0,0,0,0,0,0,1,0,0,0,0,0,0,0,0,0,0.03007518796992481,0.03759398496240601,0.03007518796992481,0.03759398496240601,0.06015037593984962,0.022556390977443608,0.045112781954887216,0.045112781954887216,0.045112781954887216,0.0,0.045112781954887216,0.0,0.045112781954887216,0.05263157894736842,0.07518796992481203,0.03007518796992481,0.045112781954887216,0.05263157894736842,0.06015037593984962,0.05263157894736842,0.0,0.05263157894736842,0.03759398496240601,0.045112781954887216,0.05263157894736842
0,1,0,0,0,0,0,0,0,0,0,0,0,0,0,0,0,0,0,0,0,1,0,0,0,1,0,0,0,0,1,0,0,0,0,0,0,0,0,0,0,0,1,0,0,0,0,0,0,0,0,0,0.04375,0.05,0.05,0.04375,0.04375,0.075,0.04375,0.04375,0.03125,0.0,0.05,0.0,0.06875,0.05,0.0,0.03125,0.03125,0.04375,0.075,0.05,0.0,0.075,0.025,0.0375,0.0375
1,0,0,0,0,0,0,0,0,0,0,0,0,0,0,0,0,0,0,0,0,1,0,0,0,1,0,0,0,0,1,0,0,0,0,0,0,0,0,0,0,0,1,0,0,1,0,0,0,0,0,0,0.05188679245283019,0.05660377358490566,0.03773584905660377,0.0660377358490566,0.07547169811320754,0.05660377358490566,0.0330188679245283,0.03773584905660377,0.04245283018867924,0.0,0.02830188679245283,0.0,0.05660377358490566,0.04245283018867924,0.0,0.0660377358490566,0.08018867924528301,0.0660377358490566,0.0330188679245283,0.0330188679245283,0.0,0.0,0.05188679245283019,0.0330188679245283,0.05188679245283019
0,1,0,0,0,0,0,0,0,0,0,0,0,0,0,0,0,0,0,0,0,1,0,0,0,1,0,0,0,0,1,0,0,0,1,0,0,0,0,0,0,0,1,0,0,1,0,0,0,0,0,0,0.05394190871369295,0.03734439834024896,0.05394190871369295,0.07053941908713693,0.05394190871369295,0.06224066390041494,0.04149377593360996,0.058091286307053944,0.04149377593360996,0.0,0.058091286307053944,0.0,0.07468879668049792,0.04564315352697095,0.0,0.04149377593360996,0.0,0.07468879668049792,0.07053941908713693,0.04564315352697095,0.0,0.0,0.04979253112033195,0.04149377593360996,0.024896265560165973
1,0,0,0,0,0,0,0,0,0,0,0,0,1,0,0,0,0,0,0,0,1,0,0,0,1,0,0,0,0,1,0,0,0,1,0,0,0,0,0,0,0,1,0,0,1,0,0,0,0,0,0,0.023809523809523808,0.05952380952380952,0.051587301587301584,0.051587301587301584,0.051587301587301584,0.0,0.047619047619047616,0.03968253968253968,0.06349206349206349,0.0,0.05555555555555555,0.0,0.07936507936507936,0.08333333333333333,0.0,0.023809523809523808,0.0,0.06746031746031746,0.05952380952380952,0.051587301587301584,0.0,0.0,0.08333333333333333,0.04365079365079365,0.06349206349206349
0,1,0,0,0,0,0,0,0,0,0,0,0,1,0,0,0,0,0,0,0,1,0,0,0,1,0,0,1,0,1,0,0,0,1,0,0,0,0,0,0,0,1,0,0,1,0,0,0,0,0,0,0.0410958904109589,0.05821917808219178,0.0547945205479452,0.04794520547945205,0.0547945205479452,0.0,0.0547945205479452,0.06506849315068493,0.05821917808219178,0.0,0.0547945205479452,0.0,0.09931506849315068,0.0,0.0,0.0410958904109589,0.0,0.1095890410958904,0.04794520547945205,0.0547945205479452,0.0,0.0,0.06506849315068493,0.0547945205479452,0.03767123287671233
1,0,0,0,0,0,0,0,0,0,0,0,0,1,0,0,0,0,0,0,0,1,0,0,0,1,0,0,1,0,1,0,0,0,1,0,0,1,0,0,0,0,1,0,0,1,0,0,0,0,0,0,0.046762589928057555,0.039568345323741004,0.04316546762589928,0.07553956834532374,0.06474820143884892,0.0,0.07194244604316546,0.046762589928057555,0.03597122302158273,0.0,0.02158273381294964,0.0,0.2517985611510791,0.0,0.0,0.04316546762589928,0.0,0.0,0.046762589928057555,0.07194244604316546,0.0,0.0,0.0683453237410072,0.03597122302158273,0.03597122302158273
0,1,0,0,0,0,0,0,0,0,0,0,0,0,0,0,0,0,0,0,0,0,0,0,0,0,0,0,0,0,0,0,0,0,0,0,0,0,0,0,0,0,0,0,0,0,0,0,0,0,0,0,0.03795620437956204,0.020437956204379562,0.0364963503649635,0.05547445255474453,0.03795620437956204,0.04817518248175182,0.024817518248175182,0.051094890510948905,0.040875912408759124,0.01897810218978102,0.05401459854014599,0.072992700729927,0.06423357664233577,0.043795620437956206,0.026277372262773723,0.04525547445255475,0.042335766423357665,0.06423357664233577,0.026277372262773723,0.040875912408759124,0.03795620437956204,0.024817518248175182,0.027737226277372264,0.020437956204379562,0.0364963503649635
1,0,0,0,0,0,0,0,0,0,0,0,0,0,0,0,0,0,0,0,0,0,0,0,0,0,0,0,0,0,0,0,0,0,0,1,0,0,0,0,0,0,0,0,0,0,0,0,0,0,0,0,0.024179620034542316,0.0535405872193437,0.03454231433506045,0.05008635578583765,0.07081174438687392,0.031088082901554404,0.06390328151986183,0.0535405872193437,0.03454231433506045,0.037996545768566495,0.031088082901554404,0.06044905008635579,0.037996545768566495,0.04317789291882556,0.027633851468048358,0.02936096718480138,0.0,0.07081174438687392,0.037996545768566495,0.037996545768566495,0.027633851468048358,0.027633851468048358,0.03281519861830743,0.03454231433506045,0.046632124352331605
0,1,0,0,0,0,0,0,0,0,1,0,0,0,0,0,0,0,0,0,0,0,0,0,0,0,0,0,0,0,0,0,0,0,0,1,0,0,0,0,0,0,0,0,0,0,0,0,0,0,0,0,0.037162162162162164,0.028716216216216218,0.06756756756756757,0.03885135135135135,0.0,0.028716216216216218,0.0777027027027027,0.0625,0.05405405405405406,0.02533783783783784,0.04391891891891892,0.07939189189189189,0.02533783783783784,0.016891891891891893,0.037162162162162164,0.037162162162162164,0.0,0.05912162162162162,0.05405405405405406,0.052364864864864864,0.030405405405405407,0.02702702702702703,0.048986486486486486,0.03885135135135135,0.028716216216216218
1,0,0,0,0,0,0,0,0,0,1,0,0,0,0,0,0,0,0,0,0,0,0,0,0,0,0,0,0,0,0,0,0,0,0,1,0,1,0,0,0,0,0,0,0,0,0,0,0,0,0,0,0.04470198675496689,0.039735099337748346,0.039735099337748346,0.048013245033112585,0.0,0.028145695364238412,0.033112582781456956,0.03145695364238411,0.06291390728476821,0.0380794701986755,0.0728476821192053,0.056291390728476824,0.052980132450331126,0.039735099337748346,0.04304635761589404,0.054635761589403975,0.0,0.0,0.04470198675496689,0.04304635761589404,0.039735099337748346,0.039735099337748346,0.05132450331125828,0.048013245033112585,0.048013245033112585
0,1,0,0,0,0,0,0,0,0,1,0,0,0,0,0,0,0,0,0,0,0,1,0,0,0,0,0,0,0,0,0,0,0,0,1,0,1,0,0,0,0,0,0,0,0,0,0,0,0,0,0,0.03285420944558522,0.061601642710472276,0.049281314168377825,0.08008213552361396,0.0,0.059548254620123205,0.061601642710472276,0.055441478439425054,0.057494866529774126,0.039014373716632446,0.0,0.04106776180698152,0.024640657084188913,0.04722792607802875,0.06776180698151951,0.022587268993839837,0.0,0.0,0.039014373716632446,0.024640657084188913,0.0513347022587269,0.055441478439425054,0.04722792607802875,0.03696098562628337,0.045174537987679675
1,0,0,0,0,0,0,0,0,0,1,0,0,0,0,0,0,0,0,0,0,0,1,0,0,0,0,0,0,0,0,0,0,0,0,1,0,1,0,0,0,0,0,0,0,0,0,0,0,0,0,1,0.04328358208955224,0.04328358208955224,0.03880597014925373,0.09104477611940298,0.0,0.049253731343283584,0.07611940298507462,0.08208955223880597,0.07761194029850746,0.028358208955223882,0.0,0.03582089552238806,0.05223880597014925,0.056716417910447764,0.058208955223880594,0.03283582089552239,0.0,0.0,0.03582089552238806,0.04029850746268657,0.049253731343283584,0.04328358208955224,0.041791044776119404,0.023880597014925373,0.0
0,1,0,0,0,0,0,0,1,0,1,0,0,0,0,0,0,0,0,0,0,0,1,0,0,0,0,0,0,0,0,0,0,0,0,1,0,1,0,0,0,0,0,0,0,0,0,0,0,0,0,1,0.06666666666666667,0.05986394557823129,0.08163265306122448,0.0,0.0,0.036734693877551024,0.08979591836734693,0.06394557823129252,0.0380952380952381,0.055782312925170066,0.0,0.10068027210884353,0.034013605442176874,0.05170068027210884,0.02857142857142857,0.034013605442176874,0.0,0.0,0.02857142857142857,0.034013605442176874,0.05442176870748299,0.05442176870748299,0.0380952380952381,0.04897959183673469,0.0
1,0,0,0,0,0,0,0,1,0,1,0,0,0,0,0,0,0,0,0,0,0,1,0,0,0,0,0,0,0,0,0,0,0,0,1,0,1,0,0,0,0,0,0,0,0,0,0,0,1,0,1,0.028037383177570093,0.056074766355140186,0.08785046728971962,0.0,0.0,0.056074766355140186,0.10654205607476636,0.07850467289719626,0.048598130841121495,0.029906542056074768,0.0,0.08785046728971962,0.056074766355140186,0.041121495327102804,0.03177570093457944,0.03551401869158879,0.0,0.0,0.05420560747663551,0.03551401869158879,0.037383177570093455,0.05794392523364486,0.07102803738317758,0.0,0.0
0,1,0,0,0,0,1,0,1,0,1,0,0,0,0,0,0,0,0,0,0,0,1,0,0,0,0,0,0,0,0,0,0,0,0,1,0,1,0,0,0,0,0,0,0,0,0,0,0,1,0,1,0.0534045393858478,0.08678237650200267,0.0,0.0,0.0,0.03337783711615487,0.1348464619492657,0.06141522029372497,0.056074766355140186,0.06141522029372497,0.0,0.05874499332443257,0.06675567423230974,0.0534045393858478,0.03871829105473965,0.042723631508678236,0.0,0.0,0.03337783711615487,0.042723631508678236,0.04806408544726302,0.07209612817089453,0.056074766355140186,0.0,0.0
1,0,0,0,0,0,1,0,1,0,1,0,0,0,0,0,0,0,0,0,0,0,1,0,0,0,0,0,0,0,0,1,0,0,0,1,0,1,0,0,0,0,0,0,0,0,0,0,0,1,0,1,0.058,0.099,0.0,0.0,0.0,0.043,0.124,0.056,0.057,0.068,0.0,0.087,0.055,0.061,0.0,0.049,0.0,0.0,0.058,0.042,0.057,0.045,0.041,0.0,0.0
0,1,0,0,0,0,0,0,0,0,0,0,0,0,0,0,0,0,0,0,0,0,0,0,0,0,0,0,0,0,0,0,0,0,0,0,0,0,0,0,0,0,0,0,0,0,0,0,0,0,0,0,0.02865329512893983,0.04297994269340974,0.027220630372492838,0.04011461318051576,0.04297994269340974,0.03868194842406877,0.03724928366762178,0.03581661891117478,0.025787965616045846,0.06017191977077364,0.050143266475644696,0.04727793696275072,0.05730659025787966,0.025787965616045846,0.045845272206303724,0.03724928366762178,0.044412607449856735,0.045845272206303724,0.014326647564469915,0.03724928366762178,0.0659025787965616,0.050143266475644696,0.025787965616045846,0.03581661891117478,0.03724928366762178
1,0,0,0,0,0,0,0,0,0,0,0,0,0,0,0,0,0,0,0,0,0,0,0,0,0,0,0,0,0,0,1,0,0,0,0,0,0,0,0,0,0,0,0,0,0,0,0,0,0,0,0,0.039473684210526314,0.03216374269005848,0.027777777777777776,0.04824561403508772,0.059941520467836254,0.038011695906432746,0.033625730994152045,0.04093567251461988,0.059941520467836254,0.03216374269005848,0.023391812865497075,0.04093567251461988,0.05701754385964912,0.04093567251461988,0.0,0.049707602339181284,0.04824561403508772,0.03216374269005848,0.038011695906432746,0.03070175438596491,0.038011695906432746,0.03508771929824561,0.06432748538011696,0.03070175438596491,0.05847953216374269
0,1,0,0,0,0,0,0,0,0,1,0,0,0,0,0,0,0,0,0,0,0,0,0,0,0,0,0,0,0,0,1,0,0,0,0,0,0,0,0,0,0,0,0,0,0,0,0,0,0,0,0,0.017518248175182483,0.040875912408759124,0.042335766423357665,0.059854014598540145,0.0,0.0364963503649635,0.0364963503649635,0.06423357664233577,0.030656934306569343,0.051094890510948905,0.040875912408759124,0.035036496350364967,0.059854014598540145,0.04671532846715328,0.0,0.030656934306569343,0.059854014598540145,0.042335766423357665,0.027737226277372264,0.0364963503649635,0.07883211678832117,0.029197080291970802,0.04525547445255475,0.040875912408759124,0.04671532846715328
1,0,0,0,0,0,0,0,0,0,1,0,0,0,0,0,0,0,0,0,0,0,0,1,0,0,0,0,0,0,0,1,0,0,0,0,0,0,0,0,0,0,0,0,0,0,0,0,0,0,0,0,0.042682926829268296,0.05030487804878049,0.0350609756097561,0.04420731707317073,0.0,0.036585365853658534,0.028963414634146343,0.04573170731707317,0.038109756097560975,0.03201219512195122,0.0,0.051829268292682924,0.036585365853658534,0.053353658536585365,0.0,0.06554878048780488,0.04573170731707317,0.04725609756097561,0.042682926829268296,0.042682926829268296,0.0701219512195122,0.04725609756097561,0.042682926829268296,0.05030487804878049,0.05030487804878049
0,1,0,0,0,0,0,0,0,0,1,0,0,0,0,0,0,0,0,0,0,0,0,1,0,0,0,0,0,0,0,1,0,0,0,0,0,0,0,0,0,0,1,0,0,0,0,0,0,0,0,0,0.044673539518900345,0.04982817869415808,0.06013745704467354,0.054982817869415807,0.0,0.03608247422680412,0.03436426116838488,0.08247422680412371,0.04639175257731959,0.05154639175257732,0.0,0.04982817869415808,0.030927835051546393,0.029209621993127148,0.0,0.03608247422680412,0.044673539518900345,0.0429553264604811,0.05154639175257732,0.05154639175257732,0.0,0.030927835051546393,0.0429553264604811,0.06872852233676977,0.06013745704467354
1,0,0,0,0,1,0,0,0,0,1,0,0,0,0,0,0,0,0,0,0,0,0,1,0,0,0,0,0,0,0,1,0,0,0,0,0,0,0,0,0,0,1,0,0,0,0,0,0,0,0,0,0.04186795491143317,0.0,0.020933977455716585,0.05475040257648953,0.0,0.037037037037037035,0.04508856682769726,0.033816425120772944,0.06280193236714976,0.04669887278582931,0.0,0.0644122383252818,0.043478260869565216,0.06280193236714976,0.0,0.057971014492753624,0.05958132045088567,0.09178743961352658,0.0322061191626409,0.0499194847020934,0.0,0.07890499194847021,0.04669887278582931,0.03542673107890499,0.033816425120772944
0,1,0,0,0,1,0,0,0,0,1,0,0,0,0,0,0,0,0,0,0,0,0,1,0,0,0,0,0,0,0,1,0,0,0,0,1,0,0,0,0,0,1,0,0,0,0,0,0,0,0,0,0.023880597014925373,0.0,0.0626865671641791,0.04029850746268657,0.0,0.05970149253731343,0.049253731343283584,0.0626865671641791,0.08507462686567165,0.04776119402985075,0.0,0.06865671641791045,0.04029850746268657,0.04328358208955224,0.0,0.04029850746268657,0.08507462686567165,0.0,0.03582089552238806,0.05970149253731343,0.0,0.08208955223880597,0.03582089552238806,0.025373134328358207,0.05223880597014925
1,0,0,0,0,1,0,0,0,0,1,0,0,0,0,0,0,0,0,0,0,0,0,1,0,0,0,0,0,0,0,1,0,0,0,0,1,0,0,0,0,0,1,0,0,1,0,0,0,0,0,0,0.021538461538461538,0.0,0.038461538461538464,0.033846153846153845,0.0,0.05846153846153846,0.047692307692307694,0.06769230769230769,0.06,0.06461538461538462,0.0,0.06923076923076923,0.06615384615384616,0.04,0.0,0.036923076923076927,0.14307692307692307,0.0,0.047692307692307694,0.07692307692307693,0.0,0.0,0.04153846153846154,0.04153846153846154,0.04461538461538461
0,1,0,0,0,1,0,0,0,0,1,0,0,0,0,0,0,0,0,0,0,0,0,1,0,0,0,0,0,0,0,1,0,0,1,0,1,0,0,0,0,0,1,0,0,1,0,0,0,0,0,0,0.04940119760479042,0.0,0.04640718562874251,0.05239520958083832,0.0,0.06437125748502993,0.04940119760479042,0.10179640718562874,0.08982035928143713,0.058383233532934134,0.0,0.04940119760479042,0.04940119760479042,0.07784431137724551,0.0,0.040419161676646706,0.0,0.0,0.07035928143712575,0.06736526946107785,0.0,0.0,0.04640718562874251,0.0374251497005988,0.04940119760479042
1,0,0,0,0,1,0,0,0,0,1,0,0,0,0,0,0,0,0,1,0,0,0,1,0,0,0,0,0,0,0,1,0,0,1,0,1,0,0,0,0,0,1,0,0,1,0,0,0,0,0,0,0.04881656804733728,0.0,0.057692307692307696,0.08875739644970414,0.0,0.06656804733727811,0.03254437869822485,0.05325443786982249,0.0,0.06804733727810651,0.0,0.03106508875739645,0.04142011834319527,0.11982248520710059,0.0,0.05917159763313609,0.0,0.0,0.08431952662721894,0.08431952662721894,0.0,0.0,0.04437869822485207,0.05917159763313609,0.060650887573964495
0,1,0,0,0,1,0,0,0,0,1,0,0,0,0,0,0,0,0,1,0,0,0,1,0,0,0,0,1,0,0,1,0,0,1,0,1,0,0,0,0,0,1,0,0,1,0,0,0,0,0,0,0.04975728155339806,0.0,0.055825242718446605,0.06067961165048544,0.0,0.0412621359223301,0.04733009708737864,0.07402912621359223,0.0,0.1650485436893204,0.0,0.043689320388349516,0.055825242718446605,0.0,0.0,0.03155339805825243,0.0,0.0,0.08859223300970874,0.06310679611650485,0.0,0.0,0.08131067961165049,0.08131067961165049,0.06067961165048544
1,0,0,0,0,1,0,0,0,0,1,0,0,0,0,0,0,0,0,1,0,0,0,1,0,1,0,0,1,0,0,1,0,0,1,0,1,0,0,0,0,0,1,0,0,1,0,0,0,0,0,0,0.055077452667814115,0.0,0.05679862306368331,0.06970740103270223,0.0,0.05335628227194492,0.04130808950086059,0.07487091222030981,0.0,0.18932874354561102,0.0,0.0,0.03614457831325301,0.0,0.0,0.06540447504302926,0.0,0.0,0.08950086058519793,0.08347676419965576,0.0,0.0,0.04561101549053356,0.08864027538726334,0.050774526678141134
0,1,0,0,0,0,0,0,0,0,0,0,0,0,0,0,0,0,0,0,0,0,0,0,0,0,0,0,0,0,0,0,0,0,0,0,0,0,0,0,0,0,0,0,0,0,0,0,0,0,0,0,0.03609022556390978,0.02406015037593985,0.04661654135338346,0.02857142857142857,0.045112781954887216,0.0481203007518797,0.05413533834586466,0.022556390977443608,0.045112781954887216,0.03007518796992481,0.03007518796992481,0.0406015037593985,0.0962406015037594,0.021052631578947368,0.02857142857142857,0.03007518796992481,0.04360902255639098,0.03007518796992481,0.055639097744360905,0.061654135338345864,0.0406015037593985,0.03308270676691729,0.03007518796992481,0.03458646616541353,0.04360902255639098
1,0,0,0,0,0,0,0,0,0,0,0,0,0,0,0,0,0,0,0,0,0,0,0,0,0,0,1,0,0,0,0,0,0,0,0,0,0,0,0,0,0,0,0,0,0,0,0,0,0,0,0,0.02912621359223301,0.023578363384188627,0.049930651872399444,0.036061026352288486,0.05409153952843273,0.04854368932038835,0.049930651872399444,0.04022191400832178,0.0638002773925104,0.04854368932038835,0.04160887656033287,0.07489597780859916,0.0,0.02912621359223301,0.04160887656033287,0.023578363384188627,0.026352288488210817,0.05825242718446602,0.04022191400832178,0.022191400832177532,0.036061026352288486,0.036061026352288486,0.06102635228848821,0.036061026352288486,0.02912621359223301
0,1,0,0,0,0,0,0,0,0,0,0,0,0,0,0,0,0,0,0,0,0,0,0,0,0,0,1,0,0,0,0,0,0,0,0,0,0,0,0,0,0,0,0,0,0,1,0,0,0,0,0,0.030942334739803096,0.026722925457102673,0.053445850914205346,0.057665260196905765,0.0450070323488045,0.03938115330520394,0.040787623066104076,0.03656821378340366,0.04781997187060478,0.03938115330520394,0.04219409282700422,0.057665260196905765,0.0,0.040787623066104076,0.030942334739803096,0.046413502109704644,0.06188466947960619,0.06329113924050633,0.05063291139240506,0.029535864978902954,0.03938115330520394,0.04219409282700422,0.0,0.04781997187060478,0.029535864978902954
1,0,0,0,0,0,0,0,0,0,0,0,0,0,0,0,0,0,0,0,0,0,0,0,0,0,0,1,0,0,0,0,0,0,0,1,0,0,0,0,0,0,0,0,0,0,1,0,0,0,0,0,0.03982300884955752,0.03982300884955752,0.02359882005899705,0.05309734513274336,0.07079646017699115,0.051622418879056046,0.02359882005899705,0.051622418879056046,0.07227138643067847,0.03687315634218289,0.02359882005899705,0.048672566371681415,0.0,0.04424778761061947,0.06784660766961652,0.032448377581120944,0.0,0.03982300884955752,0.07227138643067847,0.04277286135693215,0.03687315634218289,0.04129793510324484,0.0,0.035398230088495575,0.051622418879056046
0,1,0,0,0,0,0,0,0,0,0,0,0,0,0,0,0,0,1,0,0,0,0,0,0,0,0,1,0,0,0,0,0,0,0,1,0,0,0,0,0,0,0,0,0,0,1,0,0,0,0,0,0.014732965009208104,0.03130755064456722,0.040515653775322284,0.04419889502762431,0.027624309392265192,0.06077348066298342,0.0423572744014733,0.06998158379373849,0.0,0.06998158379373849,0.04788213627992634,0.029465930018416207,0.0,0.07366482504604052,0.049723756906077346,0.05156537753222836,0.0,0.04604051565377532,0.053406998158379376,0.04788213627992634,0.03867403314917127,0.053406998158379376,0.0,0.06813996316758748,0.03867403314917127
1,0,0,0,0,0,0,0,0,0,0,0,0,0,0,0,0,0,1,0,0,0,0,0,0,0,0,1,0,0,0,0,0,0,0,1,0,0,0,0,0,0,0,0,0,0,1,0,0,1,0,0,0.035422343324250684,0.05449591280653951,0.04632152588555858,0.055858310626702996,0.025885558583106268,0.04223433242506812,0.08583106267029973,0.1335149863760218,0.0,0.02861035422343324,0.02861035422343324,0.04632152588555858,0.0,0.02861035422343324,0.03814713896457766,0.051771117166212535,0.0,0.025885558583106268,0.047683923705722074,0.051771117166212535,0.07629427792915532,0.05722070844686648,0.0,0.0,0.039509536784741145
1,0,0,0,0,0,0,0,0,0,0,0,0,0,0,0,0,0,0,0,0,0,0,0,0,0,0,0,0,0,0,0,0,0,0,0,0,0,0,0,0,0,0,0,0,0,0,0,0,0,0,0,0.03978779840848806,0.021220159151193633,0.054376657824933686,0.03050397877984085,0.04509283819628647,0.025198938992042442,0.05305039787798409,0.03978779840848806,0.034482758620689655,0.034482758620689655,0.038461538461538464,0.03978779840848806,0.03580901856763926,0.042440318302387266,0.07029177718832891,0.03978779840848806,0.05570291777188329,0.05172413793103448,0.033156498673740056,0.03183023872679045,0.04907161803713528,0.03713527851458886,0.029177718832891247,0.03713527851458886,0.03050397877984085
0,1,0,0,0,0,0,0,0,0,0,0,0,0,0,0,0,0,0,0,0,0,0,0,0,0,0,0,0,0,1,0,0,0,0,0,0,0,0,0,0,0,0,0,0,0,0,0,0,0,0,0,0.05075445816186557,0.04801097393689986,0.023319615912208505,0.037037037037037035,0.03292181069958848,0.0205761316872428,0.039780521262002745,0.04801097393689986,0.02606310013717421,0.04663923182441701,0.07407407407407407,0.04801097393689986,0.04938271604938271,0.0411522633744856,0.0,0.053497942386831275,0.0644718792866941,0.0411522633744856,0.04252400548696845,0.037037037037037035,0.037037037037037035,0.04801097393689986,0.03155006858710562,0.03292181069958848,0.02606310013717421
1,0,0,0,0,0,0,0,0,0,0,0,0,0,0,0,0,0,0,0,0,0,0,0,0,0,0,1,0,0,1,0,0,0,0,0,0,0,0,0,0,0,0,0,0,0,0,0,0,0,0,0,0.024079320113314446,0.032577903682719546,0.031161473087818695,0.056657223796033995,0.049575070821529746,0.039660056657223795,0.036827195467422094,0.05807365439093484,0.036827195467422094,0.043909348441926344,0.031161473087818695,0.039660056657223795,0.0,0.036827195467422094,0.0,0.03541076487252125,0.06657223796033994,0.06373937677053824,0.05807365439093484,0.036827195467422094,0.053824362606232294,0.043909348441926344,0.04815864022662889,0.049575070821529746,0.026912181303116147
0,1,0,0,0,0,0,0,0,0,0,0,0,0,0,0,0,0,0,0,0,0,0,0,0,0,0,1,0,0,1,0,0,0,1,0,0,0,0,0,0,0,0,0,0,0,0,0,0,0,0,0,0.052924791086350974,0.055710306406685235,0.04874651810584958,0.025069637883008356,0.03064066852367688,0.0403899721448468,0.036211699164345405,0.04178272980501393,0.026462395543175487,0.05153203342618384,0.036211699164345405,0.026462395543175487,0.0,0.04317548746518106,0.0,0.0403899721448468,0.0,0.09610027855153204,0.020891364902506964,0.04735376044568245,0.08217270194986072,0.04735376044568245,0.055710306406685235,0.05988857938718663,0.034818941504178275
1,0,0,0,0,0,0,0,0,0,0,0,0,0,0,0,0,0,0,0,0,0,0,1,0,0,0,1,0,0,1,0,0,0,1,0,0,0,0,0,0,0,0,0,0,0,0,0,0,0,0,0,0.04672897196261682,0.020560747663551402,0.04672897196261682,0.041121495327102804,0.05046728971962617,0.056074766355140186,0.06542056074766354,0.056074766355140186,0.04672897196261682,0.052336448598130844,0.0,0.029906542056074768,0.0,0.041121495327102804,0.0,0.056074766355140186,0.0,0.048598130841121495,0.0616822429906542,0.03177570093457944,0.044859813084112146,0.07289719626168224,0.05420560747663551,0.037383177570093455,0.03925233644859813
0,1,0,0,0,0,0,0,0,0,0,0,0,0,0,0,0,0,0,0,0,0,0,1,0,0,0,1,0,0,1,0,0,0,1,0,0,0,1,0,0,0,0,0,0,0,0,0,0,0,0,0,0.07603305785123966,0.04628099173553719,0.026446280991735537,0.03140495867768595,0.04628099173553719,0.05785123966942149,0.05289256198347107,0.04628099173553719,0.04628099173553719,0.023140495867768594,0.0,0.03305785123966942,0.0,0.03966942148760331,0.0,0.08925619834710743,0.0,0.1140495867768595,0.0,0.05950413223140496,0.04297520661157025,0.02809917355371901,0.0512396694214876,0.05289256198347107,0.03636363636363636
1,0,0,0,0,0,0,0,0,0,0,0,0,0,0,0,0,0,0,0,0,0,0,1,0,0,0,1,0,1,1,0,0,0,1,0,0,0,1,0,0,0,0,0,0,0,0,0,0,0,0,0,0.044444444444444446,0.06837606837606838,0.06153846153846154,0.039316239316239315,0.05982905982905983,0.044444444444444446,0.05982905982905983,0.05982905982905983,0.05299145299145299,0.044444444444444446,0.0,0.05128205128205128,0.0,0.0,0.0,0.05299145299145299,0.0,0.08717948717948718,0.0,0.044444444444444446,0.046153846153846156,0.05128205128205128,0.06324786324786325,0.022222222222222223,0.046153846153846156
0,1,0,0,0,0,0,0,0,0,0,0,0,0,0,0,0,0,0,0,0,0,0,1,0,0,0,1,0,1,1,0,0,0,1,0,1,0,1,0,0,0,0,0,0,0,0,0,0,0,0,0,0.06972789115646258,0.04591836734693878,0.05442176870748299,0.04591836734693878,0.0391156462585034,0.07993197278911565,0.07653061224489796,0.04251700680272109,0.04931972789115646,0.04251700680272109,0.0,0.04251700680272109,0.0,0.0,0.0,0.07312925170068027,0.0,0.0,0.0,0.04251700680272109,0.10714285714285714,0.04931972789115646,0.05442176870748299,0.04251700680272109,0.04251700680272109
1,0,0,1,0,0,0,0,0,0,0,0,0,0,0,0,0,0,0,0,0,0,0,1,0,0,0,1,0,1,1,0,0,0,1,0,1,0,1,0,0,0,0,0,0,0,0,0,0,0,0,0,0.0,0.06196581196581197,0.057692307692307696,0.06623931623931624,0.057692307692307696,0.049145299145299144,0.06623931623931624,0.057692307692307696,0.057692307692307696,0.07264957264957266,0.0,0.05128205128205128,0.0,0.0,0.0,0.09401709401709402,0.0,0.0,0.0,0.0405982905982906,0.09401709401709402,0.05555555555555555,0.03205128205128205,0.0405982905982906,0.04487179487179487
1,0,0,0,0,0,0,0,0,0,0,0,0,0,0,0,0,0,0,0,0,0,0,0,0,0,0,0,0,0,0,0,0,0,0,0,0,0,0,0,0,0,0,0,0,0,0,0,0,0,0,0,0.028119507908611598,0.040421792618629174,0.04745166959578207,0.04569420035149385,0.033391915641476276,0.050966608084358524,0.03163444639718805,0.050966608084358524,0.05975395430579965,0.028119507908611598,0.03866432337434095,0.0492091388400703,0.0210896309314587,0.043936731107205626,0.070298769771529,0.0210896309314587,0.03690685413005272,0.03866432337434095,0.028119507908611598,0.03163444639718805,0.040421792618629174,0.0351493848857645,0.028119507908611598,0.043936731107205626,0.056239015817223195
0,1,0,0,0,0,0,0,0,0,0,0,0,0,0,0,0,0,0,0,0,0,0,0,0,0,0,0,0,0,1,0,0,0,0,0,0,0,0,0,0,0,0,0,0,0,0,0,0,0,0,0,0.030254777070063694,0.041401273885350316,0.04936305732484077,0.04617834394904458,0.03980891719745223,0.03503184713375796,0.03662420382165605,0.03662420382165605,0.04936305732484077,0.041401273885350316,0.03662420382165605,0.050955414012738856,0.042993630573248405,0.042993630573248405,0.0,0.050955414012738856,0.04777070063694268,0.07006369426751592,0.050955414012738856,0.03503184713375796,0.041401273885350316,0.028662420382165606,0.03503184713375796,0.030254777070063694,0.030254777070063694
1,0,0,0,0,0,0,0,0,0,0,0,0,0,0,1,0,0,0,0,0,0,0,0,0,0,0,0,0,0,1,0,0,0,0,0,0,0,0,0,0,0,0,0,0,0,0,0,0,0,0,0,0.022058823529411766,0.04779411764705882,0.03125,0.042279411764705885,0.07169117647058823,0.025735294117647058,0.0,0.03125,0.029411764705882353,0.03676470588235294,0.04411764705882353,0.058823529411764705,0.06433823529411764,0.04779411764705882,0.0,0.04595588235294118,0.04779411764705882,0.03860294117647059,0.04963235294117647,0.051470588235294115,0.05698529411764706,0.03860294117647059,0.04779411764705882,0.03860294117647059,0.03125
0,1,0,0,0,0,0,0,0,0,0,0,0,0,0,1,0,0,0,0,0,0,0,0,0,0,0,0,0,0,1,0,0,0,0,0,0,0,0,0,0,0,1,0,0,0,0,0,0,0,0,0,0.034482758620689655,0.0421455938697318,0.04980842911877394,0.05363984674329502,0.0421455938697318,0.028735632183908046,0.0,0.03065134099616858,0.09003831417624521,0.028735632183908046,0.038314176245210725,0.044061302681992334,0.06896551724137931,0.06321839080459771,0.0,0.02490421455938697,0.07279693486590039,0.04980842911877394,0.0421455938697318,0.02490421455938697,0.0,0.038314176245210725,0.0421455938697318,0.04597701149425287,0.044061302681992334
1,0,0,0,0,0,0,0,0,0,0,0,0,0,0,1,0,0,0,0,0,0,0,0,0,0,0,0,0,0,1,0,0,0,0,0,0,1,0,0,0,0,1,0,0,0,0,0,0,0,0,0,0.0415944540727903,0.06239168110918544,0.03292894280762565,0.03986135181975736,0.029462738301559793,0.03292894280762565,0.0,0.060658578856152515,0.060658578856152515,0.0415944540727903,0.02772963604852686,0.045060658578856154,0.06932409012131716,0.04679376083188908,0.0,0.03986135181975736,0.05719237435008666,0.0,0.05719237435008666,0.03292894280762565,0.0,0.08665511265164645,0.053726169844020795,0.045060658578856154,0.036395147313691506
0,1,0,0,0,0,0,0,0,0,0,0,0,0,0,1,0,0,0,0,0,0,0,0,0,0,0,0,0,0,1,0,0,0,0,0,0,1,0,0,0,0,1,0,1,0,0,0,0,0,0,0,0.03164556962025317,0.04852320675105485,0.027426160337552744,0.04008438818565401,0.05063291139240506,0.04852320675105485,0.0,0.056962025316455694,0.027426160337552744,0.04008438818565401,0.04008438818565401,0.06540084388185655,0.046413502109704644,0.04430379746835443,0.0,0.04219409282700422,0.04008438818565401,0.0,0.0759493670886076,0.05907172995780591,0.0,0.0,0.1350210970464135,0.03375527426160337,0.046413502109704644
1,0,0,0,0,0,0,0,0,0,0,0,0,0,0,0,0,0,0,0,0,0,0,0,0,0,0,0,0,0,0,0,0,0,0,0,0,0,0,0,0,0,0,0,0,0,0,0,0,0,0,0,0.04632152588555858,0.039509536784741145,0.047683923705722074,0.05313351498637602,0.05313351498637602,0.025885558583106268,0.03814713896457766,0.039509536784741145,0.06130790190735695,0.035422343324250684,0.021798365122615803,0.03678474114441417,0.04632152588555858,0.04632152588555858,0.03678474114441417,0.03814713896457766,0.03814713896457766,0.04632152588555858,0.039509536784741145,0.027247956403269755,0.047683923705722074,0.02997275204359673,0.01907356948228883,0.04223433242506812,0.043596730245231606
0,1,0,0,0,0,0,0,0,0,0,0,0,0,0,0,0,0,1,0,0,0,0,0,0,0,0,0,0,0,0,0,0,0,0,0,0,0,0,0,0,0,0,0,0,0,0,0,0,0,0,0,0.054317548746518104,0.037604456824512536,0.03064066852367688,0.026462395543175487,0.06685236768802229,0.033426183844011144,0.04874651810584958,0.04456824512534819,0.0,0.0584958217270195,0.04456824512534819,0.034818941504178275,0.03064066852367688,0.026462395543175487,0.03064066852367688,0.04317548746518106,0.052924791086350974,0.06128133704735376,0.033426183844011144,0.04456824512534819,0.0584958217270195,0.05153203342618384,0.026462395543175487,0.037604456824512536,0.022284122562674095
1,0,0,0,0,0,0,0,0,0,0,0,0,0,0,0,0,1,1,0,0,0,0,0,0,0,0,0,0,0,0,0,0,0,0,0,0,0,0,0,0,0,0,0,0,0,0,0,0,0,0,0,0.042796005706134094,0.0456490727532097,0.06419400855920114,0.042796005706134094,0.03281027104136947,0.042796005706134094,0.0442225392296719,0.0,0.0,0.028530670470756064,0.042796005706134094,0.04992867332382311,0.06704707560627675,0.042796005706134094,0.024251069900142655,0.03566333808844508,0.05706134094151213,0.0442225392296719,0.037089871611982884,0.024251069900142655,0.05420827389443652,0.03566333808844508,0.03566333808844508,0.05706134094151213,0.04850213980028531
0,1,0,0,0,0,0,0,0,0,0,0,0,0,0,0,0,1,1,0,0,0,0,0,0,0,0,0,0,0,0,0,0,0,1,0,0,0,0,0,0,0,0,0,0,0,0,0,0,0,0,0,0.01967799642218247,0.05008944543828265,0.0518783542039356,0.03220035778175313,0.05008944543828265,0.044722719141323794,0.03756708407871199,0.0,0.0,0.057245080500894455,0.01967799642218247,0.028622540250447227,0.07334525939177101,0.03935599284436494,0.06797853309481217,0.07334525939177101,0.0,0.03756708407871199,0.03220035778175313,0.03398926654740608,0.059033989266547404,0.044722719141323794,0.07334525939177101,0.05366726296958855,0.01967799642218247
0,1,0,0,0,0,0,0,0,0,0,0,0,0,0,0,0,0,0,0,0,0,0,0,0,0,0,0,0,0,0,0,0,0,0,0,0,0,0,0,0,0,0,0,0,0,0,0,0,0,0,0,0.04748603351955307,0.034916201117318434,0.04329608938547486,0.046089385474860335,0.061452513966480445,0.03910614525139665,0.03910614525139665,0.04329608938547486,0.030726256983240222,0.018156424581005588,0.034916201117318434,0.025139664804469275,0.04329608938547486,0.04189944134078212,0.05027932960893855,0.040502793296089384,0.05726256983240224,0.029329608938547486,0.046089385474860335,0.027932960893854747,0.0446927374301676,0.051675977653631286,0.023743016759776536,0.0446927374301676,0.034916201117318434
1,0,0,0,0,0,0,0,0,0,0,0,0,0,0,0,0,0,0,0,0,0,0,0,0,0,0,0,0,0,0,0,0,0,0,1,0,0,0,0,0,0,0,0,0,0,0,0,0,0,0,0,0.0481283422459893,0.0374331550802139,0.03074866310160428,0.04144385026737968,0.0427807486631016,0.0427807486631016,0.04946524064171123,0.0427807486631016,0.06417112299465241,0.03342245989304813,0.026737967914438502,0.06550802139037433,0.053475935828877004,0.0427807486631016,0.03877005347593583,0.04411764705882353,0.0,0.034759358288770054,0.03342245989304813,0.04679144385026738,0.029411764705882353,0.04411764705882353,0.04679144385026738,0.03074866310160428,0.029411764705882353
0,1,0,0,0,0,0,0,0,0,0,0,0,0,0,0,0,0,0,0,0,0,0,0,1,0,0,0,0,0,0,0,0,0,0,1,0,0,0,0,0,0,0,0,0,0,0,0,0,0,0,0,0.039780521262002745,0.03566529492455418,0.056241426611796985,0.05075445816186557,0.04801097393689986,0.039780521262002745,0.053497942386831275,0.056241426611796985,0.08641975308641975,0.03429355281207133,0.0411522633744856,0.0,0.06858710562414266,0.03566529492455418,0.05212620027434842,0.03566529492455418,0.0,0.03155006858710562,0.04526748971193416,0.03155006858710562,0.027434842249657063,0.04663923182441701,0.03429355281207133,0.03155006858710562,0.01783264746227709
1,0,0,0,0,0,0,0,0,0,0,1,0,0,0,0,0,0,0,0,0,0,0,0,1,0,0,0,0,0,0,0,0,0,0,1,0,0,0,0,0,0,0,0,0,0,0,0,0,0,0,0,0.041726618705035974,0.060431654676258995,0.027338129496402876,0.04892086330935252,0.0,0.033093525179856115,0.034532374100719423,0.0618705035971223,0.04316546762589928,0.050359712230215826,0.03884892086330935,0.0,0.08057553956834532,0.050359712230215826,0.050359712230215826,0.04028776978417266,0.0,0.058992805755395686,0.03884892086330935,0.03884892086330935,0.034532374100719423,0.02302158273381295,0.03884892086330935,0.06474820143884892,0.04028776978417266
0,1,0,0,0,0,0,0,0,0,0,1,0,0,0,0,0,0,0,0,0,0,0,0,1,0,1,0,0,0,0,0,0,0,0,1,0,0,0,0,0,0,0,0,0,0,0,0,0,0,0,0,0.02531645569620253,0.026722925457102673,0.046413502109704644,0.035161744022503515,0.0,0.0450070323488045,0.04360056258790436,0.0450070323488045,0.06610407876230662,0.05063291139240506,0.05485232067510549,0.0,0.0,0.08720112517580872,0.030942334739803096,0.05063291139240506,0.0,0.05485232067510549,0.06047819971870605,0.052039381153305204,0.06188466947960619,0.0450070323488045,0.04219409282700422,0.04219409282700422,0.03375527426160337
1,0,0,0,0,0,0,0,0,0,0,1,0,0,0,1,0,0,0,0,0,0,0,0,1,0,1,0,0,0,0,0,0,0,0,1,0,0,0,0,0,0,0,0,0,0,0,0,0,0,0,0,0.037091988130563795,0.03857566765578635,0.05489614243323442,0.04896142433234421,0.0,0.04302670623145401,0.0,0.04451038575667656,0.028189910979228485,0.06973293768545995,0.04896142433234421,0.0,0.0,0.06824925816023739,0.05637982195845697,0.0771513353115727,0.0,0.05341246290801187,0.04896142433234421,0.06231454005934718,0.05489614243323442,0.04154302670623145,0.03857566765578635,0.04154302670623145,0.04302670623145401
0,1,0,0,0,0,0,0,0,0,0,1,0,0,0,1,0,0,0,0,0,0,0,0,1,0,1,0,0,0,0,0,1,0,0,1,0,0,0,0,0,0,0,0,0,0,0,0,0,0,0,0,0.0273972602739726,0.0410958904109589,0.030136986301369864,0.057534246575342465,0.0,0.050684931506849315,0.0,0.030136986301369864,0.056164383561643834,0.08356164383561644,0.04794520547945205,0.0,0.0,0.09726027397260274,0.06575342465753424,0.0,0.0,0.06575342465753424,0.06986301369863014,0.04794520547945205,0.03561643835616438,0.030136986301369864,0.06438356164383562,0.057534246575342465,0.0410958904109589
1,0,0,0,0,0,0,0,0,0,0,1,0,0,0,1,0,0,0,0,0,0,0,0,1,0,1,0,0,1,0,0,1,0,0,1,0,0,0,0,0,0,0,0,0,0,0,0,0,0,0,0,0.05783132530120482,0.020481927710843374,0.046987951807228916,0.03975903614457831,0.0,0.046987951807228916,0.0,0.043373493975903614,0.1216867469879518,0.10963855421686747,0.04216867469879518,0.0,0.0,0.0,0.03975903614457831,0.0,0.0,0.06144578313253012,0.06144578313253012,0.06746987951807229,0.03975903614457831,0.03975903614457831,0.06867469879518072,0.04819277108433735,0.04457831325301205
0,1,0,0,0,0,0,0,0,0,0,1,0,0,0,1,0,0,1,0,0,0,0,0,1,0,1,0,0,1,0,0,1,0,0,1,0,0,0,0,0,0,0,0,0,0,0,0,0,0,0,0,0.03937007874015748,0.049493813273340834,0.023622047244094488,0.03262092238470191,0.0,0.04499437570303712,0.0,0.0359955005624297,0.0,0.3700787401574803,0.03262092238470191,0.0,0.0,0.0,0.03937007874015748,0.0,0.0,0.05399325084364454,0.03937007874015748,0.048368953880764905,0.020247469066366704,0.0562429696287964,0.0359955005624297,0.048368953880764905,0.02924634420697413
1,0,0,0,0,0,0,0,0,0,0,1,0,0,0,1,0,1,1,0,0,0,0,0,1,0,1,0,0,1,0,0,1,0,0,1,0,0,0,0,0,0,0,0,0,0,0,0,0,0,0,0,0.03288490284005979,0.026158445440956652,0.026158445440956652,0.04932735426008968,0.0,0.04110612855007474,0.0,0.0,0.0,0.3991031390134529,0.021674140508221227,0.0,0.0,0.0,0.043348281016442454,0.0,0.0,0.06801195814648729,0.04708520179372197,0.03736920777279522,0.04484304932735426,0.042600896860986545,0.042600896860986545,0.04185351270553064,0.03587443946188341
0,1,0,0,0,0,0,0,0,0,0,0,0,0,0,0,0,0,0,0,0,0,0,0,0,0,0,0,0,0,0,0,0,0,0,0,0,0,0,0,0,0,0,0,0,0,0,0,0,0,0,0,0.03443526170798898,0.046831955922865015,0.030303030303030304,0.05922865013774105,0.04269972451790634,0.03305785123966942,0.04269972451790634,0.045454545454545456,0.045454545454545456,0.04132231404958678,0.045454545454545456,0.045454545454545456,0.05922865013774105,0.03443526170798898,0.02066115702479339,0.03443526170798898,0.04132231404958678,0.046831955922865015,0.03305785123966942,0.03443526170798898,0.05371900826446281,0.04132231404958678,0.024793388429752067,0.027548209366391185,0.03581267217630854
1,0,0,0,0,0,0,0,0,0,0,0,0,0,0,0,0,0,0,0,0,0,0,0,0,0,0,0,0,0,0,0,0,0,0,1,0,0,0,0,0,0,0,0,0,0,0,0,0,0,0,0,0.0392156862745098,0.05182072829131653,0.0392156862745098,0.06722689075630252,0.04061624649859944,0.0350140056022409,0.022408963585434174,0.0392156862745098,0.046218487394957986,0.037815126050420166,0.036414565826330535,0.05042016806722689,0.023809523809523808,0.0546218487394958,0.03081232492997199,0.05182072829131653,0.0,0.04481792717086835,0.036414565826330535,0.05182072829131653,0.0350140056022409,0.06022408963585434,0.046218487394957986,0.0350140056022409,0.023809523809523808
0,1,0,0,0,0,0,0,1,0,0,0,0,0,0,0,0,0,0,0,0,0,0,0,0,0,0,0,0,0,0,0,0,0,0,1,0,0,0,0,0,0,0,0,0,0,0,0,0,0,0,0,0.030428769017980636,0.02627939142461964,0.058091286307053944,0.0,0.056708160442600276,0.027662517289073305,0.04979253112033195,0.06224066390041494,0.0318118948824343,0.04702627939142462,0.04426002766251729,0.059474412171507604,0.06500691562932227,0.029045643153526972,0.04426002766251729,0.0318118948824343,0.0,0.030428769017980636,0.08022130013831259,0.03734439834024896,0.03872752420470263,0.06224066390041494,0.030428769017980636,0.02627939142461964,0.030428769017980636
1,0,0,0,0,0,0,0,1,0,0,0,0,0,0,1,0,0,0,0,0,0,0,0,0,0,0,0,0,0,0,0,0,0,0,1,0,0,0,0,0,0,0,0,0,0,0,0,0,0,0,0,0.024817518248175182,0.06423357664233577,0.06715328467153285,0.0,0.049635036496350364,0.0364963503649635,0.0,0.04525547445255475,0.07591240875912408,0.03941605839416058,0.04525547445255475,0.05401459854014599,0.05401459854014599,0.0364963503649635,0.042335766423357665,0.042335766423357665,0.0,0.049635036496350364,0.03941605839416058,0.042335766423357665,0.03941605839416058,0.043795620437956206,0.032116788321167884,0.04525547445255475,0.030656934306569343
0,1,0,0,0,0,0,0,1,0,0,0,0,0,0,1,0,0,1,0,0,0,0,0,0,0,0,0,0,0,0,0,0,0,0,1,0,0,0,0,0,0,0,0,0,0,0,0,0,0,0,0,0.05588235294117647,0.052941176470588235,0.06911764705882353,0.0,0.058823529411764705,0.033823529411764704,0.0,0.03529411764705882,0.0,0.03235294117647059,0.047058823529411764,0.06764705882352941,0.054411764705882354,0.051470588235294115,0.039705882352941174,0.07058823529411765,0.0,0.05588235294117647,0.020588235294117647,0.03823529411764706,0.045588235294117645,0.060294117647058824,0.030882352941176472,0.04411764705882353,0.03529411764705882
1,0,0,0,0,0,0,0,1,0,0,0,0,0,0,1,0,0,1,0,0,1,0,0,0,0,0,0,0,0,0,0,0,0,0,1,0,0,0,0,0,0,0,0,0,0,0,0,0,0,0,0,0.047285464098073555,0.043782837127845885,0.03502626970227671,0.0,0.0595446584938704,0.0542907180385289,0.0,0.047285464098073555,0.0,0.0,0.0647985989492119,0.04553415061295972,0.04553415061295972,0.0595446584938704,0.0647985989492119,0.05604203152364273,0.0,0.05604203152364273,0.040280210157618214,0.03502626970227671,0.06654991243432574,0.04553415061295972,0.06129597197898424,0.02276707530647986,0.04903677758318739
0,1,0,0,0,0,0,0,1,0,0,0,0,0,0,1,0,0,1,0,0,1,0,0,0,0,0,0,0,0,0,0,0,0,0,1,0,0,0,0,0,0,1,0,0,0,0,0,0,0,0,0,0.04,0.07076923076923076,0.033846153846153845,0.0,0.08461538461538462,0.026153846153846153,0.0,0.03230769230769231,0.0,0.0,0.06153846153846154,0.05076923076923077,0.04153846153846154,0.04153846153846154,0.03076923076923077,0.055384615384615386,0.0,0.07846153846153846,0.047692307692307694,0.05384615384615385,0.0,0.1076923076923077,0.06461538461538462,0.038461538461538464,0.04
1,0,0,0,0,0,0,1,1,0,0,0,0,0,0,1,0,0,1,0,0,1,0,0,0,0,0,0,0,0,0,0,0,0,0,1,0,0,0,0,0,0,1,0,0,0,0,0,0,0,0,0,0.02258064516129032,0.0467741935483871,0.0,0.0,0.0532258064516129,0.043548387096774194,0.0,0.0467741935483871,0.0,0.0,0.05,0.0532258064516129,0.043548387096774194,0.09838709677419355,0.05806451612903226,0.04838709677419355,0.0,0.0467741935483871,0.03870967741935484,0.03064516129032258,0.0,0.1435483870967742,0.06290322580645161,0.06612903225806452,0.0467741935483871
0,1,0,0,0,0,0,1,1,0,0,0,0,0,0,1,0,0,1,0,0,1,0,0,0,0,0,0,0,0,0,0,0,0,0,1,0,0,0,0,0,0,1,0,1,0,0,0,0,0,0,0,0.03664921465968586,0.04319371727748691,0.0,0.0,0.11910994764397906,0.05366492146596859,0.0,0.04057591623036649,0.0,0.0,0.04842931937172775,0.04319371727748691,0.03664921465968586,0.07460732984293193,0.05759162303664921,0.05366492146596859,0.0,0.11518324607329843,0.034031413612565446,0.051047120418848166,0.0,0.0,0.10471204188481675,0.04450261780104712,0.04319371727748691
1,0,0,0,0,0,0,1,1,0,0,1,0,0,0,1,0,0,1,0,0,1,0,0,0,0,0,0,0,0,0,0,0,0,0,1,0,0,0,0,0,0,1,0,1,0,0,0,0,0,0,0,0.041474654377880185,0.029953917050691243,0.0,0.0,0.0,0.052995391705069124,0.0,0.024193548387096774,0.0,0.0,0.05184331797235023,0.041474654377880185,0.04032258064516129,0.052995391705069124,0.12788018433179724,0.059907834101382486,0.0,0.07027649769585254,0.06105990783410138,0.11981566820276497,0.0,0.0,0.11059907834101383,0.07027649769585254,0.044930875576036866
0,1,0,0,0,0,0,1,1,0,0,1,0,0,0,1,0,0,1,0,0,1,0,0,0,0,0,0,0,0,1,0,0,0,0,1,0,0,0,0,0,0,1,0,1,0,0,0,0,0,0,0,0.05598243688254665,0.04939626783754116,0.0,0.0,0.0,0.054884742041712405,0.0,0.04610318331503842,0.0,0.0,0.036223929747530186,0.036223929747530186,0.06476399560922064,0.08232711306256861,0.0,0.059275521405049394,0.0,0.14270032930845225,0.12403951701427003,0.04171240395170143,0.0,0.0,0.07464324917672886,0.08781558726673985,0.043907793633369926
1,0,0,0,0,0,0,1,1,0,0,1,0,0,0,1,0,0,1,0,0,1,0,0,0,0,0,0,0,0,1,0,0,0,0,1,0,1,0,0,0,0,1,0,1,0,0,0,0,0,0,0,0.06140350877192982,0.05482456140350877,0.0,0.0,0.0,0.020833333333333332,0.0,0.06469298245614036,0.0,0.0,0.07456140350877193,0.10526315789473684,0.046052631578947366,0.0756578947368421,0.0,0.03179824561403509,0.0,0.0,0.09429824561403509,0.043859649122807015,0.0,0.0,0.21710526315789475,0.051535087719298246,0.0581140350877193
0,1,0,0,0,0,0,1,1,0,0,1,0,0,0,1,0,0,1,0,0,1,0,0,0,0,0,0,0,0,1,0,0,0,0,1,0,1,0,0,0,0,1,0,1,0,1,0,0,0,0,0,0.06367041198501873,0.035955056179775284,0.0,0.0,0.0,0.04344569288389513,0.0,0.041947565543071164,0.0,0.0,0.050187265917602995,0.03445692883895131,0.06367041198501873,0.06816479400749063,0.0,0.05543071161048689,0.0,0.0,0.31086142322097376,0.05393258426966292,0.0,0.0,0.0,0.10037453183520599,0.07790262172284644
1,0,0,0,0,0,0,1,1,0,0,1,0,0,0,1,0,0,1,0,0,1,0,0,0,0,0,0,0,0,1,0,0,0,0,1,0,1,0,0,0,0,1,0,1,0,1,0,0,0,0,1,0.03293172690763052,0.040160642570281124,0.0,0.0,0.0,0.03855421686746988,0.0,0.07068273092369477,0.0,0.0,0.040160642570281124,0.046586345381526104,0.03775100401606426,0.05381526104417671,0.0,0.03855421686746988,0.0,0.0,0.4755020080321285,0.06827309236947791,0.0,0.0,0.0,0.0570281124497992,0.0
0,1,0,0,0,0,0,0,0,0,0,0,0,0,0,0,0,0,0,0,0,0,0,0,0,0,0,0,0,0,0,0,0,0,0,0,0,0,0,0,0,0,0,0,0,0,0,0,0,0,0,0,0.0380794701986755,0.023178807947019868,0.048013245033112585,0.03642384105960265,0.0695364238410596,0.029801324503311258,0.019867549668874173,0.02152317880794702,0.03145695364238411,0.061258278145695365,0.041390728476821195,0.06291390728476821,0.061258278145695365,0.041390728476821195,0.05132450331125828,0.033112582781456956,0.023178807947019868,0.03145695364238411,0.06622516556291391,0.03642384105960265,0.023178807947019868,0.033112582781456956,0.0347682119205298,0.041390728476821195,0.039735099337748346
1,0,0,0,0,0,0,0,0,0,0,0,0,0,0,0,0,0,0,0,0,0,0,0,0,0,0,0,0,0,0,0,0,0,0,0,0,0,0,1,0,0,0,0,0,0,0,0,0,0,0,0,0.028963414634146343,0.028963414634146343,0.04725609756097561,0.04420731707317073,0.04573170731707317,0.03048780487804878,0.028963414634146343,0.0625,0.054878048780487805,0.0625,0.041158536585365856,0.04573170731707317,0.041158536585365856,0.053353658536585365,0.024390243902439025,0.04878048780487805,0.041158536585365856,0.041158536585365856,0.0,0.0350609756097561,0.039634146341463415,0.03353658536585366,0.04725609756097561,0.0350609756097561,0.038109756097560975
0,1,0,0,0,0,0,0,0,0,0,0,0,0,0,0,1,0,0,0,0,0,0,0,0,0,0,0,0,0,0,0,0,0,0,0,0,0,0,1,0,0,0,0,0,0,0,0,0,0,0,0,0.032210834553440704,0.0527086383601757,0.03367496339677892,0.04538799414348463,0.060029282576866766,0.03513909224011713,0.04685212298682284,0.0,0.040995607613469986,0.0527086383601757,0.0629575402635432,0.03953147877013177,0.03953147877013177,0.03953147877013177,0.03513909224011713,0.040995607613469986,0.04685212298682284,0.04978038067349927,0.0,0.032210834553440704,0.036603221083455345,0.040995607613469986,0.05856515373352855,0.043923865300146414,0.03367496339677892
1,0,0,0,0,0,0,0,0,0,0,0,0,0,0,0,0,0,0,0,0,0,0,0,0,0,0,0,0,0,0,0,0,0,0,0,0,0,0,0,0,0,0,0,0,0,0,0,0,0,0,0,0.029661016949152543,0.03389830508474576,0.038135593220338986,0.038135593220338986,0.05649717514124294,0.03248587570621469,0.04943502824858757,0.031073446327683617,0.04943502824858757,0.03531073446327684,0.031073446327683617,0.04943502824858757,0.05649717514124294,0.06638418079096045,0.01977401129943503,0.04519774011299435,0.03248587570621469,0.03672316384180791,0.038135593220338986,0.052259887005649715,0.059322033898305086,0.01977401129943503,0.03531073446327684,0.01977401129943503,0.043785310734463276
0,1,0,0,0,0,0,0,0,0,0,0,0,0,0,0,0,0,0,0,0,0,0,0,0,0,0,0,1,0,0,0,0,0,0,0,0,0,0,0,0,0,0,0,0,0,0,0,0,0,0,0,0.04563758389261745,0.022818791946308724,0.03355704697986577,0.042953020134228186,0.05906040268456376,0.032214765100671144,0.06308724832214765,0.042953020134228186,0.03355704697986577,0.04429530201342282,0.028187919463087248,0.028187919463087248,0.04429530201342282,0.0,0.053691275167785234,0.042953020134228186,0.06711409395973154,0.04429530201342282,0.03355704697986577,0.04429530201342282,0.052348993288590606,0.026845637583892617,0.03758389261744966,0.03355704697986577,0.042953020134228186
1,0,0,1,0,0,0,0,0,0,0,0,0,0,0,0,0,0,0,0,0,0,0,0,0,0,0,0,1,0,0,0,0,0,0,0,0,0,0,0,0,0,0,0,0,0,0,0,0,0,0,0,0.0,0.04316546762589928,0.03597122302158273,0.030215827338129497,0.04748201438848921,0.030215827338129497,0.06474820143884892,0.031654676258992806,0.06330935251798561,0.04028776978417266,0.05611510791366906,0.02446043165467626,0.033093525179856115,0.0,0.04316546762589928,0.041726618705035974,0.07482014388489208,0.05755395683453238,0.025899280575539568,0.04748201438848921,0.05611510791366906,0.05611510791366906,0.0460431654676259,0.02302158273381295,0.027338129496402876
0,1,0,1,0,0,0,0,0,0,0,0,0,0,0,0,0,0,0,0,0,0,0,0,0,0,0,0,1,0,0,0,0,0,1,0,0,0,0,0,0,0,0,0,0,0,0,0,0,0,0,0,0.0,0.03698435277382646,0.05832147937411095,0.02275960170697013,0.05405405405405406,0.04267425320056899,0.05263157894736842,0.03982930298719772,0.05263157894736842,0.049786628733997154,0.03698435277382646,0.044096728307254626,0.051209103840682786,0.0,0.049786628733997154,0.051209103840682786,0.0,0.06543385490753911,0.034139402560455195,0.05832147937411095,0.051209103840682786,0.03982930298719772,0.03982930298719772,0.031294452347083924,0.03698435277382646
1,0,0,1,0,0,0,0,0,0,0,0,0,0,0,0,0,0,0,0,0,0,0,0,0,0,0,1,1,0,0,0,0,0,1,0,0,0,0,0,0,0,0,0,0,0,0,0,0,0,0,0,0.0,0.05731523378582202,0.06184012066365008,0.05731523378582202,0.06787330316742081,0.05731523378582202,0.05731523378582202,0.048265460030165915,0.03619909502262444,0.0392156862745098,0.042232277526395176,0.048265460030165915,0.0,0.0,0.03619909502262444,0.04072398190045249,0.0,0.06485671191553545,0.024132730015082957,0.043740573152337855,0.05429864253393665,0.05731523378582202,0.03770739064856712,0.042232277526395176,0.02564102564102564
0,1,0,1,0,0,0,0,0,0,1,0,0,0,0,0,0,0,0,0,0,0,0,0,0,0,0,1,1,0,0,0,0,0,1,0,0,0,0,0,0,0,0,0,0,0,0,0,0,0,0,0,0.0,0.04727793696275072,0.044412607449856735,0.05730659025787966,0.0,0.03008595988538682,0.04727793696275072,0.07020057306590258,0.055873925501432664,0.034383954154727794,0.044412607449856735,0.04011461318051576,0.0,0.0,0.04727793696275072,0.05157593123209169,0.0,0.10028653295128939,0.05300859598853868,0.044412607449856735,0.04727793696275072,0.06160458452722063,0.04154727793696275,0.0329512893982808,0.04871060171919771
1,0,0,1,0,0,0,0,0,0,1,0,0,0,0,0,0,0,0,0,0,0,0,0,0,0,0,1,1,0,0,0,0,0,1,0,0,0,0,0,0,0,0,0,0,0,0,1,0,0,0,0,0.0,0.03111111111111111,0.054814814814814816,0.056296296296296296,0.0,0.045925925925925926,0.07111111111111111,0.07407407407407407,0.04148148148148148,0.037037037037037035,0.05185185185185185,0.035555555555555556,0.0,0.0,0.06962962962962962,0.04,0.0,0.11259259259259259,0.04,0.028148148148148148,0.0637037037037037,0.05333333333333334,0.0,0.028148148148148148,0.06518518518518518
0,1,0,1,0,0,0,0,0,0,1,0,0,0,0,0,0,0,0,0,0,0,0,0,0,0,0,1,1,0,0,0,0,0,1,0,1,0,0,0,0,0,0,0,0,0,0,1,0,0,0,0,0.0,0.05481283422459893,0.0427807486631016,0.0481283422459893,0.0,0.0481283422459893,0.05213903743315508,0.07620320855614973,0.06684491978609626,0.0427807486631016,0.05481283422459893,0.04144385026737968,0.0,0.0,0.04144385026737968,0.08155080213903744,0.0,0.0,0.03877005347593583,0.04144385026737968,0.08422459893048129,0.06684491978609626,0.0,0.0481283422459893,0.06951871657754011
1,0,0,1,0,0,0,0,0,0,1,0,0,0,0,0,0,0,0,0,0,0,0,0,0,1,0,1,1,0,0,0,0,0,1,0,1,0,0,0,0,0,0,0,0,0,0,1,0,0,0,0,0.0,0.050359712230215826,0.050359712230215826,0.04436450839328537,0.0,0.05155875299760192,0.07913669064748201,0.0539568345323741,0.06115107913669065,0.05275779376498801,0.06354916067146282,0.0,0.0,0.0,0.05635491606714628,0.08872901678657075,0.0,0.0,0.04196642685851319,0.02997601918465228,0.09592326139088729,0.05275779376498801,0.0,0.06354916067146282,0.06354916067146282
0,1,0,1,0,0,0,0,0,0,1,0,0,0,0,0,0,0,0,0,0,0,0,0,0,1,0,1,1,0,0,0,0,0,1,0,1,0,0,0,0,0,1,0,0,0,0,1,0,0,0,0,0.0,0.059850374064837904,0.06982543640897755,0.06650041562759768,0.0,0.059850374064837904,0.059850374064837904,0.06650041562759768,0.06317539484621779,0.07564422277639235,0.05569409808811305,0.0,0.0,0.0,0.06317539484621779,0.059850374064837904,0.0,0.0,0.05569409808811305,0.06650041562759768,0.0,0.05569409808811305,0.0,0.06317539484621779,0.05901911886949293
1,0,0,1,0,0,0,0,0,0,1,0,0,0,0,0,0,0,0,0,0,0,0,0,0,1,0,1,1,0,0,0,0,0,1,0,1,0,0,0,0,0,1,0,0,0,0,1,0,0,0,1,0.0,0.06151537884471118,0.06301575393848462,0.07051762940735183,0.0,0.06976744186046512,0.07426856714178545,0.06976744186046512,0.07876969242310577,0.07801950487621906,0.056264066016504126,0.0,0.0,0.0,0.07801950487621906,0.06151537884471118,0.0,0.0,0.056264066016504126,0.06976744186046512,0.0,0.056264066016504126,0.0,0.056264066016504126,0.0
0,1,0,0,0,0,0,0,0,0,0,0,0,0,0,0,0,0,0,0,0,0,0,0,0,0,0,0,0,0,0,0,0,0,0,0,0,0,0,0,0,0,0,0,0,0,0,0,0,0,0,0,0.03469079939668175,0.024132730015082957,0.02865761689291101,0.06334841628959276,0.05128205128205128,0.048265460030165915,0.01809954751131222,0.04072398190045249,0.04675716440422323,0.04072398190045249,0.030165912518853696,0.049773755656108594,0.04072398190045249,0.05429864253393665,0.05580693815987934,0.06033182503770739,0.043740573152337855,0.042232277526395176,0.021116138763197588,0.030165912518853696,0.0392156862745098,0.033182503770739065,0.03770739064856712,0.0392156862745098,0.02564102564102564
1,0,0,0,0,0,0,0,0,0,0,0,0,0,0,0,0,0,0,1,0,0,0,0,0,0,0,0,0,0,0,0,0,0,0,0,0,0,0,0,0,0,0,0,0,0,0,0,0,0,0,0,0.027314112291350532,0.03186646433990895,0.030349013657056147,0.03490136570561457,0.04704097116843703,0.0409711684370258,0.021244309559939303,0.036418816388467376,0.0,0.0409711684370258,0.051593323216995446,0.027314112291350532,0.04704097116843703,0.027314112291350532,0.04552352048558422,0.03186646433990895,0.051593323216995446,0.07435508345978756,0.07132018209408195,0.03186646433990895,0.04400606980273141,0.05918057663125948,0.06069802731411229,0.02276176024279211,0.042488619119878605
0,1,0,0,0,0,0,0,0,0,0,0,0,0,0,0,0,0,0,1,0,0,0,0,0,0,0,0,0,0,0,0,0,0,0,0,1,0,0,0,0,0,0,0,0,0,0,0,0,0,0,0,0.03602305475504323,0.0345821325648415,0.03890489913544669,0.027377521613832854,0.037463976945244955,0.02881844380403458,0.03890489913544669,0.037463976945244955,0.0,0.04610951008645533,0.03602305475504323,0.05043227665706052,0.04755043227665706,0.05475504322766571,0.059077809798270896,0.043227665706051875,0.06772334293948126,0.0,0.05187319884726225,0.023054755043227664,0.07060518731988473,0.056195965417867436,0.04610951008645533,0.040345821325648415,0.027377521613832854
1,0,0,0,0,0,0,0,0,0,0,0,0,0,0,0,0,0,0,1,0,0,0,0,0,0,0,0,0,0,0,1,0,0,0,0,1,0,0,0,0,0,0,0,0,0,0,0,0,0,0,0,0.035650623885918005,0.0196078431372549,0.0285204991087344,0.06951871657754011,0.049910873440285206,0.0481283422459893,0.040998217468805706,0.0481283422459893,0.0,0.0427807486631016,0.024955436720142603,0.030303030303030304,0.0392156862745098,0.05525846702317291,0.0,0.0392156862745098,0.053475935828877004,0.0,0.05525846702317291,0.053475935828877004,0.07308377896613191,0.058823529411764705,0.05169340463458111,0.04634581105169341,0.035650623885918005
0,1,0,0,0,0,0,0,1,0,0,0,0,0,0,0,0,0,0,1,0,0,0,0,0,0,0,0,0,0,0,1,0,0,0,0,1,0,0,0,0,0,0,0,0,0,0,0,0,0,0,0,0.05647840531561462,0.03986710963455149,0.053156146179401995,0.0,0.07475083056478406,0.03986710963455149,0.03488372093023256,0.03488372093023256,0.0,0.04983388704318937,0.03986710963455149,0.07308970099667775,0.04983388704318937,0.03820598006644518,0.0,0.04983388704318937,0.029900332225913623,0.0,0.06312292358803986,0.04817275747508306,0.026578073089700997,0.04817275747508306,0.044850498338870434,0.054817275747508304,0.04983388704318937
1,0,0,0,0,0,0,0,1,0,0,0,0,0,0,0,0,0,0,1,0,0,0,0,0,0,0,0,0,0,0,1,0,0,0,1,1,0,0,0,0,0,0,0,0,0,0,0,0,0,0,0,0.05714285714285714,0.03469387755102041,0.044897959183673466,0.0,0.1,0.030612244897959183,0.06326530612244897,0.07346938775510205,0.0,0.04897959183673469,0.04897959183673469,0.05714285714285714,0.026530612244897958,0.05102040816326531,0.0,0.04285714285714286,0.0,0.0,0.05102040816326531,0.026530612244897958,0.05918367346938776,0.05714285714285714,0.03877551020408163,0.04081632653061224,0.04693877551020408
0,1,0,0,0,0,0,0,1,0,1,0,0,0,0,0,0,0,0,1,0,0,0,0,0,0,0,0,0,0,0,1,0,0,0,1,1,0,0,0,0,0,0,0,0,0,0,0,0,0,0,0,0.05103448275862069,0.04,0.09655172413793103,0.0,0.0,0.07448275862068965,0.08137931034482758,0.037241379310344824,0.0,0.04689655172413793,0.03310344827586207,0.05103448275862069,0.07172413793103448,0.05379310344827586,0.0,0.03586206896551724,0.0,0.0,0.03310344827586207,0.04689655172413793,0.09379310344827586,0.037241379310344824,0.022068965517241378,0.05241379310344828,0.041379310344827586
0,1,0,0,0,0,0,0,0,0,0,0,0,0,0,0,0,0,0,0,0,0,0,0,0,0,0,0,0,0,0,0,0,0,0,0,0,0,0,0,0,0,0,0,0,0,0,0,0,0,0,0,0.024271844660194174,0.038834951456310676,0.043689320388349516,0.024271844660194174,0.05825242718446602,0.024271844660194174,0.05339805825242718,0.043689320388349516,0.038834951456310676,0.02912621359223301,0.038834951456310676,0.02912621359223301,0.043689320388349516,0.05825242718446602,0.03398058252427184,0.06310679611650485,0.038834951456310676,0.038834951456310676,0.043689320388349516,0.043689320388349516,0.043689320388349516,0.038834951456310676,0.038834951456310676,0.038834951456310676,0.02912621359223301
1,0,0,0,0,0,0,0,0,0,0,0,0,0,0,0,0,0,0,0,0,0,0,0,0,0,0,0,0,0,0,0,0,0,0,0,0,0,0,0,0,0,0,0,0,0,0,0,0,0,0,0,0.032196969696969696,0.03598484848484849,0.01893939393939394,0.03409090909090909,0.01893939393939394,0.032196969696969696,0.04734848484848485,0.054924242424242424,0.045454545454545456,0.041666666666666664,0.01893939393939394,0.032196969696969696,0.06060606060606061,0.03977272727272727,0.05113636363636364,0.043560606060606064,0.041666666666666664,0.07196969696969698,0.054924242424242424,0.05303030303030303,0.026515151515151516,0.05113636363636364,0.026515151515151516,0.03598484848484849,0.030303030303030304
0,1,0,0,0,0,0,0,0,0,0,0,0,0,0,0,0,0,0,0,0,0,0,0,0,0,0,0,0,0,0,0,0,0,0,0,1,0,0,0,0,0,0,0,0,0,0,0,0,0,0,0,0.03523489932885906,0.025167785234899327,0.050335570469798654,0.020134228187919462,0.0436241610738255,0.04194630872483222,0.050335570469798654,0.05536912751677853,0.04865771812080537,0.04865771812080537,0.03523489932885906,0.04194630872483222,0.0587248322147651,0.06375838926174497,0.03355704697986577,0.04697986577181208,0.04697986577181208,0.0,0.05201342281879195,0.025167785234899327,0.0436241610738255,0.030201342281879196,0.03691275167785235,0.03523489932885906,0.030201342281879196
1,0,0,0,0,0,0,0,0,0,0,0,0,0,0,0,0,0,0,0,0,0,0,0,0,0,0,0,0,0,0,0,0,0,0,0,1,0,0,1,0,0,0,0,0,0,0,0,0,0,0,0,0.018739352640545145,0.04088586030664395,0.030664395229982964,0.044293015332197615,0.04599659284497445,0.028960817717206135,0.04258943781942078,0.039182282793867124,0.056218057921635436,0.03747870528109029,0.04258943781942078,0.05281090289608177,0.054514480408858604,0.08347529812606473,0.04088586030664395,0.039182282793867124,0.06473594548551959,0.0,0.0,0.04258943781942078,0.04258943781942078,0.039182282793867124,0.027257240204429302,0.04599659284497445,0.039182282793867124
0,1,0,0,0,0,0,0,0,0,0,0,0,0,0,0,0,0,0,0,0,0,0,0,0,0,0,0,1,0,0,0,0,0,0,0,1,0,0,1,0,0,0,0,0,0,0,0,0,0,0,0,0.028192371475953566,0.03814262023217247,0.04809286898839138,0.024875621890547265,0.07628524046434494,0.04311774461028192,0.03482587064676617,0.05472636815920398,0.06301824212271974,0.04809286898839138,0.03316749585406302,0.03482587064676617,0.05970149253731343,0.0,0.04809286898839138,0.07296849087893864,0.05970149253731343,0.0,0.0,0.04145936981757877,0.04311774461028192,0.03316749585406302,0.04311774461028192,0.029850746268656716,0.04145936981757877
1,0,0,0,0,0,0,0,0,0,0,0,0,0,0,1,0,0,0,0,0,0,0,0,0,0,0,0,1,0,0,0,0,0,0,0,1,0,0,1,0,0,0,0,0,0,0,0,0,0,0,0,0.03460837887067395,0.051001821493624776,0.051001821493624776,0.04371584699453552,0.04553734061930783,0.023679417122040074,0.0,0.023679417122040074,0.04007285974499089,0.06375227686703097,0.04189435336976321,0.06557377049180328,0.025500910746812388,0.0,0.04735883424408015,0.06375227686703097,0.06739526411657559,0.0,0.0,0.03825136612021858,0.08378870673952642,0.052823315118397086,0.052823315118397086,0.04918032786885246,0.03460837887067395
0,1,0,0,0,0,0,0,0,0,0,0,0,0,0,1,0,0,0,0,0,0,0,0,0,0,0,0,1,0,0,0,0,0,0,0,1,0,0,1,0,0,1,0,0,0,0,0,0,0,0,0,0.04361873990306947,0.04361873990306947,0.05492730210016155,0.048465266558966075,0.03715670436187399,0.03715670436187399,0.0,0.05977382875605816,0.045234248788368334,0.033925686591276254,0.033925686591276254,0.07108239095315025,0.04038772213247173,0.0,0.10016155088852989,0.030694668820678513,0.051696284329563816,0.0,0.0,0.04361873990306947,0.0,0.05492730210016155,0.048465266558966075,0.05654281098546042,0.06462035541195477
1,0,0,0,0,0,0,0,0,0,0,0,0,0,0,1,0,0,0,0,0,0,0,0,0,0,0,0,1,0,0,0,0,0,0,0,1,0,0,1,0,0,1,0,0,0,0,0,0,0,0,1,0.05226480836236934,0.04006968641114982,0.036585365853658534,0.036585365853658534,0.078397212543554,0.05226480836236934,0.0,0.059233449477351915,0.04529616724738676,0.05226480836236934,0.05226480836236934,0.04006968641114982,0.041811846689895474,0.0,0.07491289198606271,0.05400696864111498,0.06097560975609756,0.0,0.0,0.05574912891986063,0.0,0.07491289198606271,0.05574912891986063,0.036585365853658534,0.0
0,1,0,0,0,0,0,0,0,0,1,0,0,0,0,1,0,0,0,0,0,0,0,0,0,0,0,0,1,0,0,0,0,0,0,0,1,0,0,1,0,0,1,0,0,0,0,0,0,0,0,1,0.046849757673667204,0.05331179321486268,0.06946688206785137,0.04361873990306947,0.0,0.06623586429725363,0.0,0.04361873990306947,0.0630048465266559,0.0420032310177706,0.046849757673667204,0.05331179321486268,0.046849757673667204,0.0,0.05977382875605816,0.0420032310177706,0.13408723747980614,0.0,0.0,0.07269789983844911,0.0,0.03877221324717286,0.03877221324717286,0.03877221324717286,0.0
