1,0,0,0,0,0,0,0,0,0,0.0306,0.0341,0.0991,0.0309,0.5978,0.0345,0.1016,0.0518,0.0196
2,0,0,0,0,1,0,0,0,0,0.12311447706077486,0.1168554797521437,0.1336921825123615,0.13131376353508167,0.0,0.13456844213556987,0.12724541528447142,0.1189835388370783,0.11422670088251861
1,0,0,0,0,1,2,0,0,0,0.007078771915383982,0.006502592805992263,0.9294592147501852,0.007737262326117376,0.0,0.0,0.00938348835295086,0.023952588690427195,0.015886081158943122
2,0,0,1,0,1,2,0,0,0,0.1860410502090085,0.1868395096519656,0.0,0.20980696068761448,0.0,0.0,0.2128129256493354,0.102249776901038,0.102249776901038
1,0,0,1,0,1,2,2,0,0,0.28045423262216107,0.2737095664143152,0.0,0.43867859600825876,0.0,0.0,0.0,0.003509979353062629,0.00364762560220234
2,0,0,0,0,0,0,0,0,0,0.0216,0.0481,0.0909,0.029,0.6246,0.0418,0.0929,0.0268,0.0243
1,0,0,0,0,2,0,0,0,0,0.12631578947368421,0.13394890735610956,0.13130193905817175,0.12102185287780856,0.0,0.10532471529701447,0.13770390889504464,0.13277931671283472,0.1116035703293321
2,0,0,0,0,2,0,1,0,0,0.0054756456358287025,0.008172605426610004,0.007355344883949003,0.006047728015691403,0.0,0.021003595946387708,0.0,0.931350114416476,0.020594965675057208
1,0,0,0,0,2,0,1,2,0,0.1857443327880346,0.20953493806964243,0.21182519280205656,0.18733348913297498,0.0,0.10278102360364572,0.0,0.0,0.10278102360364572
2,0,0,1,0,2,0,1,2,0,0.27967792994288077,0.43376230128690385,0.0,0.2796091115546074,0.0,0.0033721010253939853,0.0,0.0,0.003578556190214025
1,0,0,0,0,0,0,0,0,0,0.0254,0.0571,0.0922,0.0424,0.568,0.0326,0.1108,0.051,0.0205
2,0,0,0,0,1,0,0,0,0,0.12137253651380828,0.12539064991389756,0.1367434147585943,0.13253396262516742,0.0,0.13106703233624595,0.1289623062695325,0.10970087378021558,0.11422922380253843
1,0,0,2,0,1,0,0,0,0,0.008399901177633205,0.005846990035411348,0.0,0.009635180762579264,0.0,0.9290949518240962,0.0072469735650168825,0.018364489829531417,0.021411512805731697
2,0,0,2,0,1,1,0,0,0,0.18683332550162116,0.18758516986983695,0.0,0.2082608899957709,0.0,0.0,0.21281894647807903,0.10225083407734599,0.10225083407734599
1,0,0,2,0,1,1,2,0,0,0.2753992290748899,0.28063050660792954,0.0,0.4366051762114537,0.0,0.0,0.0,0.00378579295154185,0.003579295154185022
2,0,0,0,0,0,0,0,0,0,0.0233,0.0426,0.082,0.034,0.6189,0.048,0.0886,0.0407,0.0219
1,0,0,0,0,2,0,0,0,0,0.11817395601680257,0.1310229799851742,0.1287373362984927,0.1266370150728935,0.0,0.11489992587101557,0.13250555967383246,0.132196688905362,0.11582653817642698
2,0,0,0,0,2,0,1,0,0,0.007740447957839262,0.009552042160737812,0.00485836627140975,0.0066699604743083,0.0,0.016469038208168644,0.0,0.9352766798418972,0.019433465085639
1,0,0,0,0,2,0,1,2,0,0.1858875310202744,0.2125766727536639,0.20957999719061665,0.1874326918574706,0.0,0.10226155358898721,0.0,0.0,0.10226155358898721
2,0,1,0,0,2,0,1,2,0,0.2795928193135704,0.0,0.43366118715179863,0.2795928193135704,0.0,0.00364536763188665,0.0,0.0,0.0035078065891739458
2,0,0,0,0,0,0,0,0,0,0.0248,0.0326,0.088,0.0428,0.5593,0.0604,0.127,0.0498,0.0153
1,0,0,0,0,2,0,0,0,0,0.11364802462801436,0.13808363263211904,0.1392380708055413,0.0999871729091842,0.0,0.11736788096459723,0.1344279117496152,0.1383401744484351,0.11890713186249359
2,0,0,1,0,2,0,0,0,0,0.019967132292522595,0.933935907970419,0.0,0.018816762530813477,0.0,0.006655710764174199,0.006737880032867708,0.007888249794576828,0.00599835661462613
1,0,2,1,0,2,0,0,0,0,0.10236367891411187,0.0,0.0,0.10236367891411187,0.0,0.1860051486075357,0.21198221390124034,0.20973554879475778,0.18754973086824245
2,0,2,1,0,2,0,1,0,0,0.0035104625550660793,0.0,0.0,0.003579295154185022,0.0,0.2791850220264317,0.0,0.43756883259911894,0.27615638766519823
1,0,0,0,0,0,0,0,0,0,0.0245,0.0572,0.0892,0.0399,0.5847,0.032,0.1063,0.0398,0.0264
2,0,0,0,0,1,0,0,0,0,0.12021961378265808,0.1199671841474189,0.13391392149438344,0.1342294585384324,0.0,0.13246245109175817,0.1253313138962514,0.12204972863814212,0.11182632841095545
1,0,0,0,2,1,0,0,0,0,0.01764802902853373,0.025647369289130792,0.006514926603991424,0.0,0.0,0.007587003133762164,0.9283358073560943,0.005855187201055583,0.008411677387431964
2,0,0,0,2,1,0,1,0,0,0.10279450508091834,0.10279450508091834,0.21071697403086187,0.0,0.0,0.21071697403086187,0.0,0.1868648852088822,0.1861121565675574
1,0,0,2,2,1,0,1,0,0,0.003315375051802735,0.003384445365381959,0.0,0.0,0.0,0.4354192568034259,0.0,0.273932863655201,0.2839480591241884
2,0,0,0,0,0,0,0,0,0,0.0226,0.0288,0.0777,0.0321,0.5786,0.0352,0.1701,0.0358,0.0191
1,0,0,0,0,2,0,0,0,0,0.10845739626227431,0.13867595818815331,0.13392461197339245,0.12296484003801077,0.0,0.12562559391827685,0.1291732657586316,0.13392461197339245,0.10725372188786823
2,0,1,0,0,2,0,0,0,0,0.019609451919921233,0.0,0.9232031506399737,0.026173285198555957,0.0,0.006974072858549393,0.008204791598293404,0.009107318674105677,0.006727929110600591
1,0,1,2,0,2,0,0,0,0,0.10248929462142958,0.0,0.0,0.10248929462142958,0.0,0.18799115335748906,0.20874311797091902,0.20949602371653098,0.18879111571220178
2,0,1,2,0,2,0,0,1,0,0.0035291675316587085,0.0,0.0,0.0031139713514635667,0.0,0.28205660507923325,0.4347104006643139,0.0,0.2765898553733306
1,0,0,0,0,0,0,0,0,0,0.0237,0.0537,0.1182,0.0268,0.5992,0.0482,0.069,0.0416,0.0196
2,0,0,0,0,1,0,0,0,0,0.11881683446938904,0.12513288724907762,0.1340128822462635,0.12863485710712275,0.0,0.12838471640297666,0.1348883747107748,0.10831092489525358,0.12181852291914201
1,0,0,0,0,1,0,2,0,0,0.02056597564988483,0.021470878578479763,0.00839091806515301,0.9298288910825929,0.0,0.007239223428759461,0.0,0.005676209279368213,0.006827903915761764
2,0,0,0,1,1,0,2,0,0,0.1025725284010891,0.1025725284010891,0.21096610646887617,0.0,0.0,0.2094639001032767,0.0,0.18721246831283447,0.18721246831283447
1,0,0,2,1,1,0,2,0,0,0.003518940178016974,0.0033809425239770922,0.0,0.0,0.0,0.43517560201476574,0.0,0.2806182294900987,0.27730628579314154
1,0,0,0,0,0,0,0,0,0,0.0349,0.0399,0.0914,0.0345,0.5905,0.0245,0.101,0.0587,0.0246
2,0,0,0,0,1,0,0,0,0,0.12594315895372232,0.11097837022132796,0.13424295774647887,0.1295271629778672,0.0,0.1392102615694165,0.13537474849094566,0.10946931589537223,0.11525402414486921
1,0,0,0,0,1,2,0,0,0,0.009416195856873822,0.006386637189879637,0.9324490297224269,0.007123556865634979,0.0,0.0,0.008679276181118481,0.01719479243429133,0.01875051174977483
2,0,0,1,0,1,2,0,0,0,0.1865619301444803,0.1865619301444803,0.0,0.21181091317155282,0.0,0.0,0.20956655912470193,0.10277271239538037,0.1027259550194043
1,0,0,1,2,1,2,0,0,0,0.28308899442494323,0.276412691857664,0.0,0.0,0.0,0.0,0.4338908390116319,0.003510220937435474,0.003097253768325418
1,0,0,0,0,0,0,0,0,0,0.0288,0.0305,0.1231,0.0378,0.5089,0.0377,0.1493,0.0596,0.0243
2,0,0,0,0,1,0,0,0,0,0.11751060445387063,0.11784199363732768,0.12778366914103922,0.1372613997879109,0.0,0.1415694591728526,0.13182661717921526,0.125,0.10120625662778367
1,0,0,0,0,1,2,0,0,0,0.008323032550473836,0.008240626287597858,0.9398434281005357,0.008570251339101772,0.0,0.0,0.007169344870210136,0.013185002060156572,0.014668314791924186
2,0,0,1,0,1,2,0,0,0,0.18664735563446086,0.18664735563446086,0.0,0.21178284432816297,0.0,0.0,0.21028779667351896,0.10231732386469819,0.10231732386469819
1,0,0,1,2,1,2,0,0,0,0.2828929259565098,0.27621800165152766,0.0,0.0,0.0,0.0,0.433663638865951,0.0035783099366914397,0.0036471235893201213
2,0,0,0,0,0,0,0,0,0,0.0284,0.0348,0.0542,0.0459,0.6741,0.0474,0.0543,0.0346,0.0263
1,0,0,0,0,2,0,0,0,0,0.13064516129032258,0.1345878136200717,0.13148148148148148,0.11881720430107527,0.0,0.1015531660692951,0.13088410991636798,0.12801672640382317,0.12401433691756272
2,0,1,0,0,2,0,0,0,0,0.018772445315050602,0.0,0.9334802481227554,0.01999673522690173,0.0,0.00603983023179889,0.007753836108390467,0.008161932745674175,0.005794972249428665
1,0,1,2,0,2,0,0,0,0,0.1033774958014555,0.0,0.0,0.1033774958014555,0.0,0.18814144429930957,0.21118678857995896,0.20815450643776823,0.18576226908005225
2,0,1,2,0,2,0,1,0,0,0.0036486300426820874,0.0,0.0,0.003510945890128046,0.0,0.27832851438799394,0.0,0.436183395291202,0.27832851438799394
2,0,0,0,0,0,0,0,0,0,0.0258,0.0275,0.0629,0.0417,0.6791,0.0325,0.076,0.0262,0.0283
1,0,0,0,0,2,0,0,0,0,0.11405598570577725,0.13305539011316259,0.13049434187016082,0.1264443120905301,0.0,0.12185824895771293,0.12733770101250744,0.13335318642048838,0.11340083382966051
2,0,0,0,0,2,0,0,1,0,0.006455303154110149,0.008252982513482596,0.006782153946723321,0.008252982513482596,0.0,0.019937898349403498,0.9365092335348913,0.0,0.01380944598790652
1,0,0,0,0,2,0,2,1,0,0.18662628145386767,0.21174277726001864,0.20950605778191986,0.1873718546132339,0.0,0.10237651444547996,0.0,0.0,0.10237651444547996
2,0,1,0,0,2,0,2,1,0,0.2806848655710651,0.0,0.4348483806642371,0.277315546998556,0.0,0.0035756033830708933,0.0,0.0,0.0035756033830708933
1,0,0,0,0,0,0,0,0,0,0.0193,0.0422,0.1098,0.0413,0.5242,0.0264,0.1737,0.0301,0.033
2,0,0,0,0,1,0,0,0,0,0.10747326290925792,0.1319467226559937,0.130765697788859,0.13260284758217963,0.0,0.13135621022242636,0.13378387244931436,0.1246637359753297,0.10740765041663933
1,0,0,0,0,1,0,2,0,0,0.027330121282605084,0.022761256022595114,0.008722379132746304,0.9210832364180096,0.0,0.007725535803289583,0.0,0.006894833028742316,0.005482638312011962
2,0,0,0,1,1,0,2,0,0,0.10224308815858112,0.10224308815858112,0.21027173139849195,0.0,0.0,0.21325935410442454,0.0,0.1871769336558069,0.18480580452411438
1,0,0,0,1,1,2,2,0,0,0.003794150110375276,0.00358719646799117,0.43874172185430466,0.0,0.0,0.0,0.0,0.2735237306843267,0.2803532008830022
1,0,0,0,0,0,0,0,0,0,0.0257,0.0458,0.1189,0.0477,0.5784,0.0277,0.0951,0.0353,0.0254
2,0,0,0,0,1,0,0,0,0,0.11594753849078122,0.11955901919787112,0.13989735791674587,0.13514540961794336,0.0,0.12975986821263386,0.13514540961794336,0.11379332192865742,0.1107520750174238
1,0,0,2,0,1,0,0,0,0,0.006389776357827476,0.00679937740640616,0.0,0.005980175309248791,0.0,0.9347095928565577,0.007536659293847792,0.0193331694929139,0.019251249283198164
2,0,0,2,0,1,1,0,0,0,0.18688402073894156,0.1884721378859358,0.0,0.2098650100425055,0.0,0.0,0.2098183007146527,0.1024802653089822,0.1024802653089822
1,0,0,2,0,1,1,2,0,0,0.2807259678421089,0.28065695949209857,0.0,0.431440204264716,0.0,0.0,0.0,0.0036574425505486166,0.003519425850527914
1,0,0,0,0,0,0,0,0,0,0.0246,0.0406,0.132,0.0309,0.5594,0.0291,0.1171,0.0378,0.0285
2,0,0,0,0,1,0,0,0,0,0.10786891553902392,0.12313217469377284,0.13005835952029757,0.1330084012056692,0.0,0.13211056243186045,0.1318540370679151,0.12005387032642853,0.12191367921503239
1,0,0,0,2,1,0,0,0,0,0.018802286092934647,0.01755984428062619,0.008697092686159199,0.0,0.0,0.005880891244926696,0.9354758552141141,0.007123333057235153,0.006460697424003976
2,0,0,0,2,1,0,1,0,0,0.10285070210867421,0.10285070210867421,0.20992814539989668,0.0,0.0,0.20992814539989668,0.0,0.18682196026863288,0.18762034471422534
1,0,0,2,2,1,0,1,0,0,0.00352477710968277,0.003386550556361877,0.0,0.0,0.0,0.4316124127444882,0.0,0.28073812979473356,0.28073812979473356
1,0,0,0,0,0,0,0,0,0,0.032,0.0498,0.1316,0.0418,0.5367,0.0374,0.1113,0.0405,0.0189
2,0,0,0,0,1,0,0,0,0,0.11336717428087986,0.11824808017701419,0.13315111284654432,0.13191461668619028,0.0,0.1297670180918912,0.1361447351295067,0.12221788363920344,0.11518937914877002
1,0,0,0,0,1,0,2,0,0,0.01645852286824911,0.02026300554131172,0.00793978992639153,0.9316020180299396,0.0,0.007691671491191795,0.0,0.008022496071458109,0.008022496071458109
2,0,0,0,1,1,0,2,0,0,0.10290175422094719,0.10290175422094719,0.2093307623571462,0.0,0.0,0.2093307623571462,0.0,0.188543479283262,0.1869914875605512
1,0,0,2,1,1,0,2,0,0,0.0035294117647058825,0.0036678200692041524,0.0,0.0,0.0,0.43529411764705883,0.0,0.2804152249134948,0.27709342560553635
1,0,0,0,0,0,0,0,0,0,0.0275,0.06,0.0971,0.0258,0.5945,0.0354,0.0889,0.0456,0.0252
2,0,0,0,0,1,0,0,0,0,0.12907676869041645,0.11076266934269945,0.1371048670346212,0.13829653788258905,0.0,0.13327897641746111,0.13233818364274963,0.10348720521826392,0.1156547917711992
1,0,0,0,2,1,0,0,0,0,0.015650606358570962,0.019583743035070468,0.005817764667322189,0.0,0.0,0.007456571615863651,0.9340380203212062,0.010242543428384137,0.007210750573582432
2,0,0,0,2,1,0,1,0,0,0.10267314702308628,0.10267314702308628,0.21240302832040378,0.0,0.0,0.20866436115524814,0.0,0.18716702495560333,0.1864192915225722
1,0,0,2,2,1,0,1,0,0,0.003644114411441144,0.003644114411441144,0.0,0.0,0.0,0.4360561056105611,0.0,0.27832783278327833,0.27832783278327833
1,0,0,0,0,0,0,0,0,0,0.0245,0.0502,0.1079,0.0366,0.6052,0.0301,0.0726,0.0561,0.0168
2,0,0,0,0,1,0,0,0,0,0.11108342159367017,0.12890162606691172,0.13276431374992212,0.13656470001869042,0.0,0.13506946607687995,0.12952464020933274,0.11619213756152265,0.10989969472307021
1,0,0,0,2,1,0,0,0,0,0.01878434910999918,0.020835042244278568,0.007464523008776967,0.0,0.0,0.008530883438602248,0.9323271265687803,0.0050036912476417025,0.00705438438192109
2,0,0,0,2,1,0,1,0,0,0.10255090100631875,0.10250409548326703,0.20926749356424057,0.0,0.0,0.20926749356424057,0.0,0.1885794523753803,0.18783056400655276
1,0,0,2,2,1,0,1,0,0,0.0033863165169315825,0.00331720801658604,0.0,0.0,0.0,0.43662750518313753,0.0,0.2749827228749136,0.28168624740843123
1,0,0,0,0,0,0,0,0,0,0.0225,0.0315,0.072,0.0284,0.6709,0.0345,0.0919,0.0267,0.0216
2,0,0,0,0,1,0,0,0,0,0.10641608810150827,0.11611204213550395,0.135264543931051,0.13466602824994015,0.0,0.1344266219774958,0.13496528609049557,0.12227675365094566,0.11587263586305961
1,0,0,2,0,1,0,0,0,0,0.006281099600293662,0.005139081491149359,0.0,0.00905457215107268,0.0,0.939146749327025,0.007667835875683171,0.014683089974712456,0.018027571580063628
2,0,0,2,0,1,1,0,0,0,0.18677947192264782,0.18756972852361473,0.0,0.20978988471550764,0.0,0.0,0.2097433990330978,0.10305875790256601,0.10305875790256601
1,0,0,2,0,1,1,2,0,0,0.27861622217628007,0.28192405761146716,0.0,0.4327751361036455,0.0,0.0,0.0,0.003376748673420164,0.0033078354351870993
2,0,0,0,0,0,0,0,0,0,0.0238,0.0408,0.123,0.054,0.5069,0.0504,0.1467,0.0269,0.0275
1,0,0,0,0,2,0,0,0,0,0.11474648261215821,0.13319617732943986,0.13837271037961243,0.11408282452880276,0.0,0.11129546057870984,0.1410937085213698,0.13651446774621714,0.11069816830368993
2,0,0,0,0,2,0,1,0,0,0.009237113402061856,0.00841237113402062,0.006432989690721649,0.008,0.0,0.02202061855670103,0.0,0.9231340206185566,0.022762886597938143
1,0,0,0,0,2,0,1,2,0,0.1867685919214798,0.2113533408833522,0.20908833522083806,0.18752359380898453,0.0,0.10263306908267271,0.0,0.0,0.10263306908267271
2,0,1,0,0,2,0,1,2,0,0.27614311368973615,0.0,0.4340378505318414,0.28277386379334163,0.0,0.003384445365381959,0.0,0.0,0.0036607266196988534
1,0,0,0,0,0,0,0,0,0,0.0316,0.042,0.2166,0.0472,0.4239,0.0568,0.0868,0.0686,0.0265
2,0,0,0,0,1,0,0,0,0,0.12080348363534205,0.11272650653181626,0.1430678466076696,0.13646579575783116,0.0,0.14187385868801797,0.13105773282764432,0.09572973732265767,0.11827503862902093
1,0,0,2,0,1,0,0,0,0,0.007228315054835494,0.006895978730475241,0.0,0.008889996676636756,0.0,0.9348620804253905,0.007643735460285809,0.01794616151545364,0.016533732136922566
2,0,0,2,0,1,1,0,0,0,0.18775587031198532,0.18770881370288456,0.0,0.2092136840619265,0.0,0.0,0.21071949555315045,0.10230106818502659,0.10230106818502659
1,0,0,2,0,1,1,2,0,0,0.278441666091041,0.28175727015265595,0.0,0.43282448020998826,0.0,0.0,0.0,0.0036609794846998688,0.0033156040616149755
2,0,0,0,0,0,0,0,0,0,0.025,0.0545,0.1212,0.0518,0.5397,0.0604,0.0989,0.0293,0.0192
1,0,0,0,0,2,0,0,0,0,0.12282411015848273,0.13471031436736816,0.13594440114315406,0.11262665627435697,0.0,0.10457261626396466,0.13354117952714992,0.13139776565341646,0.12438295661210703
2,0,0,1,0,2,0,0,0,0,0.016705259675818724,0.9302844856103208,0.0,0.02514058881905392,0.0,0.006533245120740986,0.006037049288785974,0.007608336089976844,0.007691035395302679
1,0,2,1,0,2,0,0,0,0,0.10278614457831325,0.0,0.0,0.10278614457831325,0.0,0.18688817771084337,0.20919615963855423,0.21145519578313254,0.18688817771084337
2,0,2,1,0,2,0,0,1,0,0.0033811758211426996,0.0,0.0,0.0033121722329561135,0.0,0.27718741374551475,0.43900082804305823,0.0,0.2771184101573282
1,0,0,0,0,0,0,0,0,0,0.0238,0.0612,0.1562,0.032,0.4712,0.0472,0.1417,0.0395,0.0272
2,0,0,0,0,1,0,0,0,0,0.10495547549452791,0.12820338522194277,0.1371762626605941,0.13221398953164298,0.0,0.12881517232003262,0.13629257018557542,0.12534837876419005,0.10699476582149411
1,0,0,2,0,1,0,0,0,0,0.006740451027710743,0.009153698926520763,0.0,0.006574020138137638,0.0,0.9298493800449363,0.008487975368228344,0.021136722975784304,0.01805775151868187
2,0,0,2,0,1,1,0,0,0,0.1869834222830964,0.187786331648798,0.0,0.20852028526897465,0.0,0.0,0.212298682284041,0.10220563925754499,0.10220563925754499
1,0,0,2,0,1,1,2,0,0,0.2809438388298606,0.2788050227680419,0.0,0.4331447495515386,0.0,0.0,0.0,0.003587691458534566,0.0035186973920242857
2,0,0,0,0,0,0,0,0,0,0.0244,0.0447,0.167,0.0404,0.545,0.026,0.0885,0.0325,0.0315
1,0,0,0,0,2,0,0,0,0,0.1273221567739012,0.12790471875202278,0.1315295488381125,0.11547672988542948,0.0,0.12790471875202278,0.1315295488381125,0.13211211081623406,0.10622046734416467
2,0,0,0,0,2,0,0,1,0,0.007308970099667774,0.007558139534883721,0.009136212624584718,0.008056478405315615,0.0,0.018770764119601328,0.9338039867109634,0.0,0.015365448504983389
1,0,0,0,0,2,0,2,1,0,0.18609358817437152,0.2107146219753319,0.20920817248846624,0.1884474154975991,0.0,0.10276810093211562,0.0,0.0,0.10276810093211562
2,0,1,0,0,2,0,2,1,0,0.27682210708117444,0.0,0.43488773747841103,0.2813126079447323,0.0,0.0036614853195164076,0.0,0.0,0.003316062176165803
2,0,0,0,0,0,0,0,0,0,0.0223,0.0427,0.0556,0.0378,0.5889,0.0452,0.1381,0.0455,0.0239
1,0,0,0,0,2,0,0,0,0,0.12424471299093656,0.1324899295065458,0.1324899295065458,0.12336354481369587,0.0,0.11033484390735146,0.13072759315206445,0.13450402819738166,0.11184541792547835
2,0,0,0,0,2,0,0,1,0,0.008157547791694133,0.00873434410019776,0.007663150955833883,0.007992748846407383,0.0,0.01944627554383652,0.9281476598549769,0.0,0.019858272907053394
1,0,0,0,0,2,0,2,1,0,0.18685039740394113,0.20918967220053614,0.21149414475850067,0.18685039740394113,0.0,0.10280769411654046,0.0,0.0,0.10280769411654046
2,0,0,1,0,2,0,2,1,0,0.2806291390728477,0.43515452538631344,0.0,0.27724889624724064,0.0,0.0036561810154525387,0.0,0.0,0.0033112582781456954
1,0,0,0,0,0,0,0,0,0,0.0267,0.0449,0.0736,0.0412,0.6096,0.0312,0.0906,0.0484,0.0338
2,0,0,0,0,1,0,0,0,0,0.116309412861137,0.11835973904939422,0.134762348555452,0.13010251630941286,0.0,0.13041317179248213,0.1292326809568189,0.12134203168685927,0.11947809878844362
1,0,0,2,0,1,0,0,0,0,0.007560815253122946,0.006328073635765943,0.0,0.008957922419460881,0.0,0.9267751479289941,0.008793556870479948,0.018162393162393164,0.02342209072978304
2,0,0,2,0,1,1,0,0,0,0.18631321677006957,0.18556119571347998,0.0,0.21159992479789433,0.0,0.0,0.21159992479789433,0.10246286896033088,0.10246286896033088
1,0,0,2,2,1,1,0,0,0,0.2772222605337563,0.28053237707744294,0.0,0.0,0.0,0.0,0.43507344321081304,0.0037928418729742774,0.0033790773050134475
2,0,0,0,0,0,0,0,0,0,0.0158,0.0303,0.1073,0.049,0.6038,0.0402,0.0822,0.0446,0.0268
1,0,0,0,0,2,0,0,0,0,0.12483631601920558,0.1340649747459001,0.12901415476710107,0.11411111803953358,0.0,0.11591943630354805,0.12726819230529401,0.13375319573486313,0.12103261208455447
2,0,1,0,0,2,0,0,0,0,0.015556835953576426,0.0,0.9429582681702198,0.013416742118692896,0.0,0.006420281504650589,0.007572639723434028,0.007984196230142399,0.006091036299283891
1,0,1,2,0,2,0,0,0,0,0.10281985551153577,0.0,0.0,0.10281985551153577,0.0,0.18806804940573293,0.2087625262176649,0.21025402004194826,0.1872756933115824
2,0,1,2,0,2,0,0,1,0,0.003583735354927636,0.0,0.0,0.0033769813921433493,0.0,0.282908339076499,0.4338387319090283,0.0,0.2762922122674018
2,0,0,0,0,0,0,0,0,0,0.025,0.0363,0.1178,0.0493,0.5334,0.0502,0.1245,0.0338,0.0297
1,0,0,0,0,2,0,0,0,0,0.12169829778908237,0.12685058370834149,0.12952455488162787,0.12378529968042784,0.0,0.12195917302550055,0.1256114263353551,0.1310245874910324,0.11954607708863237
2,0,0,0,0,2,0,0,1,0,0.007161892071952032,0.007661558960692871,0.008244503664223852,0.0043304463690872754,0.0,0.019736842105263157,0.9387908061292471,0.0,0.014073950699533645
1,0,0,0,0,2,0,2,1,0,0.18672433245581047,0.21206280556600227,0.2082549830763445,0.18752350507709664,0.0,0.10271718691237307,0.0,0.0,0.10271718691237307
2,0,1,0,0,2,0,2,1,0,0.28146106133700893,0.0,0.43838731909028256,0.27332873880082703,0.0,0.0033080634045485873,0.0,0.0,0.0035148173673328737
2,0,0,0,0,0,0,0,0,0,0.0326,0.0309,0.1343,0.052,0.5662,0.054,0.0619,0.034,0.0341
1,0,0,0,0,2,0,0,0,0,0.12585403230955877,0.1350488474554626,0.13057914564842601,0.12049039014111487,0.0,0.11927718536491923,0.1267479726709661,0.13115382159504502,0.11084860481450738
2,0,1,0,0,2,0,0,0,0,0.02038963183093941,0.0,0.9371801221726928,0.01494139012712564,0.0,0.006521380221231633,0.006026085520884927,0.008420009905894007,0.006521380221231633
1,0,1,2,0,2,0,0,0,0,0.10261333832896216,0.0,0.0,0.10261333832896216,0.0,0.18644623454477333,0.21168977144998127,0.20944173847883102,0.18719557886849006
2,0,1,2,0,2,0,1,0,0,0.003788139679041256,0.0,0.0,0.0035815138783662787,0.0,0.2804600867828363,0.0,0.4331565534816447,0.27901370617811144
2,0,0,0,0,0,0,0,0,0,0.0228,0.0358,0.1012,0.0473,0.5886,0.0562,0.1021,0.0267,0.0193
1,0,0,0,0,2,0,0,0,0,0.12722694365753856,0.1299338999055713,0.1316965690903368,0.10380862448851118,0.0,0.1206798866855524,0.1313188542650299,0.13465533522190745,0.1206798866855524
2,0,0,0,0,2,0,0,1,0,0.005519855000823859,0.006755643433844126,0.007085187015982864,0.005437469105289174,0.0,0.020926017465809854,0.9387048937221948,0.0,0.015570934256055362
1,0,0,0,0,2,0,2,1,0,0.18908054036367036,0.2111905763567522,0.20819894357967558,0.18679007151872107,0.0,0.10236993409059038,0.0,0.0,0.10236993409059038
2,0,1,0,0,2,0,2,1,0,0.2806364951436247,0.0,0.4350761176551629,0.27733002686505476,0.0,0.0035820073017841154,0.0,0.0,0.003375353034373493
2,0,0,0,0,0,0,0,0,0,0.0252,0.0328,0.1393,0.0686,0.4732,0.0418,0.1498,0.0426,0.0267
1,0,0,0,0,2,0,0,0,0,0.11893286267055869,0.13441042699069988,0.13284909374787862,0.10888602267327405,0.0,0.12300590591270111,0.13441042699069988,0.12544973185798655,0.12205552915620121
2,0,1,0,0,2,0,0,0,0,0.023123799983304116,0.0,0.9288755321813174,0.021036814425244178,0.0,0.0065948743634694044,0.006928792052758995,0.007262709742048585,0.0061774772518574175
1,0,1,2,0,2,0,0,0,0,0.10219634573511313,0.0,0.0,0.10214901069771845,0.0,0.18702073274637887,0.20931553535927294,0.2131023383508473,0.1862160371106693
2,0,1,2,0,2,0,0,1,0,0.0036549203503206677,0.0,0.0,0.0037928418729742774,0.0,0.27839459347631196,0.4325218950417213,0.0,0.2816357492586718
2,0,0,0,0,0,0,0,0,0,0.0293,0.0261,0.1292,0.0556,0.4407,0.0482,0.2092,0.0362,0.0255
1,0,0,0,0,2,0,0,0,0,0.11613216715257532,0.13549909759822296,0.13702623906705538,0.0971123143134805,0.0,0.12716923504095515,0.13549909759822296,0.13994169096209913,0.1116201582673886
2,0,0,0,0,2,0,0,1,0,0.007657095297544735,0.007990012484394507,0.008489388264669164,0.007990012484394507,0.0,0.01972534332084894,0.9296712442779859,0.0,0.018476903870162296
1,0,0,0,0,2,0,2,1,0,0.1875383815957296,0.20907931409136002,0.2106381973640701,0.1875383815957296,0.0,0.10260286267655534,0.0,0.0,0.10260286267655534
2,0,0,1,0,2,0,2,1,0,0.28503250795407387,0.42917415963480426,0.0,0.27853091713930006,0.0,0.003596624706045096,0.0,0.0,0.0036657905657767327
1,0,0,0,0,0,0,0,0,0,0.0341,0.0445,0.1717,0.0226,0.5507,0.0374,0.0757,0.0417,0.0216
2,0,0,0,0,1,0,0,0,0,0.11027989165484328,0.11969560170256675,0.1300141880562363,0.12788597962079196,0.0,0.1380110924803302,0.13620533986843802,0.12272668644395718,0.11518122017283632
1,0,0,0,0,1,2,0,0,0,0.007166982453249856,0.006755086909959634,0.9313782024878491,0.00840266908312052,0.0,0.0,0.006755086909959634,0.020512398055853035,0.01902957410000824
2,0,0,1,0,1,2,0,0,0,0.18681060783853556,0.18681060783853556,0.0,0.21356489087068764,0.0,0.0,0.20826097160291013,0.10227646092466557,0.10227646092466557
1,0,0,1,2,1,2,0,0,0,0.2750017183311568,0.2817375764657365,0.0,0.0,0.0,0.0,0.4360437143446285,0.0035741288061035123,0.0036428620523747336
2,0,0,0,0,0,0,0,0,0,0.0203,0.029,0.1129,0.0245,0.606,0.064,0.0742,0.0409,0.0282
1,0,0,0,0,2,0,0,0,0,0.12298399651285884,0.13064325300454574,0.1288996824210723,0.12148950744131017,0.0,0.11557382153309671,0.13126595678435768,0.13388131265956785,0.11526246964319073
2,0,0,0,0,2,0,0,1,0,0.008148818832825746,0.007408017120750679,0.006996460614042308,0.00781957362745905,0.0,0.015145279446868056,0.9363733640628858,0.0,0.018108486295168327
1,0,0,0,0,2,0,2,1,0,0.18671345029239766,0.2097309941520468,0.2112280701754386,0.18666666666666668,0.0,0.10283040935672515,0.0,0.0,0.10283040935672515
2,0,0,1,0,2,0,2,1,0,0.2828992696706628,0.43385696568830096,0.0,0.2762849662394929,0.0,0.003651646685958385,0.0,0.0,0.0033071517155849523
1,0,0,0,0,0,0,0,0,0,0.0247,0.0338,0.1184,0.0422,0.5428,0.0233,0.135,0.0574,0.0224
2,0,0,0,0,1,0,0,0,0,0.1276981914824658,0.11752122901406625,0.13781033253386918,0.13657872561094186,0.0,0.1380696182018539,0.1337914046801063,0.10001944642509886,0.10851105205159785
1,0,0,0,0,1,2,0,0,0,0.006678209250556517,0.007832467639541594,0.9328056723555116,0.0068431033061258145,0.0,0.0,0.00651331519498722,0.0226729326407783,0.01665429961249897
2,0,0,1,0,1,2,0,0,0,0.18875803500211139,0.18796039975601744,0.0,0.20944963168019518,0.0,0.0,0.2086989161544597,0.10256650870360813,0.10256650870360813
1,0,0,1,2,1,2,0,0,0,0.28507225333609904,0.2751158127636037,0.0,0.0,0.0,0.0,0.43289773905828666,0.0033879554725852173,0.0035262393694254304
2,0,0,0,0,0,0,0,0,0,0.0267,0.0406,0.1119,0.0606,0.52,0.0469,0.1225,0.0407,0.0301
1,0,0,0,0,2,0,0,0,0,0.12204750312520561,0.13770642805447728,0.1286926771498125,0.12448187380748733,0.0,0.105204289755905,0.13264030528324233,0.13356141851437595,0.11566550430949404
2,0,1,0,0,2,0,0,0,0,0.017863049950380416,0.0,0.9325173668541185,0.021336420774065498,0.0,0.007194839563347668,0.007608336089976844,0.006202447899437645,0.007277538868673503
1,0,1,2,0,2,0,0,0,0,0.10223266745005875,0.0,0.0,0.10223266745005875,0.0,0.18683901292596944,0.2090246768507638,0.21207990599294946,0.18759106933019976
2,0,1,2,0,2,0,0,1,0,0.0035145751498862933,0.0,0.0,0.0035834883881193575,0.0,0.2772379574116188,0.43504927296533663,0.0,0.2806147060850389
1,0,0,0,0,0,0,0,0,0,0.029,0.0401,0.1021,0.0394,0.597,0.0249,0.1028,0.0432,0.0215
2,0,0,0,0,1,0,0,0,0,0.11710188490199762,0.11616256496962865,0.1278101321310038,0.13551255557642933,0.0,0.1363892541799737,0.1310664412298829,0.1230509111403344,0.11290625587074958
1,0,0,0,0,1,2,0,0,0,0.006734006734006734,0.008212203334154554,0.9310996140264433,0.006323396567299007,0.0,0.0,0.008951301634228463,0.020366264268703294,0.018313213435164656
2,0,0,1,0,1,2,0,0,0,0.1852650325725266,0.18756151286497633,0.0,0.21127618690537564,0.0,0.0,0.21127618690537564,0.1023105403758729,0.1023105403758729
1,0,0,1,2,1,2,0,0,0,0.28289791135313985,0.2761425518715103,0.0,0.0,0.0,0.0,0.4337905838560695,0.003515544220031709,0.0036534086992486385
1,0,0,0,0,0,0,0,0,0,0.0173,0.0483,0.0739,0.0333,0.679,0.0361,0.0649,0.0244,0.0228
2,0,0,0,0,1,0,0,0,0,0.1228780749300137,0.11334802549288224,0.1329441896479838,0.13091905414259336,0.0,0.13633926975996188,0.1329441896479838,0.1136458395377926,0.11698135684078861
1,0,0,0,0,1,2,0,0,0,0.00830078125,0.006429036458333333,0.930419921875,0.008626302083333334,0.0,0.0,0.007731119791666667,0.019449869791666668,0.01904296875
2,0,0,1,0,1,2,0,0,0,0.1866368047779022,0.18901642403882046,0.0,0.20889324374766705,0.0,0.0,0.20968645016797313,0.10288353863381859,0.10288353863381859
1,0,0,1,0,1,2,2,0,0,0.2829641896087767,0.27634030221486233,0.0,0.4340716207824467,0.0,0.0,0.0,0.0033119436969571516,0.0033119436969571516
1,0,0,0,0,0,0,0,0,0,0.0242,0.0391,0.1114,0.0314,0.6139,0.0384,0.0978,0.031,0.0128
2,0,0,0,0,1,0,0,0,0,0.11860205725616557,0.12008923038790432,0.1324203742719048,0.1344652373280456,0.0,0.13167678770603544,0.13273020200768373,0.10639484446647664,0.12362126657578386
1,0,0,0,2,1,0,0,0,0,0.019968773112005917,0.02317363793245131,0.007560193935409647,0.0,0.0,0.007888898019557894,0.9309721423288685,0.0033692168625195167,0.007067137809187279
2,0,0,0,2,1,0,1,0,0,0.10268192048012004,0.10268192048012004,0.21188109527381846,0.0,0.0,0.20883345836459113,0.0,0.18735933983495873,0.1865622655663916
1,0,0,2,2,1,0,1,0,0,0.0035817605730816917,0.0036506405841024935,0.0,0.0,0.0,0.4373880699820912,0.0,0.27600220416035265,0.27937732470037197
2,0,0,0,0,0,0,0,0,0,0.0225,0.0315,0.1397,0.0454,0.5061,0.0445,0.1559,0.0315,0.0229
1,0,0,0,0,2,0,0,0,0,0.11175298804780877,0.13545816733067728,0.1353917662682603,0.11918990703851262,0.0,0.11420982735723771,0.13147410358565736,0.13240371845949536,0.12011952191235059
2,0,0,1,0,2,0,0,0,0,0.018026250207675693,0.9335437780362187,0.0,0.01561721216148862,0.0,0.008722379132746304,0.009137730520019937,0.007642465525834856,0.007310184416015949
1,0,2,1,0,2,0,0,0,0,0.10260394594340067,0.0,0.0,0.10260394594340067,0.0,0.18736168008664125,0.2104346188256345,0.211941422988181,0.18505438621274192
2,0,2,1,0,2,0,0,1,0,0.003586206896551724,0.0,0.0,0.003586206896551724,0.0,0.2815862068965517,0.4363448275862069,0.0,0.2748965517241379
1,0,0,0,0,0,0,0,0,0,0.0255,0.0724,0.1332,0.0225,0.4956,0.0272,0.1583,0.0391,0.0262
2,0,0,0,0,1,0,0,0,0,0.10859244399866265,0.12256770310932798,0.1372785021731862,0.13059177532597793,0.0,0.13440320962888666,0.13574055499832832,0.12316950852557673,0.1076563022400535
1,0,0,2,0,1,0,0,0,0,0.0069697975439761035,0.008878194490540989,0.0,0.007633587786259542,0.0,0.9283106538333886,0.0069697975439761035,0.02049452373050116,0.02074344507135745
2,0,0,2,0,1,1,0,0,0,0.18818143201019494,0.1873790531929957,0.0,0.20970406381271534,0.0,0.0,0.20970406381271534,0.10251569358568934,0.10251569358568934
1,0,0,2,2,1,1,0,0,0,0.27953192078659467,0.28285556017172137,0.0,0.0,0.0,0.0,0.4305497853482897,0.003669851821077413,0.0033928818723168537
2,0,0,0,0,0,0,0,0,0,0.0285,0.0254,0.0883,0.0406,0.6014,0.0419,0.1159,0.0313,0.0267
1,0,0,0,0,2,0,0,0,0,0.12321238993317929,0.13201773558983326,0.13058140261037907,0.11396989945669143,0.0,0.10891150939861363,0.1349528508087179,0.13526509710859927,0.12108911509398614
2,0,0,0,0,2,0,0,1,0,0.009042334566378957,0.006740649404027949,0.007233867653103165,0.00813810110974106,0.0,0.025154130702836005,0.9249486230990547,0.0,0.0187422934648582
1,0,0,0,0,2,0,2,1,0,0.1907674932944332,0.20841372170721378,0.20841372170721378,0.1868617947390711,0.0,0.10277163427603407,0.0,0.0,0.10277163427603407
2,0,1,0,0,2,0,2,1,0,0.27862489603548657,0.0,0.4295120598835597,0.28507069586914335,0.0,0.0033961741059051844,0.0,0.0,0.0033961741059051844
2,0,0,0,0,0,0,0,0,0,0.0154,0.0257,0.1089,0.0343,0.5809,0.0396,0.1419,0.03,0.0233
1,0,0,0,0,2,0,0,0,0,0.11721912955465587,0.13183198380566802,0.1315156882591093,0.12828947368421054,0.0,0.1087424089068826,0.13240131578947367,0.13214827935222673,0.11785172064777327
2,0,0,0,0,2,0,1,0,0,0.008187231227257692,0.007525636784651009,0.00611974859411181,0.005540853456830963,0.0,0.01976513397287463,0.0,0.9350810453192193,0.017780350645054583
1,0,0,0,0,2,0,1,2,0,0.1864732939078194,0.21327325635971087,0.2087205482023843,0.18642635877217686,0.0,0.10255327137895429,0.0,0.0,0.10255327137895429
2,0,1,0,0,2,0,1,2,0,0.2851543697999037,0.0,0.4324417245410163,0.2752526988929382,0.0,0.0035756033830708933,0.0,0.0,0.0035756033830708933
2,0,0,0,0,0,0,0,0,0,0.0283,0.037,0.1151,0.0427,0.6251,0.0496,0.0502,0.0258,0.0262
1,0,0,0,0,2,0,0,0,0,0.11624615384615385,0.1312,0.13673846153846153,0.12184615384615384,0.0,0.12184615384615384,0.13501538461538462,0.13095384615384614,0.10615384615384615
2,0,0,1,0,2,0,0,0,0,0.020047459291383685,0.9289747156533835,0.0,0.022747729318386384,0.0,0.007037067343097946,0.008673594632190492,0.006464282791915555,0.006055150969642419
1,0,2,1,0,2,0,0,0,0,0.10251967028849757,0.0,0.0,0.10251967028849757,0.0,0.18785125515174222,0.21154926938928437,0.2085050580741851,0.18705507680779318
2,0,2,1,0,2,0,1,0,0,0.0035822540644805732,0.0,0.0,0.003100027555800496,0.0,0.275075778451364,0.0,0.4364149903554698,0.28182694957288507
1,0,0,0,0,0,0,0,0,0,0.0246,0.0526,0.1216,0.0322,0.5154,0.039,0.1212,0.0667,0.0267
2,0,0,0,0,1,0,0,0,0,0.12459578961261797,0.10591961987725203,0.13528674189929388,0.13502276776875866,0.0,0.13132712994126575,0.13561670956246288,0.10400580743087177,0.12822543390747707
1,0,0,0,0,1,0,2,0,0,0.020822963331674132,0.019412643106022896,0.006719761075161772,0.9339638294342127,0.0,0.006553841048614568,0.0,0.005226480836236934,0.0073004811680769865
2,0,0,0,1,1,0,2,0,0,0.10269558263160371,0.10269558263160371,0.20755515830079505,0.0,0.0,0.21282401091405184,0.0,0.1867149644822882,0.18751470103965753
1,0,0,0,1,1,2,2,0,0,0.0035805274392343178,0.003855952626867727,0.43482751497624456,0.0,0.0,0.0,0.0,0.2772154513530262,0.28052055360462713
2,0,0,0,0,0,0,0,0,0,0.0326,0.0324,0.0972,0.0413,0.5506,0.0667,0.106,0.0422,0.031
1,0,0,0,0,2,0,0,0,0,0.12073524669461463,0.13647210577233151,0.13679458239277653,0.11705901322154144,0.0,0.11892937762012254,0.13498871331828444,0.13679458239277653,0.0982263785875524
2,0,0,1,0,2,0,0,0,0,0.02004950495049505,0.9353135313531353,0.0,0.013696369636963697,0.0,0.0075082508250825086,0.00825082508250825,0.008333333333333333,0.0068481848184818485
1,0,2,1,0,2,0,0,0,0,0.1023201312397469,0.0,0.0,0.1023201312397469,0.0,0.18598546988516523,0.21049917975158192,0.20974923834075462,0.18912584954300446
2,0,2,1,0,2,0,1,0,0,0.0035196687370600416,0.0,0.0,0.003795721187025535,0.0,0.27943409247757073,0.0,0.43381642512077295,0.27943409247757073
1,0,0,0,0,0,0,0,0,0,0.0311,0.0495,0.2598,0.0493,0.2834,0.0352,0.2005,0.0549,0.0363
2,0,0,0,0,1,0,0,0,0,0.10543130990415335,0.12195121951219512,0.14454920907036548,0.13340606249512973,0.0,0.13878282552793578,0.14049715577027974,0.10301566274448687,0.1123665549754539
1,0,0,2,0,1,0,0,0,0,0.008098532141049435,0.0070018559136156575,0.0,0.008098532141049435,0.0,0.933018390416737,0.009701366627298803,0.015859625442888478,0.01822169731736123
2,0,0,2,0,1,1,0,0,0,0.1869034617028349,0.18847048767747757,0.0,0.2091742247969989,0.0,0.0,0.21145353530557007,0.10199914525855928,0.10199914525855928
1,0,0,2,0,1,1,2,0,0,0.27823138665928593,0.2781621920841406,0.0,0.4366177691668973,0.0,0.0,0.0,0.0033905341821201217,0.0035981179075560477
2,0,0,0,0,0,0,0,0,0,0.0195,0.0238,0.1396,0.0508,0.4763,0.0566,0.164,0.0385,0.0309
1,0,0,0,0,2,0,0,0,0,0.12335726866278282,0.13460235740414578,0.130605608996071,0.12335726866278282,0.0,0.11292507790272321,0.13588944587454274,0.13460235740414578,0.10466061509280586
2,0,0,0,0,2,0,1,0,0,0.006913785922532278,0.0068304872969596,0.006580591420241566,0.007496876301541024,0.0,0.021907538525614327,0.0,0.9271970012494793,0.02307371928363182
1,0,0,0,0,2,0,1,2,0,0.187789872219593,0.2107903454803597,0.210080454330336,0.18698532891623285,0.0,0.10217699952673924,0.0,0.0,0.10217699952673924
2,0,1,0,0,2,0,1,2,0,0.27544454438524874,0.0,0.4334048294471736,0.283954888258493,0.0,0.0035978689545423095,0.0,0.0,0.0035978689545423095
1,0,0,0,0,0,0,0,0,0,0.0265,0.0536,0.0914,0.0226,0.559,0.0341,0.1291,0.0532,0.0305
2,0,0,0,0,1,0,0,0,0,0.12252229135929181,0.11713387645134389,0.13329912117518763,0.13182372185515429,0.0,0.13092565270382964,0.13304252998909488,0.11655654628263519,0.1146962601834627
1,0,0,2,0,1,0,0,0,0,0.007120973751759543,0.005878943446220088,0.0,0.0065413596091744635,0.0,0.9316055311749607,0.008694212138776186,0.021445723275647924,0.018713256603461126
2,0,0,2,0,1,1,0,0,0,0.18635294117647058,0.18635294117647058,0.0,0.21011764705882352,0.0,0.0,0.2123764705882353,0.1024,0.1024
1,0,0,2,0,1,1,2,0,0,0.2738423373759647,0.28383406835722164,0.0,0.43501929437706727,0.0,0.0,0.0,0.0037899669239250277,0.0035143329658213892
1,0,0,0,0,0,0,0,0,0,0.0258,0.0468,0.123,0.03,0.5182,0.0377,0.1369,0.0526,0.029
2,0,0,0,0,1,0,0,0,0,0.11514392991239049,0.11237731374744747,0.13246821685000987,0.13220472959620577,0.0,0.13128252420789144,0.13701337197813057,0.12219221395165009,0.11731769975627429
1,0,0,0,0,1,0,2,0,0,0.02135938405497144,0.01556420233463035,0.007037006374699893,0.932858680354334,0.0,0.006043546651212849,0.0,0.007616524546734001,0.0095206556834175
2,0,0,0,1,1,0,2,0,0,0.10260027272299807,0.10260027272299807,0.21041989937461794,0.0,0.0,0.20962053886302723,0.0,0.18737950815817933,0.18737950815817933
1,0,0,2,1,1,0,2,0,0,0.0036617382893464143,0.0033162912809175074,0.0,0.0,0.0,0.43484869421030814,0.0,0.2768412325549261,0.2813320436645019
2,0,0,0,0,0,0,0,0,0,0.02,0.0287,0.1022,0.0413,0.5224,0.0509,0.1757,0.0364,0.0224
1,0,0,0,0,2,0,0,0,0,0.1190304145043684,0.13275964001839322,0.14241608093017144,0.11252709715561979,0.0,0.11778230309400249,0.1275701241542403,0.13229980949878473,0.11561453064441962
2,0,0,1,0,2,0,0,0,0,0.020711761321607628,0.9317826908851812,0.0,0.018985781211473658,0.0,0.00608202514999589,0.007561436672967864,0.008218952905399852,0.00665735185337388
1,0,2,1,0,2,0,0,0,0,0.10250281214848143,0.0,0.0,0.10250281214848143,0.0,0.18860142482189726,0.20852080989876265,0.2100206224221972,0.18785151856017998
2,0,2,1,0,2,0,0,1,0,0.0030386740331491712,0.0,0.0,0.0035220994475138124,0.0,0.2819060773480663,0.43294198895027625,0.0,0.27859116022099445
2,0,0,0,0,0,0,0,0,0,0.0281,0.0358,0.0896,0.0556,0.5089,0.0508,0.1547,0.0433,0.0332
1,0,0,0,0,2,0,0,0,0,0.11538971367974549,0.1377916224814422,0.13600212089077413,0.10306203605514316,0.0,0.13182661717921526,0.13056733828207848,0.13149522799575822,0.11386532343584306
2,0,1,0,0,2,0,0,0,0,0.018960092730584535,0.0,0.9284649776453056,0.02036761053154496,0.0,0.008859082629574433,0.009687034277198211,0.006209637357178341,0.007451564828614009
1,0,1,2,0,2,0,0,0,0,0.10243718474520341,0.0,0.0,0.10243718474520341,0.0,0.1880450667043794,0.20803281006929714,0.21180408240230048,0.1872436713336162
2,0,1,2,0,2,0,0,1,0,0.0035881865857024567,0.0,0.0,0.0033121722329561135,0.0,0.2815346398012697,0.44024289263041677,0.0,0.27132210874965496
1,0,0,0,0,0,0,0,0,0,0.0198,0.0541,0.1002,0.0302,0.5865,0.0399,0.0954,0.0447,0.0292
2,0,0,0,0,1,0,0,0,0,0.10974533535047908,0.11901159858799798,0.1332576903681291,0.1311775088250126,0.0,0.13477054967221383,0.13798537569339384,0.10640443772062531,0.12764750378214826
1,0,0,0,0,1,0,2,0,0,0.015342960288808664,0.01279947489333771,0.007056120774532327,0.9432228421398097,0.0,0.006645881194617656,0.0,0.006727929110600591,0.008204791598293404
2,0,0,0,1,1,0,2,0,0,0.1021167713421726,0.1021167713421726,0.20976971388695045,0.0,0.0,0.21056059548732264,0.0,0.18771807397069085,0.18771807397069085
1,0,0,0,1,1,2,2,0,0,0.003304647160068847,0.0035800344234079174,0.4338037865748709,0.0,0.0,0.0,0.0,0.27965576592082614,0.27965576592082614
2,0,0,0,0,0,0,0,0,0,0.0304,0.0309,0.1359,0.0521,0.5847,0.0375,0.0707,0.0324,0.0254
1,0,0,0,0,2,0,0,0,0,0.1166855988893096,0.13284109554461693,0.13132651773318188,0.12356430644957718,0.0,0.11939921746813076,0.13486053262653036,0.13189448441247004,0.10942824687618326
2,0,0,0,0,2,0,1,0,0,0.007086354647330257,0.007910349373764008,0.00535596572181938,0.006097560975609756,0.0,0.015573500329597891,0.0,0.9354812129202373,0.022495056031641397
1,0,0,0,0,2,0,1,2,0,0.18579055826152116,0.20958224053952793,0.21108092918696142,0.188132259273136,0.0,0.10270700636942676,0.0,0.0,0.10270700636942676
2,0,0,1,0,2,0,1,2,0,0.2807803667447953,0.4314076933682614,0.0,0.28071142975320557,0.0,0.003308975596304977,0.0,0.0,0.0037915345374327863
2,0,0,0,0,0,0,0,0,0,0.0286,0.0333,0.125,0.0448,0.5503,0.0372,0.1323,0.0322,0.0163
1,0,0,0,0,2,0,0,0,0,0.12385498645336086,0.12959618113791768,0.1395948909818088,0.11250161269513612,0.0,0.11437233905302542,0.13894981292736422,0.13237001677202942,0.1087601599793575
2,0,0,1,0,2,0,0,0,0,0.015867795774068896,0.9385020143056811,0.0,0.014305681164186467,0.0,0.007235057140508099,0.007563923374167557,0.009454904217709446,0.0070706240236783685
1,0,2,1,0,2,0,0,0,0,0.10240963855421686,0.0,0.0,0.10240963855421686,0.0,0.18674698795180722,0.2119641356122163,0.20892873820864855,0.18754086111889418
2,0,2,1,0,2,0,1,0,0,0.003576833126977576,0.0,0.0,0.0037831888843032056,0.0,0.282844958040996,0.0,0.4335534461411473,0.2762415738065759
2,0,0,0,0,0,0,0,0,0,0.029,0.0323,0.1498,0.0482,0.5426,0.0423,0.0941,0.0289,0.0328
1,0,0,0,0,2,0,0,0,0,0.1160453808752026,0.13102106969205835,0.1319286871961102,0.12654781199351703,0.0,0.11325769854132901,0.133419773095624,0.13756888168557538,0.11021069692058347
2,0,0,0,0,2,0,0,1,0,0.007177625608448148,0.007590132827324478,0.005362593845392294,0.007920138602425542,0.0,0.019222836399636994,0.9346588565299893,0.0,0.01806781618678327
1,0,0,0,0,2,0,2,1,0,0.18895348837209303,0.20883345836459113,0.20958364591147788,0.1882033008252063,0.0,0.10221305326331583,0.0,0.0,0.10221305326331583
2,0,0,1,0,2,0,2,1,0,0.2748635012785956,0.4365885686640404,0.0,0.2816366023913194,0.0,0.0035938903863432167,0.0,0.0,0.0033174372797014308
2,0,0,0,0,0,0,0,0,0,0.0219,0.0249,0.073,0.0354,0.6363,0.0616,0.0897,0.0316,0.0256
1,0,0,0,0,2,0,0,0,0,0.11624495782911624,0.1324410218799658,0.13097420853196431,0.12840728517296174,0.0,0.12082874954162083,0.1321354357657988,0.12926292629262925,0.10970541498594304
2,0,1,0,0,2,0,0,0,0,0.024165707710011506,0.0,0.9215847443695545,0.025727437119842184,0.0,0.0068222916324182144,0.006411310208778563,0.009863554167351636,0.0054249547920434
1,0,1,2,0,2,0,0,0,0,0.1034368959502145,0.0,0.0,0.1033897506011032,0.0,0.1878270708594597,0.20875960586488143,0.20951393145066238,0.18707274527367876
2,0,1,2,0,2,0,0,1,0,0.003392646957003393,0.0,0.0,0.0032541715710032544,0.0,0.27743543585127745,0.4319047289344319,0.0,0.28401301668628404
2,0,0,0,0,0,0,0,0,0,0.0256,0.0349,0.1336,0.0462,0.5817,0.0424,0.0828,0.0383,0.0145
1,0,0,0,0,2,0,0,0,0,0.11659079413252403,0.13650733434496712,0.13505311077389984,0.11633788568538189,0.0,0.11058421851289833,0.13239757207890743,0.13713960546282244,0.11538947900859889
2,0,0,0,0,2,0,0,1,0,0.007232084155161078,0.008793556870479948,0.00821827744904668,0.009451019066403683,0.0,0.018162393162393164,0.9305555555555556,0.0,0.017587113740959896
1,0,0,0,0,2,0,2,1,0,0.18759966232060782,0.2068755276240503,0.21062752087046244,0.189194259450333,0.0,0.10285151486727324,0.0,0.0,0.10285151486727324
2,0,0,1,0,2,0,2,1,0,0.28178053830227745,0.43278122843340233,0.0,0.2785369220151829,0.0,0.0035196687370600416,0.0,0.0,0.003381642512077295
1,0,0,0,0,0,0,0,0,0,0.018,0.0506,0.1252,0.0313,0.5501,0.0327,0.1263,0.0405,0.0253
2,0,0,0,0,1,0,0,0,0,0.11167741935483871,0.1244516129032258,0.12896774193548388,0.13470967741935483,0.0,0.1307741935483871,0.1316774193548387,0.1156774193548387,0.12206451612903226
1,0,0,0,2,1,0,0,0,0,0.014312898155042608,0.016629436584760487,0.007528749896583106,0.0,0.0,0.006039546620335898,0.9401836684040705,0.008356085050053776,0.006949615289153636
2,0,0,0,2,1,0,1,0,0,0.10246688199222956,0.10242007208725366,0.21139353087113233,0.0,0.0,0.21064457239151804,0.0,0.18616299208912607,0.18691195056874035
1,0,0,2,2,1,0,1,0,0,0.0036513951085084396,0.0035136066138477438,0.0,0.0,0.0,0.436238374095763,0.0,0.2783327592146056,0.27826386496727523
2,0,0,0,0,0,0,0,0,0,0.028,0.0492,0.1479,0.0481,0.5279,0.0501,0.0945,0.0283,0.026
1,0,0,0,0,2,0,0,0,0,0.1216782301348344,0.1348998560020945,0.14164157612252912,0.10976567613561984,0.0,0.11572195313522712,0.13385259850765807,0.1358162063097264,0.10662390365231052
2,0,0,1,0,2,0,0,0,0,0.020883005837375648,0.9291293266463866,0.0,0.01882759187700403,0.0,0.007563923374167557,0.009208254542464852,0.006823974348433775,0.007563923374167557
1,0,2,1,0,2,0,0,0,0,0.1023943661971831,0.0,0.0,0.10234741784037558,0.0,0.18615023474178405,0.2091549295774648,0.21145539906103286,0.1884976525821596
2,0,2,1,0,2,0,0,1,0,0.003654416327656347,0.0,0.0,0.003516513824725919,0.0,0.27725298214162586,0.4350134454940357,0.0,0.28056264221195615
1,0,0,0,0,0,0,0,0,0,0.0252,0.046,0.0972,0.0347,0.5626,0.034,0.1332,0.047,0.0201
2,0,0,0,0,1,0,0,0,0,0.119424,0.12544,0.134336,0.13344,0.0,0.131968,0.13344,0.10944,0.112512
1,0,0,2,0,1,0,0,0,0,0.008679120515787734,0.006860638122003637,0.0,0.009009753678293934,0.0,0.935361216730038,0.008596462225161184,0.013969251115886924,0.017523557612828568
2,0,0,2,0,1,1,0,0,0,0.18775510204081633,0.18775510204081633,0.0,0.2100398780201736,0.0,0.0,0.20853858784893267,0.10297912268355618,0.10293220736570491
1,0,0,2,2,1,1,0,0,0,0.2808096159159989,0.2808096159159989,0.0,0.0,0.0,0.0,0.43174910196186794,0.0033849129593810446,0.003246753246753247
1,0,0,0,0,0,0,0,0,0,0.0206,0.0425,0.1082,0.0375,0.5153,0.0274,0.1706,0.0449,0.033
2,0,0,0,0,1,0,0,0,0,0.12552798310454066,0.10777455121436114,0.13621964097148892,0.13932154171066527,0.0,0.1325897571277719,0.13714361140443507,0.10493664202745512,0.11648627243928195
1,0,0,0,2,1,0,0,0,0,0.0259289843104872,0.016515276630883566,0.00685383980181668,0.0,0.0,0.007101568951279934,0.92766308835673,0.008340214698596202,0.007597027250206441
2,0,0,0,2,1,0,1,0,0,0.10285875759431075,0.10285875759431075,0.20934394574483117,0.0,0.0,0.21014458625724108,0.0,0.1877737484104931,0.18702020439881317
1,0,0,0,2,1,2,1,0,0,0.00338842403706521,0.0033192725261046952,0.43420233732107044,0.0,0.0,0.0,0.0,0.27619113477629487,0.28289883133946475
1,0,0,0,0,0,0,0,0,0,0.0191,0.0232,0.0965,0.0308,0.6043,0.0241,0.1325,0.0495,0.02
2,0,0,0,0,1,0,0,0,0,0.12186759755641441,0.1141378880438848,0.13015833437227278,0.13371150729335493,0.0,0.12897394339857873,0.129597307068944,0.10753023313801272,0.13402318912853758
1,0,0,0,0,1,0,0,0,2,0.03341838834471973,0.042719565396328915,0.2878426207918347,0.11391884105687711,0.0,0.36719071528520864,0.13902378796608775,0.015886081158943122,0.0
2,0,0,0,0,1,1,0,0,2,0.183402489626556,0.18146611341632088,0.09986168741355464,0.21950207468879668,0.0,0.0,0.21590594744121716,0.09986168741355464,0.0
1,0,0,0,2,1,1,0,0,2,0.275791391482578,0.2792833826766872,0.003795642602292568,0.0,0.0,0.0,0.43710620208001216,0.004023381158430122,0.0
1,0,0,0,0,0,0,0,0,0,0.0291,0.0506,0.0542,0.0378,0.6442,0.0363,0.1019,0.0297,0.0162
2,0,0,0,0,1,0,0,0,0,0.1179976887050666,0.12353263183504654,0.12937169271942095,0.13399428258621737,0.0,0.13338604707742838,0.13514993005291648,0.11209780426981328,0.11446992275409039
1,0,0,0,0,1,0,2,0,0,0.01325587104164962,0.027820963914573275,0.0063006300630063005,0.9325750756893871,0.0,0.006955240978643319,0.0,0.005973324605187792,0.007118893707552573
2,0,0,0,1,1,0,2,0,0,0.10249579360628155,0.10249579360628155,0.20985230884277434,0.0,0.0,0.21134791549822396,0.0,0.1876986352589269,0.18610955318751168
1,0,0,0,1,1,2,2,0,0,0.0033744232490875285,0.0036498863714620206,0.4326148336891399,0.0,0.0,0.0,0.0,0.28510433165759935,0.27525652503271125
2,0,0,0,0,0,0,0,0,0,0.0234,0.0388,0.091,0.0478,0.5597,0.0439,0.1423,0.0349,0.0182
1,0,0,0,0,2,0,0,0,0,0.12105668120030777,0.1319569120287253,0.13214926904334445,0.12349320338548346,0.0,0.10137214670428316,0.1388817645550141,0.1379840984867915,0.11310592459605028
2,0,0,0,0,2,0,1,0,0,0.007562679819153309,0.0077270859021783805,0.009864364981504316,0.007973695026715988,0.0,0.021126181668721742,0.0,0.9244554048499795,0.021290587751746814
1,0,0,0,0,2,0,1,2,0,0.18644386914568134,0.20875500117674747,0.2110143563191339,0.18879736408566722,0.0,0.10251823958578489,0.0,0.0,0.10247116968698518
2,0,0,1,0,2,0,1,2,0,0.2795194033973208,0.43398701836762876,0.0,0.2795194033973208,0.0,0.0036597155089076096,0.0,0.0,0.0033144593288219858
1,0,0,0,0,0,0,0,0,0,0.0236,0.0268,0.1408,0.0407,0.532,0.0404,0.1203,0.0553,0.0201
2,0,0,0,0,1,0,0,0,0,0.1052940792479927,0.11704419348521444,0.1323193419936027,0.13773745022521053,0.0,0.13714994451334944,0.13271101246817676,0.1268359553495659,0.11090802271688753
1,0,0,0,2,1,0,0,0,0,0.01948963580807664,0.018333470972004294,0.008258320257659593,0.0,0.0,0.008423486662812785,0.933355355520687,0.005698240977785119,0.006441489800974482
2,0,0,0,2,1,0,1,0,0,0.10238955917562556,0.10238955917562556,0.21219661048777053,0.0,0.0,0.20994319515515703,0.0,0.1869395803013943,0.18614149570442703
1,0,0,2,2,1,0,1,0,0,0.003650389145257938,0.0038570149459329155,0.0,0.0,0.0,0.4347406846201529,0.0,0.2807355878504029,0.27701632343825333
1,0,0,0,0,0,0,0,0,0,0.0336,0.052,0.092,0.0301,0.5688,0.0343,0.1064,0.0569,0.0259
2,0,0,0,0,1,0,0,0,0,0.11729457512590043,0.11576464588512782,0.13437878498119463,0.12628290941543954,0.0,0.13616370242876266,0.13552623191177407,0.12424300376107605,0.1103461464907248
1,0,0,0,0,1,2,0,0,0,0.008323032550473836,0.00865265760197775,0.934651833539349,0.007086938607334157,0.0,0.0,0.006757313555830243,0.015822002472187888,0.018706221672847138
2,0,0,1,0,1,2,0,0,0,0.18630804554613187,0.18551145682020523,0.0,0.2108148634084626,0.0,0.0,0.21231432453961857,0.10252565484279087,0.10252565484279087
1,0,0,1,0,1,2,2,0,0,0.28059187887130077,0.2756366139022712,0.0,0.43688919476944255,0.0,0.0,0.0,0.0033035099793530627,0.0035788024776324846
1,0,0,0,0,0,0,0,0,0,0.0259,0.0606,0.1222,0.0389,0.5136,0.0282,0.1586,0.0331,0.0189
2,0,0,0,0,1,0,0,0,0,0.1280475718533201,0.11285100759828212,0.13419226957383548,0.1351172778328378,0.0,0.13300297324083252,0.1320779649818302,0.11219028741328048,0.11252064750578131
1,0,0,0,2,1,0,0,0,0,0.018017270009963466,0.018266356692128862,0.005895051477914314,0.0,0.0,0.006476253736300232,0.9382265028229824,0.005396878113583527,0.007721687147127201
2,0,0,0,2,1,0,1,0,0,0.10254002535330298,0.10254002535330298,0.21024461242311845,0.0,0.0,0.21099582140006573,0.0,0.1864406779661017,0.18723883750410816
1,0,0,0,2,1,2,1,0,0,0.003518940178016974,0.0035879390050369145,0.43193265714482854,0.0,0.0,0.0,0.0,0.2831711860898365,0.2777892775822811
2,0,0,0,0,0,0,0,0,0,0.0248,0.0479,0.2052,0.0498,0.3903,0.0472,0.1526,0.0622,0.02
1,0,0,0,0,2,0,0,0,0,0.12717594590706374,0.13494461228600202,0.13595166163141995,0.11242986620630126,0.0,0.10480506401956553,0.14113077255071213,0.14105884045461084,0.10250323694432456
2,0,0,0,0,2,0,1,0,0,0.0065211938801103585,0.0065211938801103585,0.009781790820165538,0.008444110024245464,0.0,0.02123568263523117,0.0,0.928183262269041,0.01931276649109606
1,0,0,0,0,2,0,1,2,0,0.18847447988247001,0.21008483010283874,0.21008483010283874,0.18615231505615848,0.0,0.10260177242784702,0.0,0.0,0.10260177242784702
2,0,1,0,0,2,0,1,2,0,0.2795177383592018,0.0,0.4343819290465632,0.2794484478935698,0.0,0.0035338137472283814,0.0,0.0,0.003118070953436807
2,0,0,0,0,0,0,0,0,0,0.0315,0.0379,0.1488,0.0419,0.5115,0.0364,0.1239,0.0369,0.0312
1,0,0,0,0,2,0,0,0,0,0.12842397776895592,0.12987958184464735,0.1305412200608707,0.11247849675797274,0.0,0.11247849675797274,0.1362313087203917,0.13563583432579066,0.11433108376339818
2,0,0,0,0,2,0,1,0,0,0.006468734450157572,0.008459114280975287,0.006800464421960524,0.008624979266876762,0.0,0.02355282799800962,0.0,0.9197213468236856,0.026372532758334715
1,0,0,0,0,2,0,1,2,0,0.18858172506994167,0.20930342832756413,0.21082080705581108,0.187016928256437,0.0,0.10213855564512304,0.0,0.0,0.10213855564512304
2,0,0,1,0,2,0,1,2,0,0.2848044305988231,0.4366216683973693,0.0,0.27137417791623397,0.0,0.00380754586362063,0.0,0.0,0.003392177223952925
1,0,0,0,0,0,0,0,0,0,0.022,0.0447,0.0902,0.0375,0.5533,0.0321,0.1538,0.0429,0.0235
2,0,0,0,0,1,0,0,0,0,0.12741437033221736,0.10764872521246459,0.13938964718001545,0.13436775688900335,0.0,0.13282255987638425,0.127736286376513,0.11898016997167139,0.11164048416173063
1,0,0,2,0,1,0,0,0,0,0.006412364353830977,0.008138770141400855,0.0,0.007892140743176587,0.0,0.9306971390989806,0.0074810917461361395,0.02342979283130549,0.015948701085169353
2,0,0,2,0,1,1,0,0,0,0.18630393996247654,0.18630393996247654,0.0,0.21233583489681052,0.0,0.0,0.2100844277673546,0.1024859287054409,0.1024859287054409
1,0,0,2,2,1,1,0,0,0,0.27839735646427094,0.27839735646427094,0.0,0.0,0.0,0.0,0.436252237367479,0.0035797879664050667,0.003373261737574005
2,0,0,0,0,0,0,0,0,0,0.0379,0.0412,0.1824,0.0406,0.422,0.0517,0.1658,0.0309,0.0275
1,0,0,0,0,2,0,0,0,0,0.1202616217736831,0.13988325479991562,0.14459525986356284,0.11540895984246431,0.0,0.10127294465152262,0.13699978901469864,0.13664814684576976,0.10493002320838316
2,0,0,1,0,2,0,0,0,0,0.02148486105350477,0.935462463708005,0.0,0.013272501036914143,0.0,0.007963500622148486,0.008627125673994193,0.005391953546246371,0.007797594359187059
1,0,2,1,0,2,0,0,0,0,0.10232186501222035,0.0,0.0,0.10232186501222035,0.0,0.1869242338785486,0.20845083662342545,0.2114589208497838,0.18852227862380147
2,0,2,1,0,2,0,0,1,0,0.0033108014898606706,0.0,0.0,0.003586701614015726,0.0,0.28065940129673056,0.4351634708235619,0.0,0.2772796247758311
1,0,0,0,0,0,0,0,0,0,0.0252,0.0374,0.0983,0.0317,0.5755,0.0424,0.0888,0.0687,0.032
2,0,0,0,0,1,0,0,0,0,0.11863653675257077,0.11952519994921924,0.13082391773517837,0.13107782150564937,0.0,0.13196648470229783,0.13520375777580296,0.11984257966230799,0.11292370191697347
1,0,0,0,0,1,0,2,0,0,0.020941545057300684,0.01723142880699151,0.0100585373897271,0.9304147085497568,0.0,0.0068431033061258145,0.0,0.005688844917140737,0.008821831972957375
2,0,0,0,1,1,0,2,0,0,0.10294117647058823,0.10289419282089833,0.20931215936853975,0.0,0.0,0.20856042097350122,0.0,0.18774666416087202,0.18854538620560046
1,0,0,2,1,1,0,2,0,0,0.0033900650339006503,0.0035284350352843504,0.0,0.0,0.0,0.4366265393662654,0.0,0.27487200774872006,0.2815829528158295
1,0,0,0,0,0,0,0,0,0,0.0277,0.0502,0.0766,0.0432,0.6153,0.0392,0.0729,0.0497,0.0252
2,0,0,0,0,1,0,0,0,0,0.11218424962852898,0.12623823675086676,0.13527736503219415,0.13354383358098068,0.0,0.12394749876176325,0.1303244180287271,0.1183754333828628,0.12010896483407628
1,0,0,2,0,1,0,0,0,0,0.007222586999343401,0.009356533158240315,0.0,0.007140512147078135,0.0,0.9285128036769534,0.0058273145108338805,0.021913985554826,0.020026263952724884
2,0,0,2,0,1,1,0,0,0,0.18679617117117117,0.18679617117117117,0.0,0.21128941441441443,0.0,0.0,0.21053866366366367,0.1022897897897898,0.1022897897897898
1,0,0,2,2,1,1,0,0,0,0.27609984829678663,0.27947869259412494,0.0,0.0,0.0,0.0,0.43773272652047995,0.0033098882912701694,0.0033788442973382983
2,0,0,0,0,0,0,0,0,0,0.022,0.0364,0.1017,0.0484,0.5923,0.0533,0.098,0.03,0.0179
1,0,0,0,0,2,0,0,0,0,0.10268810450948374,0.13465645019469916,0.14414018339404597,0.10545157643512122,0.0,0.11939454842356488,0.13176736590880542,0.13584976761713352,0.1260520035171461
2,0,0,1,0,2,0,0,0,0,0.019765739385065886,0.9291524320806898,0.0,0.019277696437286482,0.0,0.009110135025215552,0.006995282251504799,0.006669920286318529,0.009028794533918985
1,0,2,1,0,2,0,0,0,0,0.10265147978713472,0.0,0.0,0.10265147978713472,0.0,0.18551022313509477,0.21006441975539164,0.21048454859490243,0.18863784894034172
2,0,2,1,0,2,0,0,1,0,0.003377446925834023,0.0,0.0,0.003515301902398677,0.0,0.2806727322856355,0.4315550041356493,0.0,0.2808795147504825
2,0,0,0,0,0,0,0,0,0,0.0246,0.0287,0.1539,0.0496,0.4907,0.0439,0.1455,0.0344,0.0287
1,0,0,0,0,2,0,0,0,0,0.10888232926338387,0.13390580974104388,0.1335032872668724,0.1357171608748155,0.0,0.10378371125721186,0.1351133771635583,0.13202737152824365,0.11706695290487053
2,0,0,0,1,2,0,0,0,0,0.02378971884877724,0.2929629013475295,0.33164198968557645,0.0,0.0,0.019464315421726833,0.16569622359008485,0.13159208118449509,0.034852769921810016
1,0,0,2,1,2,0,0,0,0,0.0995995995995996,0.0995995995995996,0.0,0.0,0.0,0.18346918346918348,0.21650221650221652,0.21743171743171744,0.1833976833976834
2,0,0,2,1,2,0,0,1,0,0.0037576687116564417,0.00352760736196319,0.0,0.0,0.0,0.2776073619631902,0.44486196319018406,0.0,0.27024539877300613
1,0,0,0,0,0,0,0,0,0,0.0307,0.0575,0.1207,0.0581,0.5648,0.039,0.0636,0.0426,0.023
2,0,0,0,0,1,0,0,0,0,0.11241771585607464,0.1172748769732217,0.13191027033936217,0.13459449095673293,0.0,0.13702307151530646,0.12922604972199145,0.1172748769732217,0.12027864766408897
1,0,0,0,0,1,2,0,0,0,0.007082269620357407,0.0077410853989953055,0.9292596557687557,0.005846990035411348,0.0,0.0,0.008564605122292679,0.022482088446018282,0.019023305608169314
2,0,0,1,0,1,2,0,0,0,0.1881313724568905,0.1865808391674106,0.0,0.20889912136446928,0.0,0.0,0.21115444251280366,0.10261711224921298,0.10261711224921298
1,0,0,1,0,1,2,2,0,0,0.2806872283171186,0.2806872283171186,0.0,0.43144966535568896,0.0,0.0,0.0,0.0033809425239770922,0.0037949354860967364
1,0,0,0,0,0,0,0,0,0,0.022,0.0512,0.1011,0.0484,0.5772,0.0386,0.0832,0.0621,0.0162
2,0,0,0,0,1,0,0,0,0,0.12358125673704902,0.10627100374104369,0.13112675163274365,0.1323314945152495,0.0,0.1349946103607888,0.1349946103607888,0.12459577705915921,0.11210449559317735
1,0,0,0,0,1,2,0,0,0,0.007091029023746702,0.005854221635883905,0.9323054089709762,0.006513852242744063,0.0,0.0,0.0066787598944591025,0.026879947229551452,0.014676781002638523
2,0,0,1,0,1,2,0,0,0,0.1865671641791045,0.1865671641791045,0.0,0.2096123157795926,0.0,0.0,0.21191213742607717,0.10269407678588191,0.10264714165023937
1,0,0,1,0,1,2,2,0,0,0.2817968857654678,0.27855863304395756,0.0,0.4326167837949566,0.0,0.0,0.0,0.003376050709659639,0.003651646685958385
2,0,0,0,0,0,0,0,0,0,0.0358,0.0361,0.0821,0.0413,0.6598,0.0363,0.0543,0.0307,0.0236
1,0,0,0,0,2,0,0,0,0,0.12532385370850155,0.1331565945652829,0.13562692052780623,0.11182743869373983,0.0,0.12472133518105681,0.12616737964692415,0.1331565945652829,0.11001988311140568
2,0,0,1,0,2,0,0,0,0,0.022775510204081632,0.9303673469387755,0.0,0.018693877551020407,0.0,0.005795918367346939,0.006285714285714286,0.008244897959183673,0.00783673469387755
1,0,2,1,0,2,0,0,0,0,0.10296317068610955,0.0,0.0,0.10296317068610955,0.0,0.18606281547952888,0.20985230884277434,0.21134791549822396,0.1868106188072537
2,0,2,1,0,2,0,0,1,0,0.0033744232490875285,0.0,0.0,0.0035121548102747743,0.0,0.27429240410440053,0.4353694649128848,0.0,0.2834515529233524
1,0,0,0,0,0,0,0,0,0,0.0188,0.0579,0.1231,0.0496,0.5511,0.0311,0.101,0.0493,0.0181
2,0,0,0,0,1,0,0,0,0,0.11495809155383624,0.1250161186331399,0.13681495809155383,0.13765312701482915,0.0,0.1367504835589942,0.13346228239845262,0.10535138620245003,0.10999355254674403
1,0,0,0,2,1,0,0,0,0,0.014999175869457723,0.014422284489863194,0.00782924015164002,0.0,0.0,0.009395088181968023,0.9386846876545245,0.007994066260095599,0.006675457392450964
2,0,0,0,2,1,0,1,0,0,0.1026695965215765,0.1026695965215765,0.20940670438075645,0.0,0.0,0.21015475244284446,0.0,0.18715227453363878,0.18794707559960727
1,0,0,0,2,1,2,1,0,0,0.0035186973920242857,0.003656685525044846,0.4302469987581068,0.0,0.0,0.0,0.0,0.2796329515661653,0.28294466675865876
1,0,0,0,0,0,0,0,0,0,0.0263,0.0527,0.117,0.0387,0.5278,0.0387,0.1265,0.0468,0.0255
2,0,0,0,0,1,0,0,0,0,0.12050795313215945,0.11370033383517707,0.12783923545198664,0.13994894285527262,0.0,0.13333769719185704,0.13301040780257903,0.11487857563657786,0.11677685409439026
1,0,0,0,2,1,0,0,0,0,0.015901787921232594,0.014748290351816759,0.0074977342012029335,0.0,0.0,0.007827304935321744,0.9382054873527231,0.00898080250473758,0.006838592732965313
2,0,0,0,2,1,0,1,0,0,0.10245020106611802,0.10245020106611802,0.20836060974469278,0.0,0.0,0.21060506873655663,0.0,0.1892359487515197,0.18689797063499486
1,0,0,0,2,1,2,1,0,0,0.0035854650761911327,0.0035854650761911327,0.43756464179824867,0.0,0.0,0.0,0.0,0.2793215196855823,0.2759429083637868
1,0,0,0,0,0,0,0,0,0,0.0227,0.0493,0.1326,0.0338,0.5531,0.0282,0.1066,0.0526,0.0211
2,0,0,0,0,1,0,0,0,0,0.11989697359948487,0.12594977462974888,0.13309723116548616,0.13161622665808112,0.0,0.1339343206696716,0.1298132646490663,0.11423052157115261,0.11146168705730844
1,0,0,0,0,1,2,0,0,0,0.006126334961503436,0.008278831029058697,0.9243314843944035,0.008030466098186936,0.0,0.0,0.007947677787896349,0.020365924331484396,0.02491928139746668
2,0,0,1,0,1,2,0,0,0,0.18715743715743716,0.18715743715743716,0.0,0.20941220941220942,0.0,0.0,0.21168021168021167,0.1022963522963523,0.1022963522963523
1,0,0,1,0,1,2,2,0,0,0.27757441812279854,0.2834449892948408,0.0,0.43172871054630846,0.0,0.0,0.0,0.003591408246425858,0.003660473789626355
2,0,0,0,0,0,0,0,0,0,0.0171,0.0363,0.1119,0.0461,0.4859,0.0523,0.1816,0.0461,0.0227
1,0,0,0,0,2,0,0,0,0,0.11717593215776013,0.13891506259254274,0.12740611118589312,0.115291425494683,0.0,0.11280118454704537,0.13602099878853144,0.12989635213353076,0.12249293310001345
2,0,1,0,0,2,0,0,0,0,0.018983669070712094,0.0,0.9298681919920417,0.01981265025283926,0.0,0.007129238166293625,0.008787200530547956,0.009284589239824255,0.006134460747741027
1,0,1,2,0,2,0,0,0,0,0.10199849170437406,0.0,0.0,0.10199849170437406,0.0,0.18735859728506787,0.21252828054298642,0.20955882352941177,0.18655731523378583
2,0,1,2,0,2,0,1,0,0,0.003653156878963331,0.0,0.0,0.003653156878963331,0.0,0.2771574303832368,0.0,0.43500137854976567,0.28053487730907084
2,0,0,0,0,0,0,0,0,0,0.0206,0.0327,0.1041,0.0406,0.5955,0.043,0.0963,0.042,0.0252
1,0,0,0,0,2,0,0,0,0,0.11551961890435,0.13144039112448289,0.1252977309765576,0.13031214742384356,0.0,0.12404412686473612,0.13557728469349378,0.12793029961138272,0.10987840040115332
2,0,0,0,0,2,0,1,0,0,0.008140108534780463,0.008304555171846736,0.008140108534780463,0.007564545305048511,0.0,0.024009209011675713,0.0,0.9230389738529847,0.020802499588883406
1,0,0,0,0,2,0,1,2,0,0.18619552414605417,0.21003533568904595,0.2107891637220259,0.18840989399293287,0.0,0.10228504122497055,0.0,0.0,0.10228504122497055
2,0,0,1,0,2,0,1,2,0,0.2772749257237615,0.4353623989497685,0.0,0.28059144614109033,0.0,0.003247426241967802,0.0,0.0,0.0035238029434118702
2,0,0,0,0,0,0,0,0,0,0.0211,0.0472,0.1512,0.031,0.5734,0.0448,0.0856,0.0209,0.0248
1,0,0,0,0,2,0,0,0,0,0.1314434627852285,0.12832899002097503,0.13112565944193733,0.1275662619970762,0.0,0.100108053136719,0.13290535816436788,0.1281383080150003,0.12038390643869573
2,0,0,0,0,2,0,1,0,0,0.008436724565756825,0.0076095947063689,0.006947890818858561,0.006865177832919769,0.0,0.021009098428453266,0.0,0.9327543424317618,0.016377171215880892
1,0,0,0,0,2,0,1,2,0,0.18593720624177476,0.21131791690167326,0.20976687347245723,0.1874882496709908,0.0,0.10274487685655198,0.0,0.0,0.10274487685655198
2,0,1,0,0,2,0,1,2,0,0.2760952052431873,0.0,0.4337357709555019,0.28313211452224907,0.0,0.0036564332528458087,0.0,0.0,0.0033804760262159364
2,0,0,0,0,0,0,0,0,0,0.0248,0.033,0.1317,0.0376,0.5414,0.0461,0.1324,0.0284,0.0246
1,0,0,0,0,2,0,0,0,0,0.12009342762602998,0.1328099656134432,0.1328099656134432,0.11211315123596964,0.0,0.11950950496334263,0.12982547200415234,0.13644326218127556,0.11639525076234347
2,0,0,0,0,2,0,0,1,0,0.0065278466369195175,0.007188894397620228,0.007602049248058173,0.006114691786481574,0.0,0.01619567013716741,0.935299950421418,0.0,0.02107089737233515
1,0,0,0,0,2,0,2,1,0,0.18566469650060982,0.21019795477999811,0.21019795477999811,0.18876067173280794,0.0,0.10258936110329299,0.0,0.0,0.10258936110329299
2,0,1,0,0,2,0,2,1,0,0.28183701657458565,0.0,0.4328038674033149,0.2785220994475138,0.0,0.0033149171270718232,0.0,0.0,0.0035220994475138124
1,0,0,0,0,0,0,0,0,0,0.0264,0.0395,0.1219,0.0345,0.564,0.0292,0.1091,0.048,0.0274
2,0,0,0,0,1,0,0,0,0,0.12475222200907986,0.10544152439414285,0.1347272843532195,0.1373489353539229,0.0,0.13018735213248928,0.13050706566916043,0.12174691476437112,0.11528870132361405
1,0,0,0,2,1,0,0,0,0,0.015312422820449494,0.014900798551082572,0.006421338602123981,0.0,0.0,0.0071622622869844405,0.9404791306495431,0.008232485387338437,0.0074915617024779784
2,0,0,0,2,1,0,1,0,0,0.1030667973673155,0.1030667973673155,0.21224851794799982,0.0,0.0,0.21000793539653642,0.0,0.18540820613359474,0.18620174578723803
1,0,0,2,2,1,0,1,0,0,0.0037811082084421833,0.0035061185205554793,0.0,0.0,0.0,0.4315963151381823,0.0,0.2811769558641551,0.27993950226866493
2,0,0,0,0,0,0,0,0,0,0.0311,0.0351,0.114,0.0329,0.5609,0.0399,0.1272,0.0367,0.0222
1,0,0,0,0,2,0,0,0,0,0.12448744233726294,0.13762173244490006,0.13166324961558176,0.11820861096873399,0.0,0.10699641209636084,0.13313685289595079,0.13288057406458226,0.11500512557662737
2,0,1,0,0,2,0,0,0,0,0.018276117559891333,0.0,0.931670371285091,0.020334238906725942,0.0,0.006009714332757059,0.009467358195439203,0.0074915617024779784,0.006750638017617518
1,0,1,2,0,2,0,0,0,0,0.10194220303996998,0.0,0.0,0.10194220303996998,0.0,0.1862450741227247,0.2121880277725652,0.2121880277725652,0.18549446425220492
2,0,1,2,0,2,0,1,0,0,0.0036496350364963502,0.0,0.0,0.003580773998071891,0.0,0.28832116788321166,0.0,0.4362346784189506,0.2682137446632695
2,0,0,0,0,0,0,0,0,0,0.0259,0.0267,0.1539,0.0303,0.5354,0.0314,0.137,0.0314,0.028
1,0,0,0,0,2,0,0,0,0,0.11417963915847065,0.13052823552400183,0.13085390477431122,0.1260339998697323,0.0,0.11411450530840878,0.1317657786751775,0.136260014329447,0.11626392236045073
2,0,0,0,0,2,0,0,1,0,0.007112728475725747,0.006864610040526011,0.008436026796791002,0.006533785460259697,0.0,0.01811264576958068,0.9305268381440741,0.0,0.02241336531304276
1,0,0,0,0,2,0,2,1,0,0.18621176470588235,0.21087058823529412,0.20936470588235295,0.18781176470588234,0.0,0.10287058823529412,0.0,0.0,0.10287058823529412
2,0,1,0,0,2,0,2,1,0,0.27859116022099445,0.0,0.43294198895027625,0.28183701657458565,0.0,0.0035911602209944752,0.0,0.0,0.0030386740331491712
1,0,0,0,0,0,0,0,0,0,0.022,0.0573,0.1352,0.0334,0.5816,0.033,0.0619,0.0499,0.0257
2,0,0,0,0,1,0,0,0,0,0.10344609547897565,0.12089788175782484,0.133354410369902,0.1353778058804932,0.0,0.13392349035725576,0.133354410369902,0.11577616187164085,0.1238697439140057
1,0,0,0,2,1,0,0,0,0,0.02438220757825371,0.018945634266886325,0.008154859967051072,0.0,0.0,0.006507413509060956,0.9264415156507414,0.007578253706754531,0.007990115321252059
2,0,0,0,2,1,0,1,0,0,0.10288995575637767,0.10288995575637767,0.21236938717876305,0.0,0.0,0.2078508895792149,0.0,0.18699990586463333,0.18699990586463333
1,0,0,2,2,1,0,1,0,0,0.003652401626352422,0.0037902281028185515,0.0,0.0,0.0,0.430087519812556,0.0,0.2763420853145889,0.2861277651436841
2,0,0,0,0,0,0,0,0,0,0.0162,0.0307,0.1079,0.0397,0.5972,0.0542,0.1054,0.0246,0.0241
1,0,0,0,0,2,0,0,0,0,0.11596017782230292,0.1307369607413437,0.13455638344499404,0.13217707094108072,0.0,0.11026235051029992,0.14094295911339302,0.129547304489387,0.10581679293719867
2,0,0,0,0,2,0,1,0,0,0.0074285714285714285,0.006448979591836735,0.010612244897959184,0.00816326530612245,0.0,0.022775510204081632,0.0,0.9244897959183673,0.020081632653061225
1,0,0,0,0,2,0,1,2,0,0.1870662164697055,0.21079534796473456,0.21004501969611705,0.1870662164697055,0.0,0.10251359969986869,0.0,0.0,0.10251359969986869
2,0,1,0,0,2,0,1,2,0,0.2796329515661653,0.0,0.4339726783496619,0.279563957499655,0.0,0.0032427211259831654,0.0,0.0,0.003587691458534566
2,0,0,0,0,0,0,0,0,0,0.0259,0.0371,0.1804,0.0404,0.3789,0.0755,0.1975,0.0361,0.0282
1,0,0,0,0,2,0,0,0,0,0.11669567740063824,0.13997679141282274,0.14128227444154337,0.11118363794604004,0.0,0.12140992167101827,0.13417464461850884,0.13548012764722947,0.09979692486219902
2,0,0,1,0,2,0,0,0,0,0.01690801037917469,0.9306938980497196,0.0,0.020423537289696158,0.0,0.006863647777684775,0.010630283753243493,0.008035490081191931,0.006445132669289361
1,0,2,1,0,2,0,0,0,0,0.10237711904536415,0.0,0.0,0.10232976607633298,0.0,0.18728099251823088,0.2088265934274079,0.2110995359409035,0.18808599299176057
2,0,2,1,0,2,0,0,1,0,0.0033201909109773814,0.0,0.0,0.0035277028429134675,0.0,0.2795185723179083,0.43418413225427127,0.0,0.27944940167392956
2,0,0,0,0,0,0,0,0,0,0.0239,0.0483,0.1353,0.0419,0.5089,0.0518,0.1051,0.041,0.0438
1,0,0,0,0,2,0,0,0,0,0.10326086956521739,0.1300371155885472,0.13282078472958642,0.12055938494167551,0.0,0.11346765641569459,0.14190084835630964,0.1352067868504772,0.12274655355249205
2,0,0,0,0,2,0,1,0,0,0.008649093904448105,0.008237232289950576,0.008978583196046129,0.006836902800658979,0.0,0.021252059308072488,0.0,0.9257825370675453,0.020263591433278418
1,0,0,0,0,2,0,1,2,0,0.1872116018457482,0.21103682079291836,0.2079762689518787,0.1888125058856766,0.0,0.1025049439683586,0.0,0.0,0.10245785855541953
2,0,1,0,0,2,0,1,2,0,0.27491195359436504,0.0,0.43650300393619224,0.2816103860230647,0.0,0.0033837442165596298,0.0,0.0,0.0035909122298183826
1,0,0,0,0,0,0,0,0,0,0.0229,0.0393,0.1466,0.0305,0.5307,0.0351,0.1237,0.0497,0.0215
2,0,0,0,0,1,0,0,0,0,0.12459166339997386,0.12642101136809095,0.13517574807265126,0.13099438128838364,0.0,0.13491441264863452,0.13582908663269305,0.1125702338952045,0.09950346269436822
1,0,0,0,0,1,0,2,0,0,0.016227852293426066,0.013412816691505217,0.007203179334326876,0.9407186620301374,0.0,0.009273058453386322,0.0,0.007120384169564497,0.0060440470276535855
2,0,0,0,1,1,0,2,0,0,0.1028978044099059,0.1028978044099059,0.2106642947427555,0.0,0.0,0.2106642947427555,0.0,0.1860399794017134,0.1868358222929638
1,0,0,2,1,1,0,2,0,0,0.0035174839644113386,0.0035174839644113386,0.0,0.0,0.0,0.4302365680391751,0.0,0.2829850334505828,0.2797434305814194
1,0,0,0,0,0,0,0,0,0,0.0326,0.0331,0.0996,0.026,0.5632,0.0343,0.1481,0.0344,0.0287
2,0,0,0,0,1,0,0,0,0,0.11125327874096347,0.11931418335359222,0.13588382061288465,0.13268504894120658,0.0,0.13268504894120658,0.1349881645448148,0.12052971658882988,0.11266073827650182
1,0,0,2,0,1,0,0,0,0,0.007588880640105584,0.007588880640105584,0.0,0.006846490142703951,0.0,0.9214715829415161,0.008331271137507217,0.023344056751629136,0.0248288377464324
2,0,0,2,0,1,1,0,0,0,0.18762399622106754,0.18686820973075105,0.0,0.21289560699102503,0.0,0.0,0.20836088804912611,0.10212564950401512,0.10212564950401512
1,0,0,2,2,1,1,0,0,0,0.2738866675858266,0.28381359437474146,0.0,0.0,0.0,0.0,0.4350613539225148,0.0036536605542534122,0.0035847235626637252
2,0,0,0,0,0,0,0,0,0,0.0271,0.0321,0.1124,0.0554,0.4697,0.0535,0.1793,0.0444,0.0261
1,0,0,0,0,2,0,0,0,0,0.11404463799673381,0.13602340772999455,0.13622754491017963,0.1241154055525313,0.0,0.10676374523679913,0.12377517691888949,0.13997005988023953,0.11908002177463255
2,0,0,0,0,2,0,0,1,0,0.007631055076310551,0.008377571333775714,0.0072992700729927005,0.006884538818845388,0.0,0.02015593895155939,0.9318181818181818,0.0,0.017833443928334438
1,0,0,0,0,2,0,2,1,0,0.18829180991852307,0.20981491075213113,0.20981491075213113,0.1867376253944332,0.0,0.10267037159139077,0.0,0.0,0.10267037159139077
2,0,1,0,0,2,0,2,1,0,0.28393524283935245,0.0,0.4334440293344403,0.2755638577556386,0.0,0.0035284350352843504,0.0,0.0,0.0035284350352843504
2,0,0,0,0,0,0,0,0,0,0.028,0.0277,0.1194,0.0544,0.5275,0.0414,0.1449,0.0305,0.0262
1,0,0,0,0,2,0,0,0,0,0.12478722011260966,0.13454235956527433,0.13611365719523372,0.11621055388241457,0.0,0.11712714416655755,0.12760246169962028,0.13486971323818253,0.10874689014010737
2,0,0,1,0,2,0,0,0,0,0.020947176684881604,0.9335154826958105,0.0,0.016641828117237953,0.0,0.007285974499089253,0.006954793840039742,0.008279516476237788,0.006375227686703097
1,0,2,1,0,2,0,0,0,0,0.10261351884929962,0.0,0.0,0.10261351884929962,0.0,0.18581366926765067,0.21270094951584093,0.20889348500517063,0.18736485851273854
2,0,2,1,0,2,0,1,0,0,0.0035802809143486644,0.0,0.0,0.0033737262462131645,0.0,0.2807077939961443,0.0,0.4350041310933627,0.27733406774993113
1,0,0,0,0,0,0,0,0,0,0.0218,0.0376,0.1432,0.0305,0.5703,0.0373,0.0932,0.0385,0.0276
2,0,0,0,0,1,0,0,0,0,0.12457011845624762,0.11520825372564004,0.12902814928034645,0.12966501082664628,0.0,0.13144822315628582,0.13354986625907528,0.11826518914787926,0.11826518914787926
1,0,0,0,0,1,0,2,0,0,0.01669973544973545,0.01603835978835979,0.006944444444444444,0.9389880952380952,0.0,0.006531084656084656,0.0,0.007275132275132275,0.007523148148148148
2,0,0,0,1,1,0,2,0,0,0.10319801470243949,0.10319801470243949,0.20878400524418222,0.0,0.0,0.20878400524418222,0.0,0.18724539963478015,0.1887905604719764
1,0,0,2,1,1,0,2,0,0,0.003250795407386914,0.0033891271268501866,0.0,0.0,0.0,0.43311661363950754,0.0,0.2816433808272237,0.27860008299903166
1,0,0,0,0,0,0,0,0,0,0.0194,0.044,0.1151,0.0298,0.6068,0.0337,0.0722,0.0543,0.0247
2,0,0,0,0,1,0,0,0,0,0.11035040766789071,0.1209933403871289,0.13443704487458766,0.13151179436111285,0.0,0.1347482417377233,0.1280263894939939,0.1189394410904338,0.1209933403871289
1,0,0,0,0,1,2,0,0,0,0.010276224926011181,0.006658993752055245,0.9294639921078592,0.009865175928970734,0.0,0.0,0.0060835251561986185,0.017017428477474516,0.02063465965143045
2,0,0,1,0,1,2,0,0,0,0.1860126730814363,0.18681060783853556,0.0,0.21131189861534852,0.0,0.0,0.21131189861534852,0.10227646092466557,0.10227646092466557
1,0,0,1,2,1,2,0,0,0,0.2772222605337563,0.2806013378387697,0.0,0.0,0.0,0.0,0.43507344321081304,0.0035169988276670576,0.0035859595889938625
1,0,0,0,0,0,0,0,0,0,0.0306,0.0315,0.175,0.04,0.4417,0.0519,0.149,0.0531,0.0272
2,0,0,0,0,1,0,0,0,0,0.1251387347391787,0.1311736958934517,0.1365149833518313,0.13214483906770255,0.0,0.13491953385127636,0.13214483906770255,0.1120976692563818,0.09586570477247502
1,0,0,2,0,1,0,0,0,0,0.005849419236232974,0.006852176819587198,0.0,0.00718642934737194,0.0,0.9228712292136709,0.007604245007102866,0.027659396674187348,0.021977103701846745
2,0,0,2,0,1,1,0,0,0,0.18661787767903815,0.18657035593784158,0.0,0.21132918310126883,0.0,0.0,0.20980848738297772,0.10283704794943686,0.10283704794943686
1,0,0,2,2,1,1,0,0,0,0.273778208500623,0.28381558909040566,0.0,0.0,0.0,0.0,0.43548387096774194,0.003530389035026997,0.003391942406202409
