2,0,0,0,0,0,0,0,0,0,0,0,0,0,0,0,0,0,0,0,0,0,0,0,0,0,0.012333333333333333,0.021,0.028466666666666668,0.03673333333333333,0.048466666666666665,0.023066666666666666,0.0298,0.0598,0.0624,0.044866666666666666,0.041466666666666666,0.07773333333333333,0.04013333333333333,0.07466666666666667,0.0434,0.029,0.047933333333333335,0.048466666666666665,0.051333333333333335,0.0292,0.036533333333333334,0.034,0.0262,0.0312,0.0218
1,0,0,0,0,0,0,0,0,0,0,0,2,0,0,0,0,0,0,0,0,0,0,0,0,0,0.022888957624497372,0.030621713578719456,0.03451902257964739,0.043550881534178784,0.02981750695948036,0.03594184967522425,0.06006804825239716,0.04045777915248995,0.0535725332508506,0.04794308691617693,0.02140426848128673,0.0,0.03649860810392824,0.05419115372718837,0.029322610578410145,0.04503557067738942,0.09916486235694401,0.04553046705845964,0.02796164553046706,0.0379214351995051,0.09446334673677699,0.033776678008042064,0.03451902257964739,0.020538199814413856,0.02029075162387875
2,0,0,0,0,0,0,0,0,0,0,0,2,0,0,0,0,1,0,0,0,0,0,0,0,0,0.024575352367184677,0.024575352367184677,0.03077942416576316,0.038429104927117215,0.045355981207083486,0.03686302855077701,0.030357788218286955,0.043789904830743284,0.029695217443681483,0.0336706420913143,0.023129743404409108,0.0,0.08547162992410554,0.08348391760028913,0.03704372967112396,0.06830502349114564,0.0,0.14166967835200578,0.04011564871702204,0.031863630887844836,0.045355981207083486,0.02843030960125286,0.030297554511504638,0.025900493916395616,0.020840862546681122
1,0,0,0,0,0,0,0,0,0,0,0,2,0,0,0,0,1,2,0,0,0,0,0,0,0,0.019595412368163218,0.022016022131289264,0.01861564174975506,0.026050371736499336,0.05365684974929399,0.027721745144372083,0.034753040170595356,0.04529998270993026,0.05463662036770215,0.03636678001267939,0.01625266555241773,0.0,0.32908766065356465,0.04766295890726759,0.025935104604921908,0.03913319117053772,0.0,0.0,0.018730908881332487,0.019134343841853495,0.057057230130828196,0.029335484986456113,0.039075557604749005,0.01994121376289551,0.01994121376289551
2,0,0,0,0,0,0,0,0,0,0,0,2,1,0,0,0,1,2,0,0,0,0,0,0,0,0.039451446231107246,0.023709498285769473,0.023323192814718237,0.02849002849002849,0.06895552658264523,0.0148727606354725,0.03399488145250857,0.026848230238060745,0.07030759573132454,0.07136993577671544,0.02457868559563475,0.0,0.0,0.18315708146216622,0.03269110048771066,0.10261239074798396,0.0,0.0,0.02916606306436815,0.019749867207494325,0.09232700758124487,0.03742334250808827,0.0353952387850693,0.01748032256506833,0.024095803756820706
1,0,0,0,0,0,0,0,0,0,0,0,2,1,2,0,0,1,2,0,0,0,0,0,0,0,0.009844614729672201,0.015006385696040868,0.017294593444018732,0.021871008939974457,0.08189655172413793,0.013250319284802043,0.014580672626649638,0.014101745423584505,0.6296828437633035,0.022243507875691782,0.010483184333759046,0.0,0.0,0.0,0.014261387824606215,0.028575989782886335,0.0,0.0,0.013250319284802043,0.01489995742869306,0.022988505747126436,0.01277139208173691,0.01756066411238825,0.015272456364410388,0.010163899531715623
2,0,0,0,0,0,0,0,0,1,0,0,2,1,2,0,0,1,2,0,0,0,0,0,0,0,0.040324985092426956,0.043790995825879545,0.05362999403697078,0.03984048896839595,0.07990459153249851,0.03041144901610018,0.04039952295766249,0.0381633870005963,0.0,0.08236434108527131,0.037529815146094214,0.0,0.0,0.0,0.03957960644007156,0.11877608825283244,0.0,0.0,0.03011329755515802,0.03059779367918903,0.14076475849731665,0.033243887895050686,0.04729427549194991,0.037045319022063206,0.03622540250447227
1,0,0,0,0,0,0,0,0,1,0,0,2,1,2,0,0,1,2,0,0,2,0,0,0,0,0.004260758414997869,0.007083510864933958,0.009160630592245419,0.007722624627183638,0.020238602471239882,0.0054857264593097576,0.011397528760119301,0.01123775031955688,0.0,0.013794205368555603,0.008734554750745633,0.0,0.0,0.0,0.006018321261184491,0.8589688964635706,0.0,0.0,0.005965061780997018,0.005858542820622071,0.0,0.005698764380059651,0.0053792074989348106,0.006231359181934384,0.006763953983809118
2,0,0,0,0,0,0,0,0,1,0,0,2,1,2,0,1,1,2,0,0,2,0,0,0,0,0.05673531018087191,0.054293700003212646,0.056574677932341694,0.05692806887910817,0.0718989944421242,0.05445433225174286,0.052462492369968194,0.05853439136441032,0.0,0.07013203970829184,0.05445433225174286,0.0,0.0,0.0,0.056574677932341694,0.0,0.0,0.0,0.05888778231117679,0.06033347254794873,0.0,0.060976001542069586,0.062293185980017346,0.05985157580235808,0.054614964500273075
1,0,0,0,0,2,0,0,0,1,0,0,2,1,2,0,1,1,2,0,0,2,0,0,0,0,0.0038869872947728725,0.0038289725590299937,0.004003016766258629,0.0035969136160584787,0.0,0.004061031502001509,0.004409119916458781,0.004409119916458781,0.0,0.9319487149736033,0.004409119916458781,0.0,0.0,0.0,0.00487323780240181,0.0,0.0,0.0,0.004699193595173174,0.004409119916458781,0.0,0.005859488310030748,0.004583164123687417,0.005163311481116204,0.005859488310030748
1,0,0,0,0,0,0,0,0,0,0,0,0,0,0,0,0,0,0,0,0,0,0,0,0,0,0.014466666666666666,0.0178,0.0356,0.0386,0.05506666666666667,0.022133333333333335,0.034,0.05753333333333333,0.07206666666666667,0.04586666666666667,0.031466666666666664,0.0456,0.06506666666666666,0.0388,0.0422,0.039,0.0618,0.039933333333333335,0.02666666666666667,0.031066666666666666,0.05026666666666667,0.038733333333333335,0.03573333333333333,0.0306,0.029933333333333333
2,0,0,0,0,0,0,0,0,1,0,0,0,0,0,0,0,0,0,0,0,0,0,0,0,0,0.02667910447761194,0.027487562189054727,0.038868159203980096,0.028544776119402985,0.027487562189054727,0.027860696517412936,0.04701492537313433,0.09004975124378109,0.0,0.040049751243781094,0.02866915422885572,0.0570273631840796,0.06032338308457712,0.04788557213930348,0.02475124378109453,0.051741293532338306,0.10031094527363184,0.029228855721393034,0.04079601990049751,0.03364427860696517,0.05385572139303483,0.040174129353233834,0.037562189054726365,0.02394278606965174,0.016044776119402984
1,0,0,0,0,0,0,0,0,1,0,0,0,0,0,0,0,2,0,0,0,0,0,0,0,0,0.032205634481098,0.03641945581507344,0.06188297616181074,0.022212858174813388,0.0576691548278353,0.03623886347218878,0.04803756320732001,0.08006260534553335,0.0,0.04298097760654948,0.02799181314712256,0.1621719239104262,0.03340958343366241,0.03840597158680472,0.029978328918853842,0.03322899109077775,0.0,0.034733927281483265,0.020948711774620755,0.018962196002889477,0.05134842282687214,0.06314712256200337,0.025162533108596195,0.02474115097519865,0.018059234288466168
2,0,0,0,0,0,0,0,0,1,0,0,1,0,0,0,0,2,0,0,0,0,0,0,0,0,0.018538405018934043,0.031424857288193074,0.029333634770813317,0.038150681060306335,0.08240547109026168,0.033629118860566326,0.03978974735771209,0.13231221386989206,0.0,0.06347142937885039,0.05391962923189962,0.0,0.1429944045667778,0.032385689255637826,0.04289832137003335,0.045837336799864355,0.0,0.029220595715819815,0.016277623919064038,0.018990561238908042,0.03871587633527384,0.046119934437348103,0.02249477194370655,0.024981631153563555,0.016108065336573787
1,0,0,0,0,0,0,0,0,1,0,0,1,2,0,0,0,2,0,0,0,0,0,0,0,0,0.008272006389411831,0.018711848936048832,0.01386274174225569,0.024530777568600604,0.01477551486108734,0.009070682868389525,0.012493582064008215,0.7222317302755434,0.0,0.017456785897655314,0.018768897255975813,0.0,0.0,0.016429916138969707,0.013007016943351019,0.011010325745906784,0.0,0.009013634548462547,0.011809002224884476,0.010268697586856067,0.016201722859261795,0.016601061098750643,0.010040504307148155,0.011866050544811456,0.0135775001426208
2,0,0,0,0,0,0,0,1,1,0,0,1,2,0,0,0,2,0,0,0,0,0,0,0,0,0.027224411583932896,0.035503814309989515,0.034419176398279044,0.025344372536968075,0.09476119888643841,0.04974872555045374,0.04671173939766441,0.0,0.0,0.11352543475902961,0.10011207925087674,0.0,0.0,0.057088108753027944,0.032032972992516,0.12440796847319137,0.0,0.03105679887197657,0.044180917603673306,0.022415850175349795,0.041107776853826966,0.034527640189450086,0.029936006363209082,0.02823674030152934,0.027658266748617086
1,0,0,0,0,0,0,0,1,1,0,0,1,2,0,0,2,2,0,0,0,0,0,0,0,0,0.02190889370932755,0.03226681127982647,0.02440347071583514,0.011767895878524946,0.03882863340563991,0.036225596529284164,0.03183297180043384,0.0,0.0,0.04289587852494577,0.5428958785249458,0.0,0.0,0.035357917570498915,0.02467462039045553,0.0,0.0,0.015184381778741865,0.017462039045553147,0.02077006507592191,0.030422993492407808,0.024620390455531452,0.013503253796095445,0.018004338394793925,0.016973969631236444
2,0,0,0,0,0,0,0,1,1,0,1,1,2,0,0,2,2,0,0,0,0,0,0,0,0,0.0320671731307477,0.03258696521391444,0.037265093962415036,0.03442622950819672,0.12838864454218313,0.04354258296681327,0.036225509796081565,0.0,0.0,0.1267093162734906,0.0,0.0,0.0,0.08988404638144742,0.06645341863254699,0.0,0.0,0.04354258296681327,0.04866053578568572,0.04354258296681327,0.04914034386245502,0.05105957616953219,0.05033986405437825,0.04402239104358257,0.04214314274290284
1,0,0,0,0,2,0,0,1,1,0,1,1,2,0,0,2,2,0,0,0,0,0,0,0,0,0.00971993410214168,0.011696869851729819,0.00829214717188358,0.006809445359692476,0.0,0.010763316858868754,0.008676551345414608,0.0,0.0,0.7831411312465678,0.0,0.0,0.0,0.04415156507413509,0.0185612300933553,0.0,0.0,0.010653487095002745,0.017902251510159253,0.008731466227347611,0.015925315760571115,0.010818231740801758,0.012136188907193849,0.011202635914332784,0.010818231740801758
1,0,0,0,0,0,0,0,0,0,0,0,0,0,0,0,0,0,0,0,0,0,0,0,0,0,0.016666666666666666,0.0262,0.030333333333333334,0.043666666666666666,0.0644,0.0254,0.04953333333333333,0.0344,0.07553333333333333,0.03266666666666666,0.028666666666666667,0.04393333333333333,0.032466666666666665,0.0532,0.028066666666666667,0.030933333333333334,0.06953333333333334,0.04833333333333333,0.0506,0.026133333333333335,0.036,0.0598,0.031133333333333332,0.033,0.0294
2,0,0,0,0,0,0,0,0,1,0,0,0,0,0,0,0,0,0,0,0,0,0,0,0,0,0.027336969997520458,0.02417555169848748,0.040788494916935286,0.02938259360277709,0.04302008430448798,0.03539548723034962,0.04221423258120506,0.09025539300768659,0.0,0.053620133895363256,0.04326803868088272,0.06601785271510043,0.0626084800396727,0.03353582940738904,0.02894867344408629,0.04382593602777089,0.07153483758988347,0.04779320605008679,0.028142821720803374,0.02225390528142822,0.070047111331515,0.02374163153979668,0.028266798909000745,0.024857426233573024,0.01896850979419787
1,0,0,0,0,0,0,0,2,1,0,0,0,0,0,0,0,0,0,0,0,0,0,0,0,0,0.03050744454573078,0.01452446065025828,0.03840777879064114,0.055363111516256454,0.029595867517471893,0.029656639319355818,0.037253114554846554,0.0,0.0,0.026800364630811303,0.028380431479793376,0.047888179884533574,0.17994530537830447,0.023944089942266787,0.031965967790945,0.03822546338498937,0.09407474931631724,0.06198723792160438,0.0265572774232756,0.019690063810391976,0.07031297477970222,0.03773928896991796,0.030021270130659375,0.020054694621695533,0.027104223640230934
2,0,0,0,0,0,0,0,2,1,0,0,0,1,0,0,0,0,0,0,0,0,0,0,0,0,0.020267260579064587,0.029621380846325165,0.038084632516703784,0.04404231625835189,0.0650890868596882,0.022160356347438754,0.02605790645879733,0.0,0.0,0.07783964365256124,0.03569042316258352,0.21597995545657014,0.0,0.03151447661469933,0.02783964365256125,0.06297327394209354,0.07126948775055679,0.024498886414253896,0.028674832962138085,0.022828507795100223,0.0645879732739421,0.027282850779510023,0.020879732739420936,0.016926503340757237,0.02589086859688196
1,0,0,0,0,0,0,0,2,1,0,0,2,1,0,0,0,0,0,0,0,0,0,0,0,0,0.012660239432143236,0.010011653776883145,0.0232545820531836,0.015202881661192923,0.016897976480559383,0.012130522301091217,0.01981142070134548,0.0,0.0,0.01393156054666808,0.009481936645831126,0.0,0.0,0.013454815128721263,0.013772645407352473,0.04216548363174065,0.6313698485009005,0.02012925097997669,0.012660239432143236,0.014779107956351309,0.053766288801779846,0.01663311791503337,0.01541476851361373,0.013242928276300456,0.01922873185718826
2,0,0,0,0,0,0,0,2,1,0,0,2,1,0,0,0,1,0,0,0,0,0,0,0,0,0.023070064640760828,0.03220893082695594,0.04301954082769894,0.03878445649751096,0.14391856750130025,0.022698566015305743,0.025596255293855414,0.0,0.0,0.14495876365257448,0.0251133070807638,0.0,0.0,0.05579909354335389,0.04662307749461327,0.07192213388810462,0.0,0.04788617282116056,0.041496396463333085,0.03451222230477747,0.08057805186120812,0.033174827253139166,0.025596255293855414,0.03425217326695891,0.028791143472769152
1,0,0,0,0,0,0,0,2,1,2,0,2,1,0,0,0,1,0,0,0,0,0,0,0,0,0.012009946563673879,0.016242526850431194,0.01925824030474578,0.02005184910851278,0.5107666261044389,0.01745939368287392,0.01645415586476906,0.0,0.0,0.0,0.013226813396116607,0.0,0.0,0.0228559335484895,0.03539495264800804,0.06914978043489763,0.0,0.024390243902439025,0.026189090524310885,0.014496587482143802,0.09771969737050949,0.017565208190042855,0.019311147558330247,0.02666525580657108,0.020792550658695307
2,0,0,0,0,1,0,0,2,1,2,0,2,1,0,0,0,1,0,0,0,0,0,0,0,0,0.04924349977690342,0.05573358211982315,0.06498194945848375,0.06307548777025108,0.0,0.04741816411795725,0.056707094471261106,0.0,0.0,0.0,0.053178112197298504,0.0,0.0,0.04802660933760597,0.05630146432482862,0.0889546911126435,0.0,0.049608566908692656,0.05062264227477386,0.04380805581470815,0.0830730539893725,0.04603902162008681,0.05301586013872551,0.04904068470368718,0.04117145986289701
1,0,0,0,0,1,0,0,2,1,2,0,2,1,0,0,2,1,0,0,0,0,0,0,0,0,0.005700325732899023,0.005002326663564449,0.007968822708236388,0.007619823173569102,0.0,0.006165658445788739,0.004711493718008376,0.0,0.0,0.0,0.006165658445788739,0.0,0.0,0.006165658445788739,0.004827826896230805,0.0,0.0,0.004885993485342019,0.004944160074453234,0.004944160074453234,0.9112377850162866,0.0058166589111214514,0.0057584923220102375,0.0034318287575616567,0.004653327128897162
2,0,0,0,0,0,0,0,0,0,0,0,0,0,0,0,0,0,0,0,0,0,0,0,0,0,0.022266666666666667,0.028466666666666668,0.027066666666666666,0.0334,0.06186666666666667,0.039466666666666664,0.029533333333333335,0.0472,0.0584,0.027133333333333332,0.051333333333333335,0.03813333333333333,0.0594,0.06386666666666667,0.03153333333333333,0.04073333333333334,0.03953333333333333,0.05146666666666667,0.0598,0.030933333333333334,0.0444,0.0372,0.030733333333333335,0.027666666666666666,0.018466666666666666
1,0,0,0,0,0,0,0,0,0,0,0,0,0,2,0,0,0,0,0,0,0,0,0,0,0,0.026759415930312714,0.033402268596854044,0.020555242213448642,0.07175534248292285,0.09331327943849095,0.027574105408284765,0.030268847527730777,0.074199410916839,0.08128094253305759,0.0370997054584195,0.02644607382340039,0.03102086858432036,0.04718932130099643,0.0,0.024816694867456288,0.029454158049758726,0.04230118443316413,0.05458419502412734,0.050886758162561885,0.0291408159428464,0.046687973929936705,0.027699442251049696,0.03985711599924798,0.030394184370495708,0.02331265275427712
2,0,0,0,0,1,0,0,0,0,0,0,0,0,2,0,0,0,0,0,0,0,0,0,0,0,0.020257156720038815,0.025715672003881612,0.046518680252304705,0.10613779718583212,0.0,0.02802037845705968,0.06319747695293547,0.08867054827753518,0.12615235322658905,0.01601164483260553,0.044699175157690445,0.0396045608927705,0.05052159146045609,0.0,0.01977195536147501,0.030992236778262978,0.06859534206695779,0.038452207666181466,0.022016011644832606,0.02341096555070354,0.035540999514798645,0.03353954391072295,0.027717127607957304,0.02947598253275109,0.014980591945657448
1,0,0,0,0,1,0,0,0,2,0,0,0,0,2,0,0,0,0,0,0,0,0,0,0,0,0.022132443351484277,0.02406464078693132,0.03249604777797295,0.4989167984074009,0.0,0.01990748872884829,0.02002459160372387,0.03659464839861819,0.0,0.011066221675742139,0.013818139235318227,0.03179343052871948,0.017038468294396626,0.0,0.015399028046138533,0.017038468294396626,0.01171028748755782,0.034135488026231044,0.04086890333157679,0.015399028046138533,0.03226184202822179,0.024181743661806896,0.03296445927747526,0.024942912348498155,0.02324492066280227
2,0,0,0,1,1,0,0,0,2,0,0,0,0,2,0,0,0,0,0,0,0,0,0,0,0,0.02891156462585034,0.07040816326530612,0.08903061224489796,0.0,0.0,0.03562925170068027,0.1415391156462585,0.17814625850340135,0.0,0.018494897959183673,0.043154761904761904,0.05722789115646258,0.021301020408163264,0.0,0.026062925170068026,0.04523809523809524,0.030654761904761903,0.025595238095238095,0.018835034013605444,0.02312925170068027,0.04187925170068027,0.0352891156462585,0.02351190476190476,0.028826530612244897,0.017134353741496598
1,0,0,0,1,1,0,0,2,2,0,0,0,0,2,0,0,0,0,0,0,0,0,0,0,0,0.011308562197092083,0.012559278753452498,0.7654906456824222,0.0,0.0,0.00839022356558445,0.020897389129188596,0.0,0.0,0.007764865287404242,0.014331127208296419,0.011777580905727239,0.00839022356558445,0.0,0.010631090729063526,0.01016207202042837,0.01615508885298869,0.016571994371775495,0.017301579029652406,0.011100109437698681,0.015425504195111782,0.010735317108760228,0.012246599614362395,0.008911355464067955,0.009849392881338266
2,0,0,1,1,1,0,0,2,2,0,0,0,0,2,0,0,0,0,0,0,0,0,0,0,0,0.07356507679870655,0.08030180544327674,0.0,0.0,0.0,0.14002290487739155,0.14352600377256805,0.0,0.0,0.021456480732956078,0.0637631366208569,0.03290891942872541,0.03432363244408515,0.0,0.04250875774723794,0.04015090272163837,0.03567097817299919,0.03540150902721639,0.041565615736998116,0.026744812718943682,0.057262193478846674,0.027250067367286447,0.04176771759633522,0.029978442468337377,0.03183104284559418
1,0,0,1,1,1,0,2,2,2,0,0,0,0,2,0,0,0,0,0,0,0,0,0,0,0,0.007061266874350987,0.9095015576323987,0.0,0.0,0.0,0.009709241952232606,0.0,0.0,0.0,0.0036863966770508826,0.0042575285565939775,0.0065420560747663555,0.0036863966770508826,0.0,0.0029075804776739354,0.004932502596053998,0.004205607476635514,0.005711318795430945,0.004776739356178609,0.004776739356178609,0.007217030114226376,0.005088265835929387,0.006438213914849429,0.004984423676012461,0.004517133956386293
2,0,1,1,1,1,0,2,2,2,0,0,0,0,2,0,0,0,0,0,0,0,0,0,0,0,0.07005781768975274,0.0,0.0,0.0,0.0,0.07147250584327716,0.0,0.0,0.0,0.05575716570303851,0.05378890392422192,0.05621847705744864,0.053973428465985976,0.0,0.056403001599212695,0.05412719891745602,0.0591093615450855,0.06089309878213803,0.060093492434493787,0.05412719891745602,0.05830975519744126,0.05658752614097675,0.06246155738713249,0.05830975519744126,0.05830975519744126
1,0,1,1,1,1,2,2,2,2,0,0,0,0,2,0,0,0,0,0,0,0,0,0,0,0,0.9318247416729204,0.0,0.0,0.0,0.0,0.0,0.0,0.0,0.0,0.0045604110142585,0.004675864457657449,0.0037522369104658546,0.003809963632165329,0.0,0.004906771344455349,0.004040870518963228,0.004329504127460602,0.004675864457657449,0.005945852335045893,0.004964498066154823,0.003348149858569532,0.004618137735957975,0.003348149858569532,0.00554176528314957,0.00565721872654852
2,0,0,0,0,0,0,0,0,0,0,0,0,0,0,0,0,0,0,0,0,0,0,0,0,0,0.0132,0.03426666666666667,0.027733333333333332,0.0268,0.04546666666666667,0.028133333333333333,0.036333333333333336,0.04753333333333333,0.07046666666666666,0.03933333333333333,0.026866666666666667,0.041133333333333334,0.0702,0.03793333333333333,0.03353333333333333,0.03546666666666667,0.06733333333333333,0.0626,0.03726666666666666,0.048,0.04853333333333333,0.03386666666666667,0.033933333333333336,0.023933333333333334,0.030133333333333335
1,0,0,0,0,0,0,0,0,2,0,0,0,0,0,0,0,0,0,0,0,0,0,0,0,0,0.02528649725959143,0.025099651220727454,0.022608370702541108,0.03973592426507225,0.06969357249626308,0.013203786746387643,0.03680866965620329,0.033632286995515695,0.0,0.029646238166417538,0.0304559043348281,0.04453163926258097,0.0726831091180867,0.11061285500747384,0.028026905829596414,0.0275909317389138,0.07069008470353762,0.0666417538614848,0.03998505231689088,0.02528649725959143,0.05150722471350274,0.05038614848031888,0.03444195316392626,0.031639262580966616,0.019805680119581465
2,0,0,0,0,0,0,0,0,2,0,0,0,0,1,0,0,0,0,0,0,0,0,0,0,0,0.02533532041728763,0.024560357675111773,0.02044709388971684,0.02640834575260805,0.024858420268256333,0.030044709388971684,0.030342771982116244,0.028614008941877794,0.0,0.0493591654247392,0.024262295081967214,0.05657228017883756,0.16858420268256333,0.0,0.03129657228017884,0.05955290611028316,0.09454545454545454,0.049657228017883755,0.029865871833084947,0.023189269746646795,0.09758569299552906,0.0276602086438152,0.02211624441132638,0.03290611028315946,0.022235469448584202
1,0,0,0,0,0,0,0,0,2,0,0,0,2,1,0,0,0,0,0,0,0,0,0,0,0,0.022718348572390194,0.018735625736242777,0.03685420990632187,0.05738486565322264,0.048409715599932686,0.018735625736242777,0.03068379424468503,0.02771077578953273,0.0,0.04280024681662647,0.03511527458349694,0.03657373646715656,0.0,0.0,0.02355976888988613,0.03259101363100914,0.06647220508217871,0.20912099624165592,0.037246872721153304,0.02771077578953273,0.07729847983395972,0.06260167162169743,0.03937847085880967,0.02743030235036742,0.02086722387389914
2,0,0,0,0,0,0,0,0,2,0,0,0,2,1,0,0,0,1,0,0,0,0,0,0,0,0.012922518289101298,0.014364286858546484,0.009985582314305548,0.01927697976184119,0.022534308752069205,0.015752656592086293,0.012815720617290543,0.02103914134671864,0.0,0.023655684306082128,0.014791477545789501,0.01927697976184119,0.0,0.0,0.018636193730976663,0.02103914134671864,0.6147807977786084,0.0,0.012388529930047526,0.009825385806589416,0.073743792385326,0.02285470176750147,0.016607037966572327,0.011854541570993752,0.011854541570993752
1,0,0,0,0,0,0,0,0,2,0,0,0,2,1,0,0,2,1,0,0,0,0,0,0,0,0.03402232951116475,0.03424864212432106,0.04220730235365118,0.12292546771273385,0.15268557634278818,0.028289076644538322,0.03217410983705492,0.04669583584791792,0.0,0.03255129752564876,0.034852142426071216,0.04198098974049487,0.0,0.0,0.03764333132166566,0.029081170790585396,0.0,0.0,0.03594598672299336,0.03934067592033796,0.08780929390464695,0.06944025347012674,0.03130657815328908,0.030099577549788776,0.03670036210018105
2,0,0,0,0,1,0,0,0,2,0,0,0,2,1,0,0,2,1,0,0,0,0,0,0,0,0.01417546070247283,0.02719588386622565,0.02887593846800021,0.5233895101590802,0.0,0.014647976059221924,0.019845644983461964,0.02430829001942563,0.0,0.028403423111251117,0.016118023835774663,0.02257573371134562,0.0,0.0,0.017325563080800126,0.01716805796188376,0.0,0.0,0.012390402688087363,0.014385467527694651,0.08500026250853153,0.08862288024360791,0.01638053236730194,0.014332965821389196,0.014857982884443744
1,0,0,0,2,1,0,0,0,2,0,0,0,2,1,0,0,2,1,0,0,0,0,0,0,0,0.05286767061839154,0.04870233899391221,0.053468439602691445,0.0,0.0,0.03981095802627363,0.051906440243511695,0.04449695610381288,0.0,0.06772669016340917,0.05226690163409164,0.048902595322012174,0.0,0.0,0.06600448574174944,0.035405318808074335,0.0,0.0,0.050905158603011855,0.05266741429029157,0.08550945209868632,0.09119673181672541,0.0512656199935918,0.05639218199295098,0.05050464594681192
2,0,0,0,2,1,0,0,0,2,0,0,0,2,1,0,0,2,1,0,0,0,1,0,0,0,0.0046307015512850195,0.005151655475804585,0.004688585320676082,0.0,0.0,0.005730493169715212,0.004688585320676082,0.006772401018754341,0.0,0.010245427182218107,0.006077795786061589,0.0054989580921509604,0.0,0.0,0.005788376939106275,0.004920120398240333,0.0,0.0,0.006367214633016902,0.006019912016670526,0.9075017365130817,0.0,0.004862236628849271,0.004051863857374392,0.0070039360963185925
2,0,0,0,0,0,0,0,0,0,0,0,0,0,0,0,0,0,0,0,0,0,0,0,0,0,0.018,0.035866666666666665,0.029266666666666667,0.037866666666666667,0.04,0.035866666666666665,0.0212,0.06866666666666667,0.0394,0.03386666666666667,0.024333333333333332,0.053533333333333336,0.06926666666666667,0.06526666666666667,0.035866666666666665,0.0514,0.06333333333333334,0.03966666666666667,0.04646666666666667,0.017666666666666667,0.0554,0.0364,0.03206666666666667,0.0216,0.027733333333333332
1,0,0,0,0,0,0,0,0,0,0,0,0,2,0,0,0,0,0,0,0,0,0,0,0,0,0.02144905848609552,0.02400548696844993,0.03940640977678015,0.05717670532485347,0.05854844743733632,0.021636114228706822,0.032984162613792244,0.04981917944880908,0.045142785883526625,0.04264870931537598,0.020638483601446565,0.02481606185309889,0.0,0.05486968449931413,0.03834642723531612,0.027310138421249533,0.06478363885771293,0.10749470008729269,0.03497942386831276,0.01789499937648086,0.06515775034293553,0.06440952737249034,0.03822172340690859,0.03155006858710562,0.016710313006609304
2,0,0,0,0,0,0,0,0,0,0,0,0,2,0,0,0,0,1,0,0,0,0,0,0,0,0.027387430484960833,0.024457334210368952,0.024756323626143634,0.03946660288225797,0.05250254141003408,0.03420438916462357,0.04078215631166657,0.030616516175327395,0.043712252586258445,0.04765891287448425,0.030915505591102076,0.03821084733600431,0.0,0.0467619446271602,0.027387430484960833,0.03910781558332835,0.17144053100520243,0.0,0.040961549961131376,0.030616516175327395,0.09693236859415176,0.035938527776116724,0.02415834479459427,0.027148238952341086,0.024875919392453507
1,0,0,0,0,0,0,0,0,0,0,0,0,2,0,0,0,2,1,0,0,0,0,0,0,0,0.026530840703011305,0.0303369528713758,0.041811261614239335,0.04880779133549759,0.06425612896003582,0.03240792566886824,0.03184820329116758,0.10964961379155938,0.09101085861412739,0.037613343781484385,0.025859173849770514,0.029945147206985337,0.0,0.03475875965521102,0.03140042538900705,0.024851673569909326,0.0,0.0,0.03285570357102877,0.03257584238217844,0.10651516847643569,0.1002462778461883,0.019926116646143514,0.024403895667748796,0.02238889510802642
2,0,0,0,0,0,0,0,1,0,0,0,0,2,0,0,0,2,1,0,0,0,0,0,0,0,0.016629319495223494,0.03219719306521995,0.021110980068404294,0.033317608208515155,0.11050831465974761,0.027833470928175494,0.059323033376577426,0.0,0.21800919919801864,0.03384833117112867,0.04941620474112513,0.05431064984078311,0.0,0.04522939025828517,0.02500294846090341,0.02116994928647246,0.0,0.0,0.01562684278806463,0.02871800919919802,0.07919565986555019,0.06751975468805284,0.013680858591815073,0.023233871918858357,0.02411841018988088
1,0,0,0,0,0,0,0,1,2,0,0,0,2,0,0,0,2,1,0,0,0,0,0,0,0,0.02631578947368421,0.02519255455712452,0.025353016688061617,0.14751818570817288,0.13478818998716302,0.036585365853658534,0.04150620453572957,0.0,0.0,0.03332263585793753,0.037655113393239195,0.03594351732991014,0.0,0.03845742404792469,0.0230530594779632,0.028883183568677792,0.0,0.0,0.0280808729139923,0.042736414206247325,0.11890243902439024,0.09558194266153187,0.02267864783910997,0.02647625160462131,0.030969191270860078
2,0,0,0,1,0,0,0,1,2,0,0,0,2,0,0,0,2,1,0,0,0,0,0,0,0,0.013177901672579827,0.011713690375626513,0.012671059300557527,0.0,0.7816635692966154,0.010305794897786788,0.011094216365377035,0.0,0.0,0.011488427099172157,0.009855268344878076,0.015092639522441853,0.0,0.011263163822717802,0.01131947964183139,0.010249479078673199,0.0,0.0,0.009967899983105254,0.010531058174241143,0.02117474798670947,0.017176324829644648,0.011094216365377035,0.011150532184490624,0.009010531058174242
1,0,0,0,1,2,0,0,1,2,0,0,0,2,0,0,0,2,1,0,0,0,0,0,0,0,0.03944042383739049,0.04297240209148516,0.034904255687523804,0.0,0.0,0.0470584161501437,0.045430935974237335,0.0,0.0,0.052494892482426676,0.036878008241282595,0.03254960351812736,0.0,0.06253679144014682,0.06077080231309948,0.038574742892759445,0.0,0.0,0.07306347172686035,0.05467640846289692,0.10855639045673326,0.11087641538834447,0.05824301395477683,0.05329131895148724,0.047681706430278054
2,0,0,0,1,2,0,0,1,2,0,0,0,2,0,0,0,2,1,0,0,0,1,0,0,0,0.006043623976704576,0.00813142135047525,0.009724740398879182,0.0,0.0,0.009340146145816164,0.008241305422778969,0.0,0.0,0.010054392615790341,0.006922696555134333,0.005494203615185979,0.0,0.014175045327179826,0.01307620460414263,0.007142464699741773,0.0,0.0,0.013131146640294489,0.008186363386627109,0.8492939948354487,0.0,0.010658755013460799,0.01043898686885336,0.009944508543486621
1,0,0,0,0,0,0,0,0,0,0,0,0,0,0,0,0,0,0,0,0,0,0,0,0,0,0.022533333333333332,0.026933333333333333,0.0394,0.0322,0.0628,0.029266666666666667,0.04086666666666667,0.049666666666666665,0.0582,0.0316,0.021266666666666666,0.0466,0.066,0.05706666666666667,0.038266666666666664,0.03493333333333333,0.05393333333333333,0.0376,0.0534,0.03353333333333333,0.04546666666666667,0.049466666666666666,0.026266666666666667,0.0246,0.018133333333333335
2,0,0,0,0,0,0,0,0,0,0,0,0,1,0,0,0,0,0,0,0,0,0,0,0,0,0.015197948589655388,0.028519607229970604,0.029332666208018013,0.037588341985114765,0.06341860028769779,0.023828882356620177,0.04209143786353118,0.027018575270498467,0.05829007442616799,0.04152855087872913,0.04784539370817437,0.05960347739070611,0.0,0.07405091000062543,0.028519607229970604,0.04390518481456001,0.07342548001751203,0.03677528300706736,0.04703233473012696,0.021264619425855277,0.07874163487397585,0.03220964413033961,0.03002063918944274,0.03289761711176434,0.02689348927387579
1,0,0,0,0,0,0,0,0,0,0,0,0,1,0,0,0,0,0,0,0,2,0,0,0,0,0.02884733669578054,0.02429573133226719,0.047422807233362035,0.036966416533398945,0.06507565506212326,0.027986222167548282,0.0712879813015131,0.0418870709804404,0.04157953007750031,0.04434739820396113,0.05191290441628737,0.10093492434493788,0.0,0.055910936154508546,0.02743264854225612,0.10044285890023373,0.054065690736868004,0.02774018944519621,0.031738221183417396,0.025218354041087465,0.0,0.026079468569319718,0.02097428958051421,0.024172714971091157,0.02368064952638701
2,0,0,0,0,0,0,0,0,0,0,0,0,1,0,0,1,0,0,0,0,2,0,0,0,0,0.025493025493025494,0.018698893698893698,0.02873977873977874,0.03228715728715729,0.05705868205868206,0.027597402597402596,0.027898027898027897,0.03433140933140933,0.0885040885040885,0.08597883597883597,0.023629148629148628,0.08597883597883597,0.0,0.09187109187109187,0.02873977873977874,0.0,0.12397787397787398,0.039442039442039445,0.05284992784992785,0.016895141895141894,0.0,0.023088023088023088,0.03288840788840789,0.030844155844155844,0.02320827320827321
1,0,0,0,0,0,0,0,0,0,0,0,0,1,0,0,1,2,0,0,0,2,0,0,0,0,0.018287321962370318,0.010726217689467205,0.018521774808041732,0.026610397983705528,0.018697614442295292,0.018463161596623878,0.02291776566438075,0.024617548795498507,0.02367973741281285,0.024090029892737824,0.015415274602895492,0.6522478166578747,0.0,0.02795850184631616,0.012543227243420668,0.0,0.0,0.015591114237149054,0.0138913311060313,0.011839868706406425,0.0,0.015942793505656173,0.009378113826856573,0.011136510169392181,0.007443877850067405
2,0,0,0,0,0,0,0,0,0,0,0,1,1,0,0,1,2,0,0,0,2,0,0,0,0,0.020170704635051863,0.013472652811268037,0.018945918015845678,0.03969074137865044,0.12929153748995292,0.01737666015998775,0.016572893941133694,0.029165231369847285,0.1157423355149845,0.08175450683201287,0.016113598958931375,0.0,0.0,0.2110077697401156,0.0490297393500976,0.0,0.0,0.03926972097829831,0.04470471160102576,0.03636085275768362,0.0,0.022428904964213264,0.03299268955486661,0.03689669690358633,0.02901213304244651
1,0,0,0,0,0,0,0,0,0,0,0,1,1,2,0,1,2,0,0,0,2,0,0,0,0,0.010822932917316693,0.01438182527301092,0.015893135725429018,0.02559477379095164,0.07868564742589704,0.010384165366614665,0.013650546021840874,0.02778861154446178,0.6049629485179407,0.02925117004680187,0.008482839313572544,0.0,0.0,0.0,0.008531591263650546,0.0,0.0,0.05523595943837754,0.025204758190327612,0.01062792511700468,0.0,0.01267550702028081,0.018964508580343212,0.015600624024960999,0.01326053042121685
2,0,0,0,0,0,0,0,0,1,0,0,1,1,2,0,1,2,0,0,0,2,0,0,0,0,0.04703006421482779,0.04279772329246935,0.052940747227086984,0.03805458260361938,0.09562901342673671,0.048817863397548164,0.03849241097489784,0.04137478108581436,0.0,0.09960595446584938,0.044220665499124345,0.0,0.0,0.0,0.04743140688849971,0.0,0.0,0.07359165207238762,0.06924985405720957,0.051590776415645065,0.0,0.046227378867483945,0.05841360186806772,0.051590776415645065,0.052940747227086984
1,0,0,0,0,0,0,0,0,1,2,0,1,1,2,0,1,2,0,0,0,2,0,0,0,0,0.005922499858988099,0.00676857126741497,0.007389023633594676,0.0068813807885385525,0.8770376219752947,0.005866095098426307,0.005696880816740933,0.004794404647752271,0.0,0.0,0.006994190309662135,0.0,0.0,0.0,0.007106999830785718,0.0,0.0,0.0190648090698855,0.011450166394043657,0.006937785549100344,0.0,0.007840261718089006,0.00558407129561735,0.009588809295504541,0.005076428450561227
2,0,0,0,0,0,0,0,0,0,0,0,0,0,0,0,0,0,0,0,0,0,0,0,0,0,0.019466666666666667,0.024466666666666668,0.0206,0.0336,0.0618,0.0344,0.04593333333333333,0.03886666666666667,0.055,0.036066666666666664,0.026066666666666665,0.055933333333333335,0.06626666666666667,0.04833333333333333,0.0478,0.031266666666666665,0.06113333333333333,0.04473333333333333,0.038533333333333336,0.028,0.05293333333333333,0.042666666666666665,0.031066666666666666,0.032266666666666666,0.0228
1,0,0,0,0,0,0,0,0,0,0,0,0,2,0,0,0,0,0,0,0,0,0,0,0,0,0.02013380854123679,0.02088413680985431,0.04777089976864878,0.028199837428875132,0.043831676358406804,0.029450384543237666,0.02763709122741199,0.08522478584380666,0.08091039829925592,0.04026761708247358,0.02732445444882136,0.056274620146314014,0.0,0.03651597573938598,0.04026761708247358,0.03664103045082223,0.04558244231851435,0.0585881323078847,0.04820859125867567,0.029825548677546426,0.04777089976864878,0.06721690739698619,0.03432751828925155,0.028887638341774526,0.01825798786969299
2,0,0,0,0,0,0,0,1,0,0,0,0,2,0,0,0,0,0,0,0,0,0,0,0,0,0.02456912357902457,0.024813592470358147,0.01674611905635008,0.04241535264637575,0.07670211465591004,0.031842073096198506,0.07065150959540399,0.0,0.24202420242024203,0.04528786211954529,0.03722038870553722,0.06478425620339812,0.0,0.029886321965529886,0.02621928859552622,0.020657621317687325,0.03899278816770566,0.04259870431487593,0.03141425253636475,0.03226989365603227,0.02145214521452145,0.024813592470358147,0.015218188485515219,0.012895734017846229,0.02652487470969319
1,0,0,0,0,0,0,0,1,2,0,0,0,2,0,0,0,0,0,0,0,0,0,0,0,0,0.027427606941294373,0.03138351178859645,0.02616171739015771,0.09436151695764544,0.10628197689751569,0.024104646869560632,0.041352392003797665,0.0,0.0,0.02811329711482673,0.04093042882008545,0.04794556674930112,0.0,0.028218787910754786,0.027849570125006592,0.02795506092093465,0.0736853209557466,0.07057334247586898,0.051057545229178755,0.030275858431351863,0.053905796719236246,0.054802468484624715,0.060498971464739704,0.028904478084287148,0.024210137665488685
2,0,0,0,0,1,0,0,1,2,0,0,0,2,0,0,0,0,0,0,0,0,0,0,0,0,0.012812977547901727,0.014164805454331728,0.0159868343716939,0.7092394498648172,0.0,0.017162336899024334,0.01498765722346303,0.0,0.0,0.01357705419066651,0.016339485129893028,0.01851416480545433,0.0,0.01534030798166216,0.013812154696132596,0.01322440343246738,0.014870106970729987,0.0181615140472552,0.011343599388738686,0.01645703538262607,0.015457858234395204,0.012812977547901727,0.012871752674268249,0.012107676031503468,0.010755848125073469
1,0,0,0,2,1,0,0,1,2,0,0,0,2,0,0,0,0,0,0,0,0,0,0,0,0,0.019803443434567355,0.02763614867361265,0.022278873863888275,0.0,0.0,0.02128131234759477,0.0164043449346043,0.0,0.0,0.0282642429616493,0.023054755043227664,0.029187911032291437,0.0,0.03809207123328161,0.023867582945392745,0.03073967339097022,0.12122219759107367,0.2054607256336363,0.06502623217320623,0.04030887460282273,0.09373383580876377,0.08460799527081948,0.05479198995049139,0.033917091553979165,0.020320697554126948
2,0,0,0,2,1,0,0,1,2,0,0,0,2,0,0,0,0,1,0,0,0,0,0,0,0,0.01930933852140078,0.015223735408560311,0.012013618677042802,0.0,0.0,0.019017509727626457,0.017169260700389107,0.0,0.0,0.026215953307392997,0.0186284046692607,0.0259727626459144,0.0,0.03934824902723735,0.03278210116731518,0.022762645914396886,0.5330252918287938,0.0,0.040223735408560314,0.03166342412451362,0.06702334630350194,0.01906614785992218,0.017850194552529182,0.02470817120622568,0.01799610894941634
1,0,0,0,2,1,0,0,1,2,0,0,0,2,0,0,0,2,1,0,0,0,0,0,0,0,0.040026196163032594,0.042106479697973646,0.035326296324832425,0.0,0.0,0.04572771399953771,0.03767624624393251,0.0,0.0,0.04707604592033285,0.043262192772940904,0.03933276831805224,0.0,0.06664612065644503,0.06240850604823176,0.03282225132907004,0.0,0.0,0.0662223591956237,0.05547422759842823,0.11703521072501734,0.11803682872332229,0.0473071885353263,0.0535095153709839,0.050003852376916555
2,0,0,0,2,1,0,0,1,2,0,0,0,2,0,0,0,2,1,0,0,0,1,0,0,0,0.007197032608093894,0.007806012290317223,0.007473841554559043,0.0,0.0,0.008636439129712672,0.00990976028345236,0.0,0.0,0.010352654597796601,0.008636439129712672,0.005868349665061175,0.0,0.016829983945081103,0.01062946354426175,0.006975585450921774,0.0,0.0,0.014283341637601728,0.011183081437192051,0.8441565631401207,0.0,0.013120744062448099,0.009854398494159332,0.0070863090295078335
1,0,0,0,0,0,0,0,0,0,0,0,0,0,0,0,0,0,0,0,0,0,0,0,0,0,0.01633333333333333,0.022866666666666667,0.038933333333333334,0.04466666666666667,0.06373333333333334,0.0236,0.045066666666666665,0.0488,0.06306666666666666,0.0368,0.020466666666666668,0.051333333333333335,0.06673333333333334,0.03713333333333333,0.024333333333333332,0.03833333333333333,0.068,0.06186666666666667,0.0422,0.03353333333333333,0.0452,0.03626666666666667,0.025266666666666666,0.026266666666666667,0.0192
2,0,0,0,0,0,0,0,0,0,0,0,0,0,0,0,0,1,0,0,0,0,0,0,0,0,0.021349647293838567,0.021099943816717648,0.028965603346026592,0.036893688744615766,0.056869966914289284,0.019476871215431676,0.026530994444097632,0.04794306760721643,0.051938323241151135,0.026218865097696484,0.0161683001435795,0.03901616830014358,0.08071664897933704,0.08614769960671702,0.033959672888444974,0.059803982770460076,0.0,0.10013109432548849,0.05424808040451963,0.026905549659779013,0.0636119607965541,0.02291029402584431,0.03221174854859854,0.02484549597353143,0.022036331855921094
1,0,0,0,0,0,0,0,0,0,0,0,0,0,0,0,0,1,2,0,0,0,0,0,0,0,0.02077937722098416,0.021983978799012226,0.02403180148165994,0.038487020417996745,0.0626995121363609,0.016262121303378906,0.03884840089140517,0.06318135276757213,0.11184725651990604,0.05113533698729145,0.021381678009998194,0.020417996747575738,0.2007468529783774,0.04788291272661567,0.028669517557068,0.02975365897729326,0.0,0.0,0.024995482744082396,0.029151358188279228,0.032102632054447994,0.04173944467867253,0.028006986689152562,0.02077937722098416,0.0251159429018852
2,0,0,0,0,0,0,0,0,0,0,0,0,1,0,0,0,1,2,0,0,0,0,0,0,0,0.020946977962033604,0.025583678813004582,0.022856207724198125,0.040475670957887844,0.06360462579096661,0.03463888282784203,0.022583460615317477,0.02831114990181104,0.10364390137464542,0.061913593715906615,0.03082042330351298,0.028802094697796203,0.0,0.2281256818677722,0.030656775038184595,0.04920357844206851,0.0,0.0,0.028420248745363298,0.026783766092079424,0.062404538511891774,0.02574732707833297,0.02694741435740781,0.0192559458869736,0.018274056295003272
1,0,0,0,0,0,0,0,0,0,0,0,0,1,2,0,0,1,2,0,0,0,0,0,0,0,0.010322715186903707,0.010479119962462854,0.01392002502476409,0.016161826807778532,0.06386528335331838,0.013294405922527501,0.008080913403889266,0.013502945623273031,0.7042385694176528,0.01657890620926959,0.008497992805380324,0.009019342057244148,0.0,0.0,0.008237318179448413,0.008967207132057765,0.0,0.0,0.01126114384025859,0.010218445336530942,0.012720921745477296,0.023982065585735884,0.015431937855169178,0.012251707418799855,0.008967207132057765
2,0,0,0,0,0,0,0,0,1,0,0,0,1,2,0,0,1,2,0,0,0,0,0,0,0,0.02666011856736942,0.03963938681727295,0.03690321675377977,0.035850843652436244,0.07948924825481461,0.039884940540919775,0.03771003613147648,0.03409688848353036,0.0,0.07040376047988213,0.046023783632090365,0.04500648963412495,0.0,0.0,0.035956080962570594,0.1182165783842565,0.0,0.0,0.0331848317956993,0.025677903672782124,0.14487669695162592,0.05282912968744519,0.0373592450976953,0.03083453186936542,0.029396288630862594
1,0,0,0,0,0,0,0,0,1,0,0,0,1,2,0,0,1,2,0,0,2,0,0,0,0,0.021172042448638195,0.02044016937633959,0.021642532280830153,0.016048930942547963,0.10314182654608187,0.01897642323174238,0.023838151497725966,0.018924146583721053,0.0,0.0885566417481311,0.029484029484029485,0.038632442887762034,0.0,0.0,0.017826336975273145,0.47022844895185323,0.0,0.0,0.016258037534633278,0.01589210099848398,0.0,0.024726854514088556,0.02545872758638716,0.019185529823827697,0.009566626587903184
2,0,0,0,0,0,0,0,0,1,0,0,0,1,2,0,1,1,2,0,0,2,0,0,0,0,0.05330499291489539,0.044427773610069186,0.047303492539801616,0.04359423189130616,0.08718846378261232,0.048928898891389516,0.05130449278986413,0.04942902392264733,0.0,0.0897724431107777,0.05472201383679253,0.046469950821038594,0.0,0.0,0.05251312828207052,0.0,0.0,0.0,0.06122363924314412,0.04888722180545136,0.0,0.05984829540718513,0.06609985829790781,0.048720513461698756,0.046261565391347834
1,0,0,0,0,0,0,0,0,1,2,0,0,1,2,0,1,1,2,0,0,2,0,0,0,0,0.004372412988981519,0.006587768903398823,0.00454730950854078,0.007229056141782778,0.911444062263161,0.006121378184574127,0.005596688625896345,0.0063545735439864744,0.0,0.0,0.004897102547659302,0.00378942459045065,0.0,0.0,0.004838803707806215,0.0,0.0,0.0,0.004197516469422258,0.004197516469422258,0.0,0.006529470063545735,0.009502710896053168,0.004897102547659302,0.004897102547659302
2,0,0,0,0,0,0,0,0,0,0,0,0,0,0,0,0,0,0,0,0,0,0,0,0,0,0.025333333333333333,0.0366,0.0298,0.029666666666666668,0.03933333333333333,0.024333333333333332,0.050666666666666665,0.04053333333333333,0.0392,0.048,0.038533333333333336,0.0614,0.07266666666666667,0.05653333333333333,0.043333333333333335,0.04133333333333333,0.05706666666666667,0.0462,0.027133333333333332,0.019466666666666667,0.052866666666666666,0.046533333333333336,0.029066666666666668,0.025333333333333333,0.019066666666666666
1,0,0,0,0,0,0,0,0,0,0,0,0,2,0,0,0,0,0,0,0,0,0,0,0,0,0.019827211138044625,0.04189197588414444,0.03337684132015663,0.05674684567095531,0.06731307104232706,0.027223568898004848,0.05046926471502269,0.05774131394120206,0.0674373795761079,0.03704394306669153,0.030393436509416373,0.04040027347877432,0.0,0.02952327677295046,0.02635340916153894,0.02883957983715582,0.06097333581950401,0.041456896015911494,0.03486854372552676,0.028590962769594132,0.07968177015352104,0.04269998135371993,0.046926471502268634,0.025234632357511343,0.024986015289949655
2,0,0,0,0,0,0,0,0,0,0,0,0,2,0,0,0,0,0,0,0,1,0,0,0,0,0.02991216755727535,0.03058780173208034,0.02186597874823414,0.032061912658927584,0.05871875191941527,0.029359375959707636,0.027639579878385848,0.06025428413488115,0.03292181069958848,0.036668509305325225,0.0238928812726491,0.025919783797064062,0.0,0.055033474602297155,0.024691358024691357,0.023462932252318654,0.04962840120385726,0.14206744057490325,0.03943246729316381,0.036177138996376146,0.0,0.12370247527793134,0.0388796756955961,0.033106074565444385,0.024015723849886372
1,0,0,0,0,0,0,0,0,0,0,0,0,2,0,0,0,0,2,0,0,1,0,0,0,0,0.025762476894639556,0.020217190388170055,0.033098428835489836,0.06775646950092422,0.06608133086876156,0.033560536044362294,0.044766635859519406,0.1352818853974122,0.057070240295748614,0.01756007393715342,0.02634011090573013,0.054528650646950096,0.0,0.018368761552680222,0.020794824399260628,0.02616682070240296,0.023798521256931607,0.0,0.030961182994454713,0.03298290203327172,0.0,0.12014787430683918,0.09762014787430684,0.02229667282809612,0.024838262476894638
2,0,0,0,0,0,0,0,1,0,0,0,0,2,0,0,0,0,2,0,0,1,0,0,0,0,0.021740384060896144,0.030505737846721642,0.022144051669453896,0.0417507640851162,0.11458393402917941,0.037771754800761205,0.05091978547949945,0.0,0.2535609249754916,0.028660400207600484,0.03252407588951041,0.047517444207369815,0.0,0.024739057724468022,0.029064067816158237,0.034600080733521714,0.019895046421774983,0.0,0.035176748745747076,0.022317052073121502,0.0,0.04642177498414163,0.047113776598812065,0.027449397381927223,0.03154374026872729
1,0,0,0,0,0,0,0,1,2,0,0,0,2,0,0,0,0,2,0,0,1,0,0,0,0,0.022117962466487937,0.03665704268921427,0.04212208702825325,0.10636213652299444,0.13652299443184163,0.03165601154877294,0.036811713755413485,0.0,0.0,0.03371829243142916,0.02706743658486286,0.03908022272633533,0.0,0.021550835223757475,0.025623839967003507,0.019179212208702827,0.02706743658486286,0.0,0.049030727985151575,0.024644256547741803,0.0,0.11971540523819345,0.12368529593730666,0.048721385852753145,0.028665704268921427
2,0,0,0,0,1,0,0,1,2,0,0,0,2,0,0,0,0,2,0,0,1,0,0,0,0,0.007310024366747889,0.009633365444551482,0.010710035700119,0.8169660565535218,0.0,0.007083356944523149,0.012296707655692185,0.0,0.0,0.008103360344534481,0.012410041366804556,0.012183373944579814,0.0,0.00895336317787726,0.006970023233410778,0.010993369977899927,0.010993369977899927,0.0,0.008160027200090667,0.010993369977899927,0.0,0.014110047033490112,0.015640052133507113,0.007083356944523149,0.009406698022326741
1,0,0,0,2,1,0,0,1,2,0,0,0,2,0,0,0,0,2,0,0,1,0,0,0,0,0.039366331248300246,0.04415964101169432,0.03715664944248028,0.0,0.0,0.03872042425890672,0.042425890671743266,0.0,0.0,0.042425890671743266,0.04069214033179222,0.044805548001087846,0.0,0.04113407669295621,0.051400598313842805,0.03535490889311939,0.04222192004351374,0.0,0.0764889855860756,0.06088523252651618,0.0,0.11942480282839271,0.12037666576013054,0.07074381289094371,0.05221648082676095
2,0,0,0,2,1,0,0,1,2,0,0,0,2,0,0,0,0,2,0,0,1,0,1,0,0,0.009061488673139158,0.010248112189859764,0.008737864077669903,0.0,0.0,0.007713052858683927,0.009277238403451996,0.0,0.0,0.010895361380798274,0.008090614886731391,0.010248112189859764,0.0,0.009492988133764833,0.010248112189859764,0.007874865156418555,0.009223300970873786,0.0,0.02254584681769148,0.014994606256742178,0.0,0.8265911542610572,0.0,0.015372168284789644,0.009385113268608414
1,0,0,0,0,0,0,0,0,0,0,0,0,0,0,0,0,0,0,0,0,0,0,0,0,0,0.028466666666666668,0.0426,0.019266666666666668,0.04006666666666667,0.0628,0.020533333333333334,0.03453333333333333,0.0524,0.05673333333333333,0.0406,0.030733333333333335,0.067,0.07293333333333334,0.035133333333333336,0.028666666666666667,0.027133333333333332,0.0672,0.056133333333333334,0.024733333333333333,0.0346,0.0528,0.037533333333333335,0.029333333333333333,0.022466666666666666,0.0156
2,0,0,0,0,0,0,0,0,0,0,0,0,1,0,0,0,0,0,0,0,0,0,0,0,0,0.021002920524451626,0.016963897346672467,0.03256074069471199,0.03541912632821724,0.057354129124464054,0.037407568508046975,0.0433728950475362,0.03809109550736345,0.06549431429814205,0.03430062760206301,0.027838190517616355,0.10327471571490711,0.0,0.06791772820480954,0.03013732678804449,0.03715901323556826,0.03871248368856024,0.04567203131796433,0.048281861678990866,0.02603616479214565,0.06512148138942397,0.04871683340582862,0.029764493879326417,0.03001304915180513,0.01938731125333996
1,0,0,0,0,0,0,0,0,0,0,0,2,1,0,0,0,0,0,0,0,0,0,0,0,0,0.024368285216973772,0.0391333053238101,0.021487305683932537,0.04063381549726907,0.056599243742872576,0.02874977492347398,0.036012244163015426,0.05215773362943401,0.052397815257187445,0.03841306044054979,0.019686693475781766,0.0,0.0,0.036012244163015426,0.015545285397034992,0.045615509273152874,0.22327591381069564,0.03799291759198127,0.02550867294880259,0.028089550447152032,0.07796650861292839,0.022087509753316126,0.0361923053838305,0.025268591321049156,0.01680571394274053
2,0,0,0,0,0,0,0,0,0,0,0,2,1,0,0,0,1,0,0,0,0,0,0,0,0,0.0238794807414926,0.02970244136973129,0.03322827074095838,0.030236657941129334,0.081147497195363,0.02697793685560126,0.03066403119824777,0.035258293712270954,0.06570863828195951,0.06517442171056147,0.023184999198675144,0.0,0.0,0.08563491639510658,0.039905977883433946,0.08125434050964261,0.0,0.027779261712698327,0.04503445696885518,0.03296116245525936,0.10940755382231956,0.021208397884502378,0.035365137026550565,0.05101768256851327,0.025268443827127517
1,0,0,0,0,0,0,0,0,0,0,0,2,1,0,0,0,1,0,0,0,2,0,0,0,0,0.014372030269255587,0.011086994779140024,0.01736375901918226,0.00985510647034669,0.012729512524197807,0.008623218161553352,0.014078723529066698,0.027336188185604505,0.015017305097671144,0.018126356543673373,0.011614946911480026,0.0,0.0,0.020062181028920045,0.014958643749633366,0.708922391036546,0.0,0.01038305860268669,0.014430691617293365,0.012318883087933361,0.0,0.01179093095559336,0.01601454801431337,0.015075966445708923,0.015838563970200035
2,0,0,0,0,0,0,0,0,0,0,0,2,1,0,0,1,1,0,0,0,2,0,0,0,0,0.02422094225372914,0.025180918623541576,0.032454585733274255,0.03393147245606262,0.12302466400827057,0.024700930438635357,0.022707133362871067,0.023888642741101758,0.10039137498153891,0.08573327425786442,0.017316496824693547,0.0,0.0,0.17190961453256534,0.060626199970462265,0.0,0.0,0.04844188450745828,0.05257716733126569,0.0407620735489588,0.0,0.020491803278688523,0.03633141338059371,0.029833111800324916,0.025476295968099246
1,0,0,0,0,0,0,0,0,0,0,0,2,1,2,0,1,1,0,0,0,2,0,0,0,0,0.024573899771050622,0.01780717374713813,0.018010684304248282,0.03042482828796744,0.08929025693207836,0.01994403459679471,0.01475451539048588,0.019842279318239633,0.4930043245993386,0.022437038921394047,0.01231238870516408,0.0,0.0,0.0,0.01933350292546426,0.0,0.0,0.04762147036377512,0.04156703128974815,0.025947596031544135,0.0,0.013787840244212668,0.040956499618417706,0.03139150343424065,0.01699313151869753
2,0,0,0,0,0,0,0,0,1,0,0,2,1,2,0,1,1,0,0,0,2,0,0,0,0,0.0352383652638827,0.0345092956377334,0.03143100166065859,0.04086840293248005,0.11948641095224594,0.042326542184778645,0.04447324719510713,0.045647859370569886,0.0,0.12155210822633561,0.03892421726274859,0.0,0.0,0.0,0.045647859370569886,0.0,0.0,0.07639029527319859,0.07140831949451172,0.04961723844627162,0.0,0.048442626270808864,0.05877111264125724,0.050548827413017944,0.04471627040382357
1,0,0,0,0,0,0,0,0,1,2,0,2,1,2,0,1,1,0,0,0,2,0,0,0,0,0.006222222222222222,0.0074444444444444445,0.0074444444444444445,0.008333333333333333,0.8471111111111111,0.005833333333333334,0.007,0.006333333333333333,0.0,0.0,0.004888888888888889,0.0,0.0,0.0,0.010777777777777778,0.0,0.0,0.014388888888888889,0.019833333333333335,0.00788888888888889,0.0,0.0095,0.014888888888888889,0.012833333333333334,0.009277777777777777
1,0,0,0,0,0,0,0,0,0,0,0,0,0,0,0,0,0,0,0,0,0,0,0,0,0,0.0192,0.036333333333333336,0.042466666666666666,0.0348,0.05706666666666667,0.020733333333333333,0.03913333333333333,0.047933333333333335,0.056666666666666664,0.0348,0.03166666666666667,0.038266666666666664,0.0552,0.050866666666666664,0.0256,0.038933333333333334,0.0704,0.06046666666666667,0.041933333333333336,0.0172,0.05213333333333333,0.04253333333333333,0.024866666666666665,0.037066666666666664,0.023733333333333332
2,0,0,0,0,0,0,0,0,0,0,0,0,0,0,0,0,1,0,0,0,0,0,0,0,0,0.017315478044222985,0.025973217066334476,0.023668639053254437,0.04559327312363749,0.06976019931485518,0.020429772656493303,0.038554967299906574,0.04004982871379632,0.05256929305512301,0.03649953285580816,0.04708813453752725,0.04017440049828714,0.05854873871068203,0.08389909685456244,0.0485207100591716,0.062348178137651825,0.0,0.07916536904391155,0.04241669261912177,0.010713173466209903,0.04864528184366241,0.018810339458112738,0.04216754905014014,0.024540641544690128,0.022547492992837124
1,0,0,0,0,0,0,0,0,0,0,0,0,0,2,0,0,1,0,0,0,0,0,0,0,0,0.023063746482319833,0.03028263795423957,0.023491985806925242,0.02398140217790285,0.09531383824788939,0.02502141196623027,0.01872017618989355,0.052551082833720786,0.1387495411721522,0.05401933194665361,0.031077939557078185,0.022513153064970023,0.040866266976630365,0.0,0.023491985806925242,0.04331334883151841,0.0,0.052551082833720786,0.08381255352991558,0.026795546311024102,0.039520371956441945,0.025327297198091275,0.05163342713813777,0.05401933194665361,0.019882540070965373
2,0,0,0,0,0,0,0,0,1,0,0,0,0,2,0,0,1,0,0,0,0,0,0,0,0,0.028030346904499914,0.02750912144553194,0.02652458446748132,0.01610007528812185,0.10082816934036022,0.05032721376035212,0.03990270458099265,0.06538483813053803,0.0,0.07592517518966815,0.031215613598193085,0.042798401575259166,0.13007470898245208,0.0,0.01864828864307639,0.060462153240284935,0.0,0.040018532460763305,0.0474315167660856,0.032837203914982335,0.06306828053512481,0.021254415937916257,0.036775351827184805,0.02507673597034806,0.019806567440782998
1,0,0,0,0,0,0,0,0,1,0,0,0,2,2,0,0,1,0,0,0,0,0,0,0,0,0.030501594665120323,0.025398666280081184,0.030907509423021166,0.028935923456074226,0.04273702522470281,0.020179762249927517,0.03804001159756451,0.25752391997680485,0.0,0.048419831835314585,0.025398666280081184,0.03334299797042621,0.0,0.0,0.03769208466222093,0.028935923456074226,0.0,0.07805160916207596,0.053058857639895624,0.03867787764569441,0.03386488837344158,0.04337489127283271,0.04186720788634387,0.03804001159756451,0.025050739344737605
2,0,0,0,0,0,0,0,1,1,0,0,0,2,2,0,0,1,0,0,0,0,0,0,0,0,0.03914609053497942,0.04038065843621399,0.026440329218106996,0.021347736625514403,0.12011316872427984,0.04063786008230453,0.07145061728395062,0.0,0.0,0.11219135802469135,0.04686213991769547,0.1338477366255144,0.0,0.0,0.02998971193415638,0.0375,0.0,0.035699588477366255,0.0691358024691358,0.030709876543209877,0.036265432098765434,0.028292181069958847,0.030401234567901236,0.025308641975308643,0.0242798353909465
1,0,0,0,0,0,0,0,1,1,0,0,2,2,2,0,0,1,0,0,0,0,0,0,0,0,0.025169024487245045,0.045395148002954376,0.029202886199647747,0.020282938469405147,0.04084995170728936,0.029032441338560307,0.4338389864212261,0.0,0.0,0.047270041474916195,0.02391909550593716,0.0,0.0,0.0,0.01846485995113914,0.03692971990227828,0.0,0.03857735355945685,0.0503948639281859,0.031191409579001194,0.03050963013465144,0.02391909550593716,0.03692971990227828,0.018123970228964264,0.019998863700926083
2,0,0,0,0,0,0,1,1,1,0,0,2,2,2,0,0,1,0,0,0,0,0,0,0,0,0.03711066931742876,0.03176496576098962,0.025668212944554892,0.026905235255135853,0.09790148000883588,0.12493925336867683,0.0,0.0,0.0,0.10607466313231721,0.1537000220896841,0.0,0.0,0.0,0.022045504749282085,0.04250055224210294,0.0,0.052264192622045506,0.06388336646785951,0.026905235255135853,0.04700684780207643,0.03945217583388558,0.0406450187762315,0.028407333775127015,0.03282527059863044
1,0,0,0,0,0,0,1,1,1,0,2,2,2,2,0,0,1,0,0,0,0,0,0,0,0,0.020456759389544322,0.027925100119060506,0.011364866327524623,0.012230760904859833,0.024894469098387273,0.6698776923909514,0.0,0.0,0.0,0.025056824331637622,0.0,0.0,0.0,0.0,0.02088970667821193,0.02375798246563481,0.0,0.02554389003138868,0.02673449507522459,0.01753436519103799,0.019482627990042214,0.013854313237363351,0.028033336941227404,0.017696720424288343,0.01466608940361511
2,0,0,0,0,0,1,1,1,1,0,2,2,2,2,0,0,1,0,0,0,0,0,0,0,0,0.04153121233151916,0.0475946962778975,0.04017971289768784,0.04492822442196004,0.09741754027103043,0.0,0.0,0.0,0.0,0.09960916097454067,0.0,0.0,0.0,0.0,0.061803703838988935,0.06410490557767469,0.0,0.06710012053913869,0.06826898491434416,0.05862585381889908,0.06888994411367207,0.06074442049895898,0.06494502684735362,0.05541147678708405,0.0588450158892501
1,0,0,0,0,0,1,1,1,1,2,2,2,2,2,0,0,1,0,0,0,0,0,0,0,0,0.004513144533453684,0.005302944826808078,0.006318402346835158,0.006431230960171499,0.9068599796908496,0.0,0.0,0.0,0.0,0.0,0.0,0.0,0.0,0.0,0.005359359133476249,0.007277445560194065,0.0,0.009026289066907368,0.010380232426943473,0.0059799165068261315,0.007728760013539434,0.007615931400203091,0.006205573733498815,0.005359359133476249,0.005641430666817105
1,0,0,0,0,0,0,0,0,0,0,0,0,0,0,0,0,0,0,0,0,0,0,0,0,0,0.017133333333333334,0.030333333333333334,0.0356,0.0272,0.06386666666666667,0.025733333333333334,0.041666666666666664,0.0648,0.065,0.0418,0.024733333333333333,0.04986666666666666,0.07766666666666666,0.034333333333333334,0.021933333333333332,0.0448,0.066,0.0432,0.029533333333333335,0.027,0.059866666666666665,0.04953333333333333,0.025466666666666665,0.014866666666666667,0.01806666666666667
2,0,0,0,0,0,0,0,0,0,0,0,0,1,0,0,0,0,0,0,0,0,0,0,0,0,0.03829497649096758,0.01979707993071022,0.03241771838653799,0.03749072011878248,0.049307102202425145,0.023756495916852263,0.03854243999010146,0.033778767631774315,0.056978470675575356,0.03427369463004207,0.040336550358822075,0.05914377629299678,0.0,0.10801781737193764,0.04138827023014106,0.037985647117050235,0.05685473892600841,0.03161346201435288,0.042316258351893093,0.025550606285572878,0.06495916852264291,0.04076961148230636,0.03841870824053452,0.021219995050730016,0.026787923781242267
1,0,0,0,0,0,0,0,0,0,0,0,0,1,2,0,0,0,0,0,0,0,0,0,0,0,0.01851298895192595,0.0222753060615109,0.020722603762317108,0.0480740519558077,0.10068677217079726,0.022454464019110183,0.03415945058226336,0.024246043595103017,0.16703493580173187,0.05864437145416542,0.027829202747088683,0.056136160047775455,0.0,0.0,0.025858465213496565,0.03141236189907435,0.045924156464616304,0.0595998805613616,0.051537772469393846,0.022573902657509703,0.03499552105106002,0.03415945058226336,0.043356225739026574,0.026157061809495372,0.023648850403105406
2,0,0,0,0,0,0,0,0,1,0,0,0,1,2,0,0,0,0,0,0,0,0,0,0,0,0.024275118004045852,0.023095077545515846,0.02084738143403012,0.033659249269498766,0.09620139357158912,0.03158013036637446,0.04540346145201169,0.027309507754551585,0.0,0.11328388401888065,0.05546190155091032,0.07057765790065183,0.0,0.0,0.015059563946954372,0.076534052596089,0.07692739941559901,0.03607552258934592,0.03337828725556305,0.026747583726680152,0.07198246797033041,0.04405484378512025,0.03242301640818161,0.02899527983816588,0.016127219599910092
1,0,0,0,0,0,0,0,0,1,2,0,0,1,2,0,0,0,0,0,0,0,0,0,0,0,0.012342051131354687,0.009873640905083749,0.012870996179841316,0.011342932706435499,0.7113723185424625,0.010461357625624449,0.017396414928004703,0.011342932706435499,0.0,0.0,0.016691154863355862,0.014810461357625624,0.0,0.0,0.014222744637084925,0.014340287981193064,0.016573611519247723,0.021863062004114017,0.017396414928004703,0.010872759330002939,0.016691154863355862,0.012283279459300618,0.016808698207464,0.015927123126652953,0.014516602997355275
2,0,0,0,0,1,0,0,0,1,2,0,0,1,2,0,0,0,0,0,0,0,0,0,0,0,0.02287569641737077,0.04298417149393056,0.04704276279378666,0.027635317123565657,0.0,0.04833413275283179,0.04600966682655057,0.054200641995351066,0.0,0.0,0.050916872670922035,0.17975869829908128,0.0,0.0,0.024462236652769066,0.08235250710253478,0.10043168652916651,0.025421540050916874,0.01855883112570564,0.02730325056266834,0.09640999151385456,0.03693318082869055,0.02638084344906468,0.021399845035604916,0.020588126775633694
1,0,0,0,0,1,0,0,0,1,2,0,2,1,2,0,0,0,0,0,0,0,0,0,0,0,0.020532434200593832,0.03457299582305873,0.03960545518594937,0.02913793971113683,0.0,0.03472396960394545,0.08348850083035579,0.040008051934980624,0.0,0.0,0.01670776508479694,0.0,0.0,0.0,0.014946404307785214,0.0358814352574103,0.41955613708419304,0.01771425695737507,0.014745105933269588,0.01700971264657038,0.09546575411403553,0.03784409440893765,0.019073020985355543,0.014493482965125057,0.014493482965125057
2,0,0,0,0,1,0,0,0,1,2,0,2,1,2,0,0,1,0,0,0,0,0,0,0,0,0.041181007884813166,0.05707919094960576,0.05707919094960576,0.052194034967432294,0.0,0.05429379499485773,0.06303565306822077,0.06689235515941035,0.0,0.0,0.05266540966746658,0.0,0.0,0.0,0.03968117929379499,0.11942920809050395,0.0,0.038438464175522796,0.038438464175522796,0.04165238258484744,0.11775797051765513,0.04675179979430922,0.036895783339046966,0.04263798423037367,0.033896126157010625
1,0,0,0,0,1,0,0,0,1,2,0,2,1,2,0,2,1,0,0,0,0,0,0,0,0,0.008714719442257955,0.01248172720116946,0.013493759136399415,0.008433599460249635,0.0,0.011750815247947825,0.012931519172382774,0.017991678848532554,0.0,0.0,0.010457663330709547,0.0,0.0,0.0,0.005397503654559766,0.0,0.0,0.008489823456651299,0.00916451141347127,0.01062633531991454,0.8439221859889801,0.0060159676149780725,0.007590239514224671,0.0075340155178230065,0.0050039356797481165
1,0,0,0,0,0,0,0,0,0,0,0,0,0,0,0,0,0,0,0,0,0,0,0,0,0,0.02666666666666667,0.026866666666666667,0.04253333333333333,0.03333333333333333,0.05446666666666666,0.0204,0.0308,0.048,0.055733333333333336,0.0276,0.023333333333333334,0.052,0.06746666666666666,0.0632,0.037866666666666667,0.0364,0.06046666666666667,0.04646666666666667,0.037,0.023133333333333332,0.049133333333333334,0.0408,0.04013333333333333,0.0326,0.0236
2,0,0,0,0,0,0,0,0,0,0,0,0,1,0,0,0,0,0,0,0,0,0,0,0,0,0.016988320529635875,0.02423333957903941,0.030728873899194303,0.04503154081568921,0.05827243769908188,0.02385859721441509,0.041846230716382486,0.02298419836362501,0.03791143588782712,0.07825869714571232,0.040284804197114485,0.06782836799700206,0.0,0.10917494222721878,0.027855849103741177,0.044344513147211294,0.06620448441696333,0.040534632440197366,0.049840734495034664,0.03553806757853976,0.038848291799387924,0.026044594341390295,0.030166760352257824,0.025919680219848855,0.017300605833489476
1,0,0,0,0,0,0,0,0,0,0,0,0,1,2,0,0,0,0,0,0,0,0,0,0,0,0.02376545052845286,0.027825879261957367,0.027228757389383174,0.0282438645727593,0.06042873350450827,0.018451065862542543,0.02591508926971995,0.01964530960769093,0.26016599988057565,0.04144025795664895,0.029497820505165105,0.05266614916104377,0.0,0.0,0.021675523974443184,0.026751059891323817,0.05129276885412313,0.04209709201648056,0.05499492446408312,0.0282438645727593,0.03308055174061026,0.031050337373858004,0.03678270735057025,0.03069206425031349,0.02806472801098704
2,0,0,0,0,0,0,0,0,1,0,0,0,1,2,0,0,0,0,0,0,0,0,0,0,0,0.0211303988427361,0.033271337053110146,0.0257801198594751,0.0243852035544534,0.10317214300475305,0.030998140111593304,0.040400909278776605,0.03910932010746022,0.0,0.09971068402562513,0.03208307501549907,0.09888406695598265,0.0,0.0,0.022938623682579044,0.07382723703244472,0.06447613143211407,0.04215747055176689,0.03389129985534201,0.017617276296755528,0.09201281256457945,0.03048150444306675,0.02645174622855962,0.026090101260591032,0.0211303988427361
1,0,0,0,0,2,0,0,0,1,0,0,0,1,2,0,0,0,0,0,0,0,0,0,0,0,0.009237467639444575,0.010120028241939279,0.015003530242409979,0.01070840197693575,0.0,0.010884914097434691,0.01594492821840433,0.010061190868439632,0.0,0.6945163567898329,0.015062367615909626,0.019475170628383148,0.0,0.0,0.009590491880442456,0.021181454459872913,0.020240056483878558,0.02159331607437044,0.023240762532360557,0.015415391856907507,0.0204165686043775,0.012885384796422688,0.012826547422923041,0.017945398917392327,0.013650270651918098
2,0,0,0,0,2,0,0,0,1,1,0,0,1,2,0,0,0,0,0,0,0,0,0,0,0,0.024624109241502816,0.0361153602208708,0.04118941909487744,0.031675558706114985,0.0,0.03865238965787412,0.06939521695332612,0.053688019997761446,0.0,0.0,0.06066485094952057,0.2028504271909861,0.0,0.0,0.02186322426594038,0.08551281572958251,0.10424206245569526,0.020184307726747005,0.020520091034585682,0.023019811215162483,0.07368578144237585,0.03428720665597135,0.020520091034585682,0.016266835801962466,0.021042420624556954
1,0,0,0,0,2,0,0,0,1,1,0,2,1,2,0,0,0,0,0,0,0,0,0,0,0,0.021579565472695243,0.02006263456645136,0.04384419651595224,0.019377568995889608,0.0,0.024907026815423762,0.06405363084752398,0.03988060285770209,0.0,0.0,0.021873165002935995,0.0,0.0,0.0,0.010129183793305931,0.021677431982775493,0.48243296144059505,0.01996476805637111,0.023830495204541006,0.019377568995889608,0.0912115873947935,0.029653552554315912,0.016196907418281465,0.013603444901154825,0.01634370718340184
2,0,0,0,0,2,0,0,0,1,1,0,2,1,2,0,0,1,0,0,0,0,0,0,0,0,0.0418376377826052,0.054429157615254645,0.0635207981333977,0.04988333735618312,0.0,0.047871912462788636,0.0708826132432215,0.06307828465685092,0.0,0.0,0.04602140156086572,0.0,0.0,0.0,0.04670528602461984,0.11923726768042481,0.0,0.031418456834821785,0.042079008769812534,0.04042964035722906,0.11682355780835144,0.036809075549119,0.04111352482098318,0.04578003057365838,0.042079008769812534
1,0,0,0,0,2,0,0,0,1,1,0,2,1,2,0,2,1,0,0,0,0,0,0,0,0,0.008684518176251182,0.009909257919055838,0.013193787229304681,0.005845348772476758,0.0,0.009909257919055838,0.013583477147469799,0.022602015253576798,0.0,0.0,0.009129878082725603,0.0,0.0,0.0,0.0061793687023325725,0.0,0.0,0.010354617825530257,0.009630907977509325,0.007292768468518621,0.8437900128040973,0.007793798363302343,0.006958748538662807,0.006903078550353504,0.008239158269776763
2,0,0,0,0,0,0,0,0,0,0,0,0,0,0,0,0,0,0,0,0,0,0,0,0,0,0.026066666666666665,0.011666666666666667,0.0224,0.04766666666666667,0.045733333333333334,0.022933333333333333,0.039066666666666666,0.047933333333333335,0.068,0.024733333333333333,0.0332,0.0538,0.088,0.0526,0.023733333333333332,0.04206666666666667,0.08346666666666666,0.0322,0.0282,0.0184,0.07053333333333334,0.0328,0.033133333333333334,0.023866666666666668,0.0278
1,0,0,0,0,0,0,0,0,0,0,0,0,2,0,0,0,0,0,0,0,0,0,0,0,0,0.02763649733439549,0.015074453091488449,0.020834609963845823,0.02941356700778234,0.07647527422023408,0.015687235737483915,0.05962375145535878,0.09191739689931981,0.06869293461609167,0.036092897849132916,0.018751148967461242,0.034254549911146515,0.0,0.0354188369385379,0.039769593725105704,0.03437710644034561,0.0425271156320853,0.08217415282799191,0.03823763711011704,0.031864697591764204,0.05858202095716649,0.029536123536981432,0.05515043813959189,0.02996507138917826,0.027942888657393222
2,0,0,0,0,0,0,0,1,0,0,0,0,2,0,0,0,0,0,0,0,0,0,0,0,0,0.01418267773804473,0.023395357294381476,0.023516576762228014,0.03745681556457967,0.08285350627310746,0.03345657312564398,0.03751742529850294,0.0,0.23704466937390145,0.032608036850718225,0.03363840232741378,0.05418510212740166,0.0,0.02678950239408449,0.02333474756045821,0.03939632705012425,0.04551791017637433,0.05218498090793382,0.031092793502636523,0.029092672283168676,0.036123401418267774,0.034486938602339534,0.02175889447845324,0.027698648402933512,0.02266804048730226
1,0,0,0,0,0,0,0,1,2,0,0,0,2,0,0,0,0,0,0,0,0,0,0,0,0,0.026705446853516657,0.02765732416710735,0.024960338445267054,0.08593336858804865,0.09159175039661555,0.026335272342675832,0.034955050237969326,0.0,0.0,0.026335272342675832,0.02469592808038075,0.035589635113696456,0.0,0.02607086197778953,0.03654151242728715,0.034955050237969326,0.10005288207297726,0.09328397673188789,0.03194077207826547,0.030988894764674774,0.06916975145425701,0.07704918032786885,0.0503437334743522,0.023744050766790058,0.021099947117927023
2,0,0,0,0,0,0,0,1,2,0,0,0,2,0,0,0,1,0,0,0,0,0,0,0,0,0.01118939079983423,0.027351844177372565,0.01379432834053638,0.03789000059203126,0.05144751642886745,0.012965484577585697,0.027943875436623054,0.0,0.0,0.02409567225149488,0.03214729737730152,0.023385234740394292,0.0,0.029305547332899178,0.016576875259013676,0.035699484932804455,0.0,0.40518619383103427,0.04712568823633888,0.024687703510745368,0.04209342253270973,0.03131845361435084,0.04854656325854005,0.038600438103131844,0.018648984666390384
1,0,0,0,0,0,0,0,1,2,0,0,0,2,0,0,0,1,2,0,0,0,0,0,0,0,0.02907109829235911,0.03387813029345786,0.03996703749484961,0.11220986128279083,0.09902485922263425,0.03277938012177815,0.041020006409376,0.0,0.0,0.022844847319507394,0.03227578629309161,0.06519251018632971,0.0,0.023852034976880467,0.03245891132170489,0.04069953760930275,0.0,0.0,0.04042485006638282,0.040241725037769537,0.025820629034473287,0.09192876436386943,0.11916861237009568,0.043766881838575286,0.03337453646477132
2,0,0,0,0,0,0,0,1,2,0,0,0,2,0,0,0,1,2,0,0,0,0,1,0,0,0.01187365072150892,0.0208499034200659,0.014771048744460856,0.06646971935007386,0.07618452448585387,0.022554255198272925,0.025962958754686967,0.0,0.0,0.01636177707078741,0.01982729235314169,0.03715486876491308,0.0,0.01664583570048858,0.01636177707078741,0.02488353596182252,0.0,0.0,0.046301556641290764,0.025053971139643222,0.03505283490512442,0.47636632200886264,0.0,0.024258606976479944,0.02306556073173503
1,0,0,0,0,0,0,0,1,2,0,0,0,2,0,0,0,1,2,0,0,0,2,1,0,0,0.06025487512829285,0.05204413274033527,0.05067567567567568,0.1108450222374273,0.1094338008894971,0.05473828258638385,0.058715360930550804,0.0,0.0,0.03964249059185768,0.05405405405405406,0.07432432432432433,0.0,0.036477933629832364,0.03600752651385563,0.05088949709202874,0.0,0.0,0.04126753335614095,0.037718097844680123,0.05114608279165241,0.0,0.0,0.03356996236743072,0.04819534724598016
2,0,0,0,1,0,0,0,1,2,0,0,0,2,0,0,0,1,2,0,0,0,2,1,0,0,0.01193792280143255,0.008925018475356716,0.01210846455573873,0.0,0.8648740833380706,0.007560684440907282,0.012449548064351088,0.0,0.0,0.007390142686601103,0.008583934966744358,0.013643340344494343,0.0,0.003524529588994372,0.004888863623443806,0.007390142686601103,0.0,0.0,0.006310044909328634,0.007390142686601103,0.007674378943778069,0.0,0.0,0.008413393212438178,0.006935364675117958
2,0,0,0,0,0,0,0,0,0,0,0,0,0,0,0,0,0,0,0,0,0,0,0,0,0,0.028733333333333333,0.019533333333333333,0.0344,0.029733333333333334,0.06213333333333333,0.03493333333333333,0.034133333333333335,0.03726666666666666,0.07346666666666667,0.0388,0.03206666666666667,0.0728,0.07746666666666667,0.044066666666666664,0.031133333333333332,0.029266666666666667,0.0462,0.043666666666666666,0.036066666666666664,0.022333333333333334,0.0372,0.04686666666666667,0.027266666666666668,0.042333333333333334,0.018133333333333335
1,0,0,0,0,0,0,0,0,0,0,0,0,2,0,0,0,0,0,0,0,0,0,0,0,0,0.020667037930821114,0.03384691541365015,0.02840170781511045,0.05606088732132913,0.054575830703545575,0.03508446259513644,0.0433141513520203,0.07351030258028587,0.049316255182228826,0.03731204752181177,0.02376090588453685,0.04665552874203329,0.0,0.026483509683806694,0.033970670131798775,0.023451519089165273,0.08433884041829094,0.05507084957614009,0.028092321019738877,0.02376090588453685,0.06138234020172019,0.035579481467730954,0.057484066580038365,0.03626013241754842,0.031619330486974816
2,0,0,0,0,0,0,0,0,0,0,0,0,2,0,0,0,1,0,0,0,0,0,0,0,0,0.027074929715193742,0.029641853074196308,0.034164527563867494,0.021574379660188242,0.024630240801857963,0.02585258525852585,0.03233101087886566,0.05231634274538565,0.03288106588436621,0.031230900867864564,0.025180295807358515,0.03612027869453612,0.0,0.031780955873365116,0.023652365236523653,0.04742696491871409,0.0,0.3246546876909913,0.04889377826671556,0.02951961862852952,0.027563867497860897,0.02169661410585503,0.03324776922136658,0.021268793546021268,0.01729617406185063
1,0,0,0,0,0,0,0,0,0,0,0,0,2,0,0,0,1,2,0,0,0,0,0,0,0,0.02131849736595933,0.017872089015804244,0.035448771601595194,0.06868199497809069,0.0842400669587908,0.022844763921028015,0.045640293437053815,0.14238589926640738,0.061296834227758355,0.030377627886366994,0.04032297769681453,0.04519718379203387,0.0,0.02589729703116538,0.02766973561124514,0.02643887548618975,0.0,0.0,0.02368174880606568,0.016542760080744425,0.05154842203731968,0.06631874353798434,0.09132982127910984,0.02929447097631825,0.0256511250061543
2,0,0,0,0,0,0,0,1,0,0,0,0,2,0,0,0,1,2,0,0,0,0,0,0,0,0.021686881672349227,0.02509641719300207,0.019395226650271085,0.03862277122575597,0.13906433402269297,0.03375999105695601,0.04337376334469845,0.0,0.29215806830249846,0.02677323794086412,0.022972444245710134,0.09166620088312559,0.0,0.013749930132468838,0.03146833603487787,0.023307808395282546,0.0,0.0,0.025990721591861828,0.016544631378905595,0.015426750880330893,0.03633111620367783,0.050528198535576545,0.013638142082611368,0.01844502822648259
1,0,0,0,0,0,0,0,1,2,0,0,0,2,0,0,0,1,2,0,0,0,0,0,0,0,0.027044398299218828,0.030752496786314646,0.03159299911005636,0.13279936715119153,0.11153960249184218,0.025313952338574114,0.056066449124888756,0.0,0.0,0.027538811430831603,0.04331059032927915,0.0643725897359834,0.0,0.03223573618115297,0.024077919509542172,0.03208741224166914,0.0,0.0,0.04108573123702165,0.026500543854444773,0.04602986255314941,0.09685553248294275,0.08044101651339859,0.029763670523089092,0.04059131810540888
2,0,0,0,1,0,0,0,1,2,0,0,0,2,0,0,0,1,2,0,0,0,0,0,0,0,0.010291207237772123,0.011987560079163132,0.008764489680520215,0.0,0.8106870229007633,0.01147865422674583,0.015380265761945152,0.0,0.0,0.011535199321458864,0.012044105173876166,0.01769861464517953,0.0,0.005541419281877297,0.00882103477523325,0.010687022900763359,0.0,0.0,0.00916030534351145,0.010460842521911224,0.009216850438224485,0.012892281594571672,0.00899067005937235,0.007181227028555273,0.007181227028555273
1,0,0,0,1,2,0,0,1,2,0,0,0,2,0,0,0,1,2,0,0,0,0,0,0,0,0.03238341968911917,0.029963185164985,0.03449686392146169,0.0,0.0,0.03909871829833651,0.03449686392146169,0.0,0.0,0.031838014725934005,0.03732615216798473,0.046018543768748296,0.0,0.03211071720752659,0.042337060267248434,0.05859694573220616,0.0,0.0,0.07465230433596946,0.054608671938914645,0.05437005726752114,0.13798745568584675,0.1411917098445596,0.06817562039814562,0.050347695664030544
2,0,0,0,1,2,0,0,1,2,0,0,0,2,0,0,0,1,2,0,0,0,0,1,0,0,0.009926336137087927,0.011702627866882608,0.012225066610939868,0.0,0.0,0.011963847238911238,0.01886003866046706,0.0,0.0,0.01781516117235254,0.016091113316963584,0.01630008881458649,0.0,0.013687895094300193,0.017240478553889556,0.01771067342354109,0.0,0.0,0.036727443707225325,0.031398568517841285,0.025390522961182802,0.6990230395486129,0.0,0.027010083067760305,0.0169270153074552
2,0,0,0,0,0,0,0,0,0,0,0,0,0,0,0,0,0,0,0,0,0,0,0,0,0,0.0246,0.019466666666666667,0.0312,0.031733333333333336,0.05946666666666667,0.022133333333333335,0.0378,0.051666666666666666,0.050666666666666665,0.043333333333333335,0.031,0.03506666666666667,0.0602,0.05553333333333333,0.032733333333333337,0.040466666666666665,0.0438,0.05026666666666667,0.0494,0.034466666666666666,0.06926666666666667,0.027333333333333334,0.039733333333333336,0.031733333333333336,0.026933333333333333
1,0,0,0,0,0,0,0,0,0,0,0,0,0,0,0,0,0,0,0,0,2,0,0,0,0,0.022945504426985907,0.027746601820675895,0.03198653198653199,0.022696096770170843,0.07382466641725902,0.0170844244918319,0.07968574635241302,0.056490834268612046,0.04289811697219104,0.0409652076318743,0.024753709938895124,0.0819304152637486,0.06029430103504178,0.06734006734006734,0.020326724030427734,0.06821299413892007,0.07257762813318369,0.03173712432971692,0.03173712432971692,0.026748971193415638,0.0,0.026374859708193043,0.02450430228208006,0.02213492954233695,0.025003117595710188
2,0,0,0,0,0,0,0,0,0,0,0,1,0,0,0,0,0,0,0,0,2,0,0,0,0,0.020106663397290503,0.0213326794581009,0.020658370624655184,0.03279592962667811,0.08061055599828358,0.02482682523141053,0.03003739348985472,0.047262919144240786,0.06810519217801753,0.04566909826518727,0.072641451603016,0.0,0.16024029914791885,0.04107153803714829,0.03659657941519034,0.07270275240605652,0.027033654140869244,0.037883896279041256,0.031999019187151354,0.02482682523141053,0.0,0.019677557776006865,0.030098694292895238,0.023110402746275977,0.030711702323300435
1,0,0,0,0,0,0,0,0,0,0,0,1,2,0,0,0,0,0,0,0,2,0,0,0,0,0.017543859649122806,0.0265145063305513,0.04485323340714245,0.07182194969624708,0.07602339181286549,0.03111338216090388,0.030204962243797196,0.1528984272980185,0.09822290353716005,0.03446318060523477,0.04621586328280248,0.0,0.0,0.0324760120365639,0.03412252313631976,0.03860784647703401,0.0747743144268438,0.03798330778402317,0.04485323340714245,0.021404644296826206,0.0,0.023391812865497075,0.017259978425026967,0.02236984045875206,0.022880826662124567
2,0,0,0,0,0,0,0,1,0,0,0,1,2,0,0,0,0,0,0,0,2,0,0,0,0,0.01627854397467782,0.01769161202803527,0.013056748813022835,0.03035270178611802,0.08382319692516392,0.016108975808274927,0.031709247117341174,0.0,0.48276056974903914,0.03238751978295275,0.052566131584897126,0.0,0.0,0.02973095184264074,0.016222021252543524,0.038322405607054036,0.0308614062853267,0.013735021478634412,0.016108975808274927,0.01543070314266335,0.0,0.01599593036400633,0.01825683924937825,0.009156680985756274,0.019443816414198508
1,0,0,0,0,0,0,0,1,2,0,0,1,2,0,0,0,0,0,0,0,2,0,0,0,0,0.02340696686491079,0.027527612574341546,0.028037383177570093,0.08249787595581988,0.0853016142735769,0.029099405267629566,0.01656754460492778,0.0,0.0,0.029226847918436702,0.0483857264231096,0.0,0.0,0.03135089209855565,0.026465590484282073,0.04379779099405268,0.24995751911639763,0.0723874256584537,0.041291418861512316,0.04027187765505522,0.0,0.03372982158028887,0.037723024638912486,0.029949022939677144,0.02302463891248938
2,0,0,0,0,0,0,0,1,2,0,0,1,2,0,0,0,1,0,0,0,2,0,0,0,0,0.014892496288847389,0.019489536943925682,0.016712158214815878,0.07522865488674998,0.06115021788057271,0.0243260067997893,0.020973997988794714,0.0,0.0,0.019681080304553945,0.04496480390748456,0.0,0.0,0.03744672700282527,0.024709093521045826,0.043240913661830194,0.0,0.42809941100416604,0.04721543839486664,0.027103385528899106,0.0,0.021165541349422976,0.03141311114303501,0.02533160944308768,0.016855815735287074
1,0,0,0,0,0,0,0,1,2,0,0,1,2,0,0,0,1,2,0,0,2,0,0,0,0,0.03613350599440244,0.03630059735160199,0.026651071473328042,0.07222523914950499,0.07682025147249258,0.0473703997660721,0.04227411337148586,0.0,0.0,0.02489661222273278,0.05672751576924684,0.0,0.0,0.026901708509127365,0.03630059735160199,0.06424662684322653,0.0,0.0,0.053302142946656084,0.05255023183925812,0.0,0.1283679351685534,0.14403274990601111,0.03847278499519612,0.03642591586950165
2,0,0,0,0,0,0,0,1,2,0,0,1,2,0,0,0,1,2,0,0,2,0,1,0,0,0.012684989429175475,0.016154388247411503,0.014148642055618799,0.06391283135469182,0.06136499159754974,0.01593755082127175,0.01517861982978262,0.0,0.0,0.010299777741638207,0.027863609258958096,0.0,0.0,0.01230552393343091,0.015612294682062124,0.036591315661083104,0.0,0.0,0.03794654957445655,0.022605301675069116,0.0,0.6034043475903941,0.0,0.016696481812760882,0.0172927847346452
1,0,0,0,0,0,0,0,1,2,0,0,1,2,0,0,0,1,2,0,0,2,2,1,0,0,0.05235361653272101,0.060964408725602756,0.05973976272483735,0.08484500574052813,0.08465365480290854,0.06479142747799464,0.05870646766169154,0.0,0.0,0.05790279372368925,0.0689628779181018,0.0,0.0,0.05954841178721776,0.04986605434366628,0.06919249904324531,0.0,0.0,0.06012246460007654,0.05686949866054344,0.0,0.0,0.0,0.05790279372368925,0.053578262533486416
2,0,0,0,1,0,0,0,1,2,0,0,1,2,0,0,0,1,2,0,0,2,2,1,0,0,0.006563661710037175,0.004356412639405205,0.0055762081784386614,0.0,0.9250697026022305,0.006563661710037175,0.003775557620817844,0.0,0.0,0.0055762081784386614,0.00633131970260223,0.0,0.0,0.005285780669144981,0.004704925650557621,0.009526022304832713,0.0,0.0,0.004356412639405205,0.004356412639405205,0.0,0.0,0.0,0.0045306691449814125,0.0034270446096654277
1,0,0,0,0,0,0,0,0,0,0,0,0,0,0,0,0,0,0,0,0,0,0,0,0,0,0.024466666666666668,0.03626666666666667,0.017533333333333335,0.047733333333333336,0.04633333333333333,0.021133333333333334,0.03326666666666667,0.05466666666666667,0.07086666666666666,0.038066666666666665,0.020266666666666665,0.033133333333333334,0.07853333333333333,0.0706,0.0408,0.03233333333333333,0.0678,0.0402,0.03766666666666667,0.0254,0.059533333333333334,0.030133333333333335,0.0296,0.0286,0.015066666666666667
2,0,0,0,0,0,0,0,0,0,0,0,0,1,0,0,0,0,0,0,0,0,0,0,0,0,0.020275700067997775,0.025839154354948383,0.026828212894850715,0.023366508005192556,0.07498300055634542,0.026271867466155653,0.04073684861222723,0.04154045867589788,0.05427458737714039,0.05526364591704271,0.037213327563825185,0.06299066576002967,0.0,0.06750324534833406,0.03733695988131298,0.056376336774432836,0.08932434938492922,0.03628608518266675,0.045558508994251096,0.03362799035667924,0.046300302899177845,0.022130184830314644,0.02800271991098473,0.02614823514866786,0.021821104036595165
1,0,0,0,0,0,0,0,0,0,0,0,0,1,0,0,0,2,0,0,0,0,0,0,0,0,0.01751398686450985,0.025054731208951592,0.03144003891997081,0.02365604475796643,0.040379469715397714,0.0356360982729263,0.035332036000973,0.035879348090488934,0.04202140598394551,0.03375091218681586,0.029676477742641694,0.28229141328144003,0.0,0.05144733641449769,0.03198735100948674,0.021953296035027974,0.0,0.03855509608367794,0.034237411821941136,0.03654828508878619,0.030527852104110922,0.046643152517635615,0.020007297494526878,0.03296035027973729,0.022500608124543908
2,0,0,0,0,0,0,0,0,0,0,0,1,1,0,0,0,2,0,0,0,0,0,0,0,0,0.020823786976223207,0.030395601038643652,0.031108395702866453,0.03334860750470953,0.0686319433837381,0.02983554808818288,0.036607097398299475,0.01797260831933201,0.09841657756733364,0.041902143475383125,0.061096685504811364,0.0,0.0,0.13293620487755206,0.05850007637085688,0.07545440659844203,0.0,0.03920370653225396,0.053357772007535255,0.025864263530370146,0.03650526958912479,0.029682806374420855,0.020212820121175094,0.02998828980194491,0.02815538923680057
1,0,0,0,0,0,0,0,0,0,0,0,1,1,2,0,0,2,0,0,0,0,0,0,0,0,0.02169222032935832,0.020442930153321975,0.019363997728563315,0.021465076660988076,0.10562180579216354,0.014877910278250995,0.015616127200454287,0.018114707552526973,0.3721749006246451,0.030323679727427597,0.03236797274275979,0.0,0.0,0.0,0.020272572402044293,0.027995457126632595,0.0,0.07455990914253265,0.03793299261783078,0.03259511641113004,0.022998296422487224,0.02498580352072686,0.032935831913685404,0.02555366269165247,0.028109028960817718
2,0,0,0,0,0,0,0,0,1,0,0,1,1,2,0,0,2,0,0,0,0,0,0,0,0,0.03127174871247622,0.0368394191063889,0.03224609103141094,0.029647844847585023,0.08574212406625528,0.039205679023801794,0.033359625110193476,0.028673502528650304,0.0,0.10077483412981951,0.12313831021203545,0.0,0.0,0.0,0.031132556952628405,0.1292627476453394,0.0,0.04978425277223588,0.04198951422075813,0.029183872314758965,0.03257087180438918,0.0441701851250406,0.04124715816823644,0.03637544657356284,0.023384215654433257
1,0,0,0,0,0,0,0,0,1,0,0,1,1,2,0,2,2,0,0,0,0,0,0,0,0,0.018442507731234185,0.025639583919032892,0.020691594039921282,0.01726173741917346,0.04239527691875176,0.035816699465842004,0.04155186955299409,0.012819791959516446,0.0,0.049311217317964576,0.5122856339612033,0.0,0.0,0.0,0.023446724768062973,0.0,0.0,0.0328366601068316,0.025639583919032892,0.014000562271577172,0.031487208321619345,0.039527691875175706,0.022828226033174023,0.01726173741917346,0.016755692999718866
2,0,0,0,0,0,0,0,0,1,0,1,1,1,2,0,2,2,0,0,0,0,0,0,0,0,0.04168394856905848,0.0414765657403567,0.04052260472832849,0.04811281625881377,0.11057652426379096,0.052094566569888014,0.046951472418083784,0.046951472418083784,0.0,0.11099128992119453,0.0,0.0,0.0,0.0,0.05781833264205724,0.0,0.0,0.06818747407714641,0.06669431771049357,0.052094566569888014,0.0433015346329324,0.03678971381169639,0.054085441725425135,0.03654085441725425,0.04512650352550809
1,0,0,0,0,0,0,0,0,1,2,1,1,1,2,0,2,2,0,0,0,0,0,0,0,0,0.005148514851485149,0.006676096181046676,0.005657708628005658,0.005940594059405941,0.8683451202263084,0.005091937765205092,0.006676096181046676,0.004809052333804809,0.0,0.0,0.0,0.0,0.0,0.0,0.013352192362093352,0.0,0.0,0.01567185289957567,0.01437057991513437,0.006958981612446959,0.007977369165487977,0.00893917963224894,0.0076944837340876945,0.008543140028288543,0.008147100424328146
2,0,0,0,0,0,0,0,0,0,0,0,0,0,0,0,0,0,0,0,0,0,0,0,0,0,0.022133333333333335,0.0242,0.027733333333333332,0.03546666666666667,0.048,0.02666666666666667,0.03526666666666667,0.06026666666666667,0.06486666666666667,0.025666666666666667,0.0296,0.038533333333333336,0.06826666666666667,0.04133333333333333,0.042133333333333335,0.04613333333333333,0.07266666666666667,0.04686666666666667,0.0422,0.03386666666666667,0.05053333333333333,0.0432,0.022933333333333333,0.0248,0.02666666666666667
1,0,0,0,0,0,0,0,0,0,0,0,0,0,0,0,0,2,0,0,0,0,0,0,0,0,0.019827211138044625,0.02952327677295046,0.0397787308098701,0.03300391571881409,0.07626328547454783,0.03754117720181491,0.048356019640748336,0.06762384237677917,0.05419852072844801,0.03424700105662254,0.038722108272732925,0.08365964323450804,0.055814531667598984,0.052396046988625766,0.03691963453291069,0.023805084219031637,0.0,0.05419852072844801,0.02268630741500404,0.02392939275281248,0.04773447697184412,0.04773447697184412,0.03381192118838958,0.020386599540058423,0.01783827459755112
2,0,0,0,0,0,0,0,0,0,0,0,1,0,0,0,0,2,0,0,0,0,0,0,0,0,0.020985010706638114,0.027776078311410216,0.020556745182012847,0.043438360354848576,0.06809421841541756,0.02294279596206791,0.035851942490058124,0.05078005506271031,0.06827776078311411,0.054328540838176814,0.07304986234322423,0.0,0.15607219333129396,0.05646986846130315,0.039889874579382076,0.03872743958397063,0.0,0.022453349648210462,0.029427959620679105,0.026185377791373508,0.04007341694707862,0.029978586723768737,0.03346589171000306,0.02569593147751606,0.015478739675741817
1,0,0,0,0,0,0,0,0,0,0,0,1,2,0,0,0,2,0,0,0,0,0,0,0,0,0.024045584045584045,0.03264957264957265,0.041823361823361827,0.0652991452991453,0.08125356125356126,0.036125356125356126,0.03601139601139601,0.17282051282051283,0.07196581196581196,0.04290598290598291,0.0313960113960114,0.0,0.0,0.036125356125356126,0.026552706552706553,0.04831908831908832,0.0,0.026381766381766383,0.03378917378917379,0.021538461538461538,0.04210826210826211,0.057492877492877494,0.03054131054131054,0.02170940170940171,0.019145299145299145
2,0,0,0,0,0,0,0,1,0,0,0,1,2,0,0,0,2,0,0,0,0,0,0,0,0,0.00831854480922804,0.012366903283052351,0.015195208518189885,0.01802351375332742,0.06521739130434782,0.01342058562555457,0.01685891748003549,0.0,0.6672027506654836,0.015028837622005324,0.012976929902395741,0.0,0.0,0.016304347826086956,0.013864241348713398,0.018245341614906832,0.0,0.017080745341614908,0.010758651286601598,0.009760425909494233,0.016914374445430345,0.01846716947648625,0.01081410825199645,0.012255989352262645,0.010925022182786157
1,0,0,0,0,0,0,0,1,2,0,0,1,2,0,0,0,2,0,0,0,0,0,0,0,0,0.020717721050684423,0.03455419903810581,0.03399926008139105,0.07850536440991492,0.07225305216426194,0.038364779874213835,0.03214946355900851,0.0,0.0,0.018756936736958933,0.04295227524972253,0.0,0.0,0.03851276359600444,0.03407325194228635,0.03954864964853866,0.0,0.05726970033296337,0.04250832408435072,0.03551609322974473,0.12689604143544211,0.13551609322974473,0.04121346651868295,0.048427672955974846,0.02826489086200518
2,0,0,0,0,0,0,0,1,2,0,0,1,2,0,0,0,2,0,0,0,0,1,0,0,0,0.008519987139642053,0.016718465330618368,0.013074697245740006,0.08209195155931841,0.06205122709248741,0.014628657164291074,0.01602186260850927,0.0,0.0,0.01366413031829386,0.019933554817275746,0.0,0.0,0.021219590611938698,0.016932804629728862,0.023684492551709357,0.0,0.02138034508627157,0.024381095273818456,0.019879969992498126,0.5699817811595757,0.0,0.021219590611938698,0.019719215518165256,0.014896581288179188
1,0,0,0,0,0,0,0,1,2,0,0,1,2,0,0,0,2,0,0,0,2,1,0,0,0,0.05277734435949446,0.058550475893275084,0.051997191449524104,0.08593384303323451,0.08807926353565299,0.05258230613200187,0.056053986581369945,0.0,0.0,0.0504368856295834,0.06557185208300827,0.0,0.0,0.04212825713839913,0.04450772351380871,0.0678342955219223,0.0,0.04926665626462787,0.044741769386799815,0.04552192229677017,0.0,0.0,0.05741925417381807,0.03889062256202216,0.04770635044468716
2,0,0,0,0,1,0,0,1,2,0,0,1,2,0,0,0,2,0,0,0,2,1,0,0,0,0.004056324969577562,0.006663962450020281,0.005852697456104769,0.9129049081532132,0.0,0.005273222460450831,0.006779857449151069,0.0,0.0,0.005157327461320044,0.00602653995480095,0.0,0.0,0.0048675899634930755,0.006142434953931738,0.007127542446543431,0.0,0.003592744973054413,0.005447064959147012,0.00602653995480095,0.0,0.0,0.0036506924726198067,0.0055629599582778,0.0048675899634930755
